Terminals unused in grammar

    TK_CHOCO
    TK_STRING
    TK_BOOL
    TK_PARAM
    TK_ASSIGN
    TK_BEGIN
    TK_FROM
    TK_TO
    TK_UNION
    TK_INTERSEC


Grammar

    0 $accept: program $end

    1 $@1: ε

    2 program: $@1 decl_opt_cst decl_opt_fncs system_or_func

    3 $@2: ε

    4 program: $@2 choco_ctr

    5 system_or_func: TK_VARS decl_var_list ';' decl_opt_fncs decl_opt_goal decl_opt_ctrs
    6               | ε

    7 choco_ctr: ctr_blk_list

    8 decl_opt_cst: ε
    9             | TK_CONST
   10             | TK_CONST decl_cst_list ';'

   11 decl_cst_list: decl_cst
   12              | decl_cst_list ';' decl_cst

   13 decl_cst: TK_NEW_SYMBOL dimension equ_or_in expr
   14         | '*' TK_NEW_SYMBOL dimension equ_or_in expr

   15 decl_var_integer: TK_INT
   16                 | TK_INTEGER

   17 equ_or_in: TK_EQU
   18          | TK_IN

   19 decl_var_list: decl_var
   20              | decl_var_list ';' decl_var
   21              | decl_var_list ',' decl_var

   22 decl_var: TK_NEW_SYMBOL dimension
   23         | TK_NEW_SYMBOL dimension TK_IN expr
   24         | TK_NEW_SYMBOL dimension decl_var_integer TK_IN expr

   25 dimension: ε
   26          | '[' expr ']'
   27          | '[' expr ']' '[' expr ']'

   28 interval: '[' expr ',' expr ']'

   29 decl_opt_fncs: decl_opt_fncs function
   30              | ε

   31 $@3: ε

   32 function: TK_FUNCTION $@3 TK_NEW_SYMBOL '(' fnc_inpt_list ')' fnc_code TK_RETURN expr semicolon_opt TK_END

   33 semicolon_opt: ';'
   34              | ε

   35 fnc_inpt_list: fnc_inpt_list ',' fnc_input
   36              | fnc_input

   37 fnc_input: TK_NEW_SYMBOL dimension

   38 fnc_code: fnc_code fnc_assign ';'
   39         | ε

   40 fnc_assign: TK_NEW_SYMBOL TK_EQU expr
   41           | TK_CONSTANT TK_EQU expr

   42 decl_opt_goal: ε
   43              | TK_MINIMIZE expr semicolon_opt

   44 decl_opt_ctrs: ε

   45 $@4: ε

   46 decl_opt_ctrs: TK_CTRS $@4 ctr_blk_list TK_END
   47              | TK_CTRS semicolon_opt TK_END

   48 ctr_blk_list: ctr_blk_list1 semicolon_opt
   49             | ctr_blk_list2 semicolon_opt

   50 ctr_blk_list1: ctr_blk_list1 ';' ctr
   51              | ctr_blk_list2 semicolon_opt ctr
   52              | ctr

   53 ctr_blk_list2: ctr_blk_list1 ';' ctr_loop
   54              | ctr_blk_list2 semicolon_opt ctr_loop
   55              | ctr_loop

   56 $@5: ε

   57 ctr_loop: TK_FOR TK_NEW_SYMBOL TK_EQU expr ':' expr ';' $@5 ctr_blk_list TK_END

   58 ctr: expr TK_EQU expr
   59    | expr TK_LEQ expr
   60    | expr TK_GEQ expr
   61    | expr '<' expr
   62    | expr '>' expr
   63    | expr TK_IN expr
   64    | TK_INTEGER '(' expr ')'
   65    | '(' ctr ')'
   66    | TK_NEW_SYMBOL TK_EQU expr

   67 expr: expr '+' expr
   68     | expr '*' expr
   69     | expr '-' expr
   70     | expr '/' expr
   71     | TK_MAX '(' expr_row ')'
   72     | TK_MIN '(' expr_row ')'

   73 $@6: ε

   74 expr: TK_SUM '(' TK_NEW_SYMBOL TK_EQU expr ':' expr ',' $@6 expr ')'
   75     | TK_ATAN2 '(' expr ',' expr ')'
   76     | '-' expr
   77     | TK_ABS '(' expr ')'
   78     | TK_SIGN '(' expr ')'
   79     | expr '\''
   80     | TK_SQRT '(' expr ')'
   81     | TK_SQR '(' expr ')'
   82     | TK_POW '(' expr ',' expr ')'
   83     | TK_EXPO '(' expr ')'
   84     | TK_LOG '(' expr ')'
   85     | TK_COS '(' expr ')'
   86     | TK_SIN '(' expr ')'
   87     | TK_TAN '(' expr ')'
   88     | TK_ACOS '(' expr ')'
   89     | TK_ASIN '(' expr ')'
   90     | TK_ATAN '(' expr ')'
   91     | TK_COSH '(' expr ')'
   92     | TK_SINH '(' expr ')'
   93     | TK_TANH '(' expr ')'
   94     | TK_ACOSH '(' expr ')'
   95     | TK_ASINH '(' expr ')'
   96     | TK_ATANH '(' expr ')'
   97     | TK_FLOOR '(' expr ')'
   98     | TK_CEIL '(' expr ')'
   99     | TK_CHI '(' expr ',' expr ',' expr ')'
  100     | '+' expr
  101     | '(' expr ')'
  102     | '<' expr ',' expr '>'
  103     | expr '^' expr
  104     | expr '[' expr_index ']'
  105     | expr '(' expr_index ')'
  106     | expr '(' expr_index ',' expr_index ')'
  107     | '(' expr_row ')'
  108     | '(' expr_col ')'
  109     | TK_ENTITY
  110     | TK_ITERATOR
  111     | TK_EXPR_TMP_SYMBOL
  112     | TK_CONSTANT
  113     | TK_FUNC_SYMBOL '(' expr ')'
  114     | TK_FUNC_SYMBOL '(' expr_row ')'
  115     | TK_FLOAT
  116     | TK_PI
  117     | TK_INFINITY
  118     | TK_INT_CST
  119     | interval
  120     | TK_INF '(' expr ')'
  121     | TK_MID '(' expr ')'
  122     | TK_SUP '(' expr ')'
  123     | TK_DIFF '(' expr_row ')'
  124     | TK_UNARY_OP '(' expr ')'
  125     | TK_BINARY_OP '(' expr ',' expr ')'

  126 expr_row: expr_row ',' expr
  127         | expr ',' expr

  128 expr_col: expr_col ';' expr
  129         | expr ';' expr

  130 expr_index: ':'
  131           | expr
  132           | expr ':' expr


Terminals, with rules where they appear

    $end (0) 0
    '\'' (39) 79
    '(' (40) 32 64 65 71 72 74 75 77 78 80 81 82 83 84 85 86 87 88 89 90 91 92 93 94 95 96 97 98 99 101 105 106 107 108 113 114 120 121 122 123 124 125
    ')' (41) 32 64 65 71 72 74 75 77 78 80 81 82 83 84 85 86 87 88 89 90 91 92 93 94 95 96 97 98 99 101 105 106 107 108 113 114 120 121 122 123 124 125
    '*' (42) 14 68
    '+' (43) 67 100
    ',' (44) 21 28 35 74 75 82 99 102 106 125 126 127
    '-' (45) 69 76
    '/' (47) 70
    ':' (58) 57 74 130 132
    ';' (59) 5 10 12 20 33 38 50 53 57 128 129
    '<' (60) 61 102
    '>' (62) 62 102
    '[' (91) 26 27 28 104
    ']' (93) 26 27 28 104
    '^' (94) 103
    error (256)
    TK_CHOCO (258)
    TK_CONSTANT <str> (259) 41 112
    TK_NEW_SYMBOL <str> (260) 13 14 22 23 24 32 37 40 57 66 74
    TK_FUNC_SYMBOL <str> (261) 113 114
    TK_EXPR_TMP_SYMBOL <str> (262) 111
    TK_ENTITY <str> (263) 109
    TK_ITERATOR <str> (264) 110
    TK_UNARY_OP <str> (265) 124
    TK_BINARY_OP <str> (266) 125
    TK_STRING <str> (267)
    TK_INT_CST <itg> (268) 118
    TK_FLOAT <real> (269) 115
    TK_PI (270) 116
    TK_INFINITY (271) 117
    TK_BOOL <_bool> (272)
    TK_PARAM (273)
    TK_CONST (274) 9 10
    TK_VARS (275) 5
    TK_FUNCTION (276) 32
    TK_DIFF (277) 123
    TK_MIN (278) 72
    TK_MAX (279) 71
    TK_INF (280) 120
    TK_MID (281) 121
    TK_SUP (282) 122
    TK_SIGN (283) 78
    TK_ABS (284) 77
    TK_SUM (285) 74
    TK_SQRT (286) 80
    TK_SQR (287) 81
    TK_POW (288) 82
    TK_EXPO (289) 83
    TK_LOG (290) 84
    TK_COS (291) 85
    TK_SIN (292) 86
    TK_TAN (293) 87
    TK_ACOS (294) 88
    TK_ASIN (295) 89
    TK_ATAN (296) 90
    TK_ATAN2 (297) 75
    TK_COSH (298) 91
    TK_SINH (299) 92
    TK_TANH (300) 93
    TK_ACOSH (301) 94
    TK_ASINH (302) 95
    TK_ATANH (303) 96
    TK_FLOOR (304) 97
    TK_CEIL (305) 98
    TK_INTEGER (306) 16 64
    TK_LEQ (307) 59
    TK_GEQ (308) 60
    TK_EQU (309) 17 40 41 57 58 66 74
    TK_ASSIGN (310)
    TK_CHI (311) 99
    TK_BEGIN (312)
    TK_END (313) 32 46 47 57
    TK_FOR (314) 57
    TK_FROM (315)
    TK_TO (316)
    TK_RETURN (317) 32
    TK_CTRS (318) 46 47
    TK_MINIMIZE (319) 43
    TK_IN (320) 18 23 24 63
    TK_INT (321) 15
    TK_UNION (322)
    TK_INTERSEC (323)


Nonterminals, with rules where they appear

    $accept (84)
        on left: 0
    program (85)
        on left: 2 4
        on right: 0
    $@1 (86)
        on left: 1
        on right: 2
    $@2 (87)
        on left: 3
        on right: 4
    system_or_func (88)
        on left: 5 6
        on right: 2
    choco_ctr (89)
        on left: 7
        on right: 4
    decl_opt_cst (90)
        on left: 8 9 10
        on right: 2
    decl_cst_list (91)
        on left: 11 12
        on right: 10 12
    decl_cst (92)
        on left: 13 14
        on right: 11 12
    decl_var_integer (93)
        on left: 15 16
        on right: 24
    equ_or_in (94)
        on left: 17 18
        on right: 13 14
    decl_var_list (95)
        on left: 19 20 21
        on right: 5 20 21
    decl_var (96)
        on left: 22 23 24
        on right: 19 20 21
    dimension <dim> (97)
        on left: 25 26 27
        on right: 13 14 22 23 24 37
    interval <itv> (98)
        on left: 28
        on right: 119
    decl_opt_fncs (99)
        on left: 29 30
        on right: 2 5 29
    function (100)
        on left: 32
        on right: 29
    $@3 (101)
        on left: 31
        on right: 32
    semicolon_opt (102)
        on left: 33 34
        on right: 32 43 47 48 49 51 54
    fnc_inpt_list (103)
        on left: 35 36
        on right: 32 35
    fnc_input (104)
        on left: 37
        on right: 35 36
    fnc_code (105)
        on left: 38 39
        on right: 32 38
    fnc_assign (106)
        on left: 40 41
        on right: 38
    decl_opt_goal (107)
        on left: 42 43
        on right: 5
    decl_opt_ctrs (108)
        on left: 44 46 47
        on right: 5
    $@4 (109)
        on left: 45
        on right: 46
    ctr_blk_list <constraints> (110)
        on left: 48 49
        on right: 7 46 57
    ctr_blk_list1 <constraints> (111)
        on left: 50 51 52
        on right: 48 50 53
    ctr_blk_list2 <constraints> (112)
        on left: 53 54 55
        on right: 49 51 54
    ctr_loop <constraint> (113)
        on left: 57
        on right: 53 54 55
    $@5 (114)
        on left: 56
        on right: 57
    ctr <constraint> (115)
        on left: 58 59 60 61 62 63 64 65 66
        on right: 50 51 52 65
    expr <expression> (116)
        on left: 67 68 69 70 71 72 74 75 76 77 78 79 80 81 82 83 84 85 86 87 88 89 90 91 92 93 94 95 96 97 98 99 100 101 102 103 104 105 106 107 108 109 110 111 112 113 114 115 116 117 118 119 120 121 122 123 124 125
        on right: 13 14 23 24 26 27 28 32 40 41 43 57 58 59 60 61 62 63 64 66 67 68 69 70 74 75 76 77 78 79 80 81 82 83 84 85 86 87 88 89 90 91 92 93 94 95 96 97 98 99 100 101 102 103 104 105 106 113 120 121 122 124 125 126 127 128 129 131 132
    $@6 (117)
        on left: 73
        on right: 74
    expr_row <expressions> (118)
        on left: 126 127
        on right: 71 72 107 114 123 126
    expr_col <expressions> (119)
        on left: 128 129
        on right: 108 128
    expr_index <expression> (120)
        on left: 130 131 132
        on right: 104 105 106


State 0

    0 $accept: • program $end
    1 $@1: ε •  [$end, TK_CONST, TK_VARS, TK_FUNCTION]
    2 program: • $@1 decl_opt_cst decl_opt_fncs system_or_func
    3 $@2: ε •  [TK_CONSTANT, TK_NEW_SYMBOL, TK_FUNC_SYMBOL, TK_EXPR_TMP_SYMBOL, TK_ENTITY, TK_ITERATOR, TK_UNARY_OP, TK_BINARY_OP, TK_INT_CST, TK_FLOAT, TK_PI, TK_INFINITY, TK_DIFF, TK_MIN, TK_MAX, TK_INF, TK_MID, TK_SUP, TK_SIGN, TK_ABS, TK_SUM, TK_SQRT, TK_SQR, TK_POW, TK_EXPO, TK_LOG, TK_COS, TK_SIN, TK_TAN, TK_ACOS, TK_ASIN, TK_ATAN, TK_ATAN2, TK_COSH, TK_SINH, TK_TANH, TK_ACOSH, TK_ASINH, TK_ATANH, TK_FLOOR, TK_CEIL, TK_INTEGER, TK_CHI, TK_FOR, '<', '+', '-', '[', '(']
    4 program: • $@2 choco_ctr

    $end         reduce using rule 1 ($@1)
    TK_CONST     reduce using rule 1 ($@1)
    TK_VARS      reduce using rule 1 ($@1)
    TK_FUNCTION  reduce using rule 1 ($@1)
    $default     reduce using rule 3 ($@2)

    program  go to state 1
    $@1      go to state 2
    $@2      go to state 3


State 1

    0 $accept: program • $end

    $end  shift, and go to state 4


State 2

    2 program: $@1 • decl_opt_cst decl_opt_fncs system_or_func
    8 decl_opt_cst: ε •  [$end, TK_VARS, TK_FUNCTION]
    9             | • TK_CONST
   10             | • TK_CONST decl_cst_list ';'

    TK_CONST  shift, and go to state 5

    $default  reduce using rule 8 (decl_opt_cst)

    decl_opt_cst  go to state 6


State 3

    4 program: $@2 • choco_ctr
    7 choco_ctr: • ctr_blk_list
   28 interval: • '[' expr ',' expr ']'
   48 ctr_blk_list: • ctr_blk_list1 semicolon_opt
   49             | • ctr_blk_list2 semicolon_opt
   50 ctr_blk_list1: • ctr_blk_list1 ';' ctr
   51              | • ctr_blk_list2 semicolon_opt ctr
   52              | • ctr
   53 ctr_blk_list2: • ctr_blk_list1 ';' ctr_loop
   54              | • ctr_blk_list2 semicolon_opt ctr_loop
   55              | • ctr_loop
   57 ctr_loop: • TK_FOR TK_NEW_SYMBOL TK_EQU expr ':' expr ';' $@5 ctr_blk_list TK_END
   58 ctr: • expr TK_EQU expr
   59    | • expr TK_LEQ expr
   60    | • expr TK_GEQ expr
   61    | • expr '<' expr
   62    | • expr '>' expr
   63    | • expr TK_IN expr
   64    | • TK_INTEGER '(' expr ')'
   65    | • '(' ctr ')'
   66    | • TK_NEW_SYMBOL TK_EQU expr
   67 expr: • expr '+' expr
   68     | • expr '*' expr
   69     | • expr '-' expr
   70     | • expr '/' expr
   71     | • TK_MAX '(' expr_row ')'
   72     | • TK_MIN '(' expr_row ')'
   74     | • TK_SUM '(' TK_NEW_SYMBOL TK_EQU expr ':' expr ',' $@6 expr ')'
   75     | • TK_ATAN2 '(' expr ',' expr ')'
   76     | • '-' expr
   77     | • TK_ABS '(' expr ')'
   78     | • TK_SIGN '(' expr ')'
   79     | • expr '\''
   80     | • TK_SQRT '(' expr ')'
   81     | • TK_SQR '(' expr ')'
   82     | • TK_POW '(' expr ',' expr ')'
   83     | • TK_EXPO '(' expr ')'
   84     | • TK_LOG '(' expr ')'
   85     | • TK_COS '(' expr ')'
   86     | • TK_SIN '(' expr ')'
   87     | • TK_TAN '(' expr ')'
   88     | • TK_ACOS '(' expr ')'
   89     | • TK_ASIN '(' expr ')'
   90     | • TK_ATAN '(' expr ')'
   91     | • TK_COSH '(' expr ')'
   92     | • TK_SINH '(' expr ')'
   93     | • TK_TANH '(' expr ')'
   94     | • TK_ACOSH '(' expr ')'
   95     | • TK_ASINH '(' expr ')'
   96     | • TK_ATANH '(' expr ')'
   97     | • TK_FLOOR '(' expr ')'
   98     | • TK_CEIL '(' expr ')'
   99     | • TK_CHI '(' expr ',' expr ',' expr ')'
  100     | • '+' expr
  101     | • '(' expr ')'
  102     | • '<' expr ',' expr '>'
  103     | • expr '^' expr
  104     | • expr '[' expr_index ']'
  105     | • expr '(' expr_index ')'
  106     | • expr '(' expr_index ',' expr_index ')'
  107     | • '(' expr_row ')'
  108     | • '(' expr_col ')'
  109     | • TK_ENTITY
  110     | • TK_ITERATOR
  111     | • TK_EXPR_TMP_SYMBOL
  112     | • TK_CONSTANT
  113     | • TK_FUNC_SYMBOL '(' expr ')'
  114     | • TK_FUNC_SYMBOL '(' expr_row ')'
  115     | • TK_FLOAT
  116     | • TK_PI
  117     | • TK_INFINITY
  118     | • TK_INT_CST
  119     | • interval
  120     | • TK_INF '(' expr ')'
  121     | • TK_MID '(' expr ')'
  122     | • TK_SUP '(' expr ')'
  123     | • TK_DIFF '(' expr_row ')'
  124     | • TK_UNARY_OP '(' expr ')'
  125     | • TK_BINARY_OP '(' expr ',' expr ')'

    TK_CONSTANT         shift, and go to state 7
    TK_NEW_SYMBOL       shift, and go to state 8
    TK_FUNC_SYMBOL      shift, and go to state 9
    TK_EXPR_TMP_SYMBOL  shift, and go to state 10
    TK_ENTITY           shift, and go to state 11
    TK_ITERATOR         shift, and go to state 12
    TK_UNARY_OP         shift, and go to state 13
    TK_BINARY_OP        shift, and go to state 14
    TK_INT_CST          shift, and go to state 15
    TK_FLOAT            shift, and go to state 16
    TK_PI               shift, and go to state 17
    TK_INFINITY         shift, and go to state 18
    TK_DIFF             shift, and go to state 19
    TK_MIN              shift, and go to state 20
    TK_MAX              shift, and go to state 21
    TK_INF              shift, and go to state 22
    TK_MID              shift, and go to state 23
    TK_SUP              shift, and go to state 24
    TK_SIGN             shift, and go to state 25
    TK_ABS              shift, and go to state 26
    TK_SUM              shift, and go to state 27
    TK_SQRT             shift, and go to state 28
    TK_SQR              shift, and go to state 29
    TK_POW              shift, and go to state 30
    TK_EXPO             shift, and go to state 31
    TK_LOG              shift, and go to state 32
    TK_COS              shift, and go to state 33
    TK_SIN              shift, and go to state 34
    TK_TAN              shift, and go to state 35
    TK_ACOS             shift, and go to state 36
    TK_ASIN             shift, and go to state 37
    TK_ATAN             shift, and go to state 38
    TK_ATAN2            shift, and go to state 39
    TK_COSH             shift, and go to state 40
    TK_SINH             shift, and go to state 41
    TK_TANH             shift, and go to state 42
    TK_ACOSH            shift, and go to state 43
    TK_ASINH            shift, and go to state 44
    TK_ATANH            shift, and go to state 45
    TK_FLOOR            shift, and go to state 46
    TK_CEIL             shift, and go to state 47
    TK_INTEGER          shift, and go to state 48
    TK_CHI              shift, and go to state 49
    TK_FOR              shift, and go to state 50
    '<'                 shift, and go to state 51
    '+'                 shift, and go to state 52
    '-'                 shift, and go to state 53
    '['                 shift, and go to state 54
    '('                 shift, and go to state 55

    choco_ctr      go to state 56
    interval       go to state 57
    ctr_blk_list   go to state 58
    ctr_blk_list1  go to state 59
    ctr_blk_list2  go to state 60
    ctr_loop       go to state 61
    ctr            go to state 62
    expr           go to state 63


State 4

    0 $accept: program $end •

    $default  accept


State 5

    9 decl_opt_cst: TK_CONST •  [$end, TK_VARS, TK_FUNCTION]
   10             | TK_CONST • decl_cst_list ';'
   11 decl_cst_list: • decl_cst
   12              | • decl_cst_list ';' decl_cst
   13 decl_cst: • TK_NEW_SYMBOL dimension equ_or_in expr
   14         | • '*' TK_NEW_SYMBOL dimension equ_or_in expr

    TK_NEW_SYMBOL  shift, and go to state 64
    '*'            shift, and go to state 65

    $default  reduce using rule 9 (decl_opt_cst)

    decl_cst_list  go to state 66
    decl_cst       go to state 67


State 6

    2 program: $@1 decl_opt_cst • decl_opt_fncs system_or_func
   29 decl_opt_fncs: • decl_opt_fncs function
   30              | ε •

    $default  reduce using rule 30 (decl_opt_fncs)

    decl_opt_fncs  go to state 68


State 7

  112 expr: TK_CONSTANT •

    $default  reduce using rule 112 (expr)


State 8

   66 ctr: TK_NEW_SYMBOL • TK_EQU expr

    TK_EQU  shift, and go to state 69


State 9

  113 expr: TK_FUNC_SYMBOL • '(' expr ')'
  114     | TK_FUNC_SYMBOL • '(' expr_row ')'

    '('  shift, and go to state 70


State 10

  111 expr: TK_EXPR_TMP_SYMBOL •

    $default  reduce using rule 111 (expr)


State 11

  109 expr: TK_ENTITY •

    $default  reduce using rule 109 (expr)


State 12

  110 expr: TK_ITERATOR •

    $default  reduce using rule 110 (expr)


State 13

  124 expr: TK_UNARY_OP • '(' expr ')'

    '('  shift, and go to state 71


State 14

  125 expr: TK_BINARY_OP • '(' expr ',' expr ')'

    '('  shift, and go to state 72


State 15

  118 expr: TK_INT_CST •

    $default  reduce using rule 118 (expr)


State 16

  115 expr: TK_FLOAT •

    $default  reduce using rule 115 (expr)


State 17

  116 expr: TK_PI •

    $default  reduce using rule 116 (expr)


State 18

  117 expr: TK_INFINITY •

    $default  reduce using rule 117 (expr)


State 19

  123 expr: TK_DIFF • '(' expr_row ')'

    '('  shift, and go to state 73


State 20

   72 expr: TK_MIN • '(' expr_row ')'

    '('  shift, and go to state 74


State 21

   71 expr: TK_MAX • '(' expr_row ')'

    '('  shift, and go to state 75


State 22

  120 expr: TK_INF • '(' expr ')'

    '('  shift, and go to state 76


State 23

  121 expr: TK_MID • '(' expr ')'

    '('  shift, and go to state 77


State 24

  122 expr: TK_SUP • '(' expr ')'

    '('  shift, and go to state 78


State 25

   78 expr: TK_SIGN • '(' expr ')'

    '('  shift, and go to state 79


State 26

   77 expr: TK_ABS • '(' expr ')'

    '('  shift, and go to state 80


State 27

   74 expr: TK_SUM • '(' TK_NEW_SYMBOL TK_EQU expr ':' expr ',' $@6 expr ')'

    '('  shift, and go to state 81


State 28

   80 expr: TK_SQRT • '(' expr ')'

    '('  shift, and go to state 82


State 29

   81 expr: TK_SQR • '(' expr ')'

    '('  shift, and go to state 83


State 30

   82 expr: TK_POW • '(' expr ',' expr ')'

    '('  shift, and go to state 84


State 31

   83 expr: TK_EXPO • '(' expr ')'

    '('  shift, and go to state 85


State 32

   84 expr: TK_LOG • '(' expr ')'

    '('  shift, and go to state 86


State 33

   85 expr: TK_COS • '(' expr ')'

    '('  shift, and go to state 87


State 34

   86 expr: TK_SIN • '(' expr ')'

    '('  shift, and go to state 88


State 35

   87 expr: TK_TAN • '(' expr ')'

    '('  shift, and go to state 89


State 36

   88 expr: TK_ACOS • '(' expr ')'

    '('  shift, and go to state 90


State 37

   89 expr: TK_ASIN • '(' expr ')'

    '('  shift, and go to state 91


State 38

   90 expr: TK_ATAN • '(' expr ')'

    '('  shift, and go to state 92


State 39

   75 expr: TK_ATAN2 • '(' expr ',' expr ')'

    '('  shift, and go to state 93


State 40

   91 expr: TK_COSH • '(' expr ')'

    '('  shift, and go to state 94


State 41

   92 expr: TK_SINH • '(' expr ')'

    '('  shift, and go to state 95


State 42

   93 expr: TK_TANH • '(' expr ')'

    '('  shift, and go to state 96


State 43

   94 expr: TK_ACOSH • '(' expr ')'

    '('  shift, and go to state 97


State 44

   95 expr: TK_ASINH • '(' expr ')'

    '('  shift, and go to state 98


State 45

   96 expr: TK_ATANH • '(' expr ')'

    '('  shift, and go to state 99


State 46

   97 expr: TK_FLOOR • '(' expr ')'

    '('  shift, and go to state 100


State 47

   98 expr: TK_CEIL • '(' expr ')'

    '('  shift, and go to state 101


State 48

   64 ctr: TK_INTEGER • '(' expr ')'

    '('  shift, and go to state 102


State 49

   99 expr: TK_CHI • '(' expr ',' expr ',' expr ')'

    '('  shift, and go to state 103


State 50

   57 ctr_loop: TK_FOR • TK_NEW_SYMBOL TK_EQU expr ':' expr ';' $@5 ctr_blk_list TK_END

    TK_NEW_SYMBOL  shift, and go to state 104


State 51

   28 interval: • '[' expr ',' expr ']'
   67 expr: • expr '+' expr
   68     | • expr '*' expr
   69     | • expr '-' expr
   70     | • expr '/' expr
   71     | • TK_MAX '(' expr_row ')'
   72     | • TK_MIN '(' expr_row ')'
   74     | • TK_SUM '(' TK_NEW_SYMBOL TK_EQU expr ':' expr ',' $@6 expr ')'
   75     | • TK_ATAN2 '(' expr ',' expr ')'
   76     | • '-' expr
   77     | • TK_ABS '(' expr ')'
   78     | • TK_SIGN '(' expr ')'
   79     | • expr '\''
   80     | • TK_SQRT '(' expr ')'
   81     | • TK_SQR '(' expr ')'
   82     | • TK_POW '(' expr ',' expr ')'
   83     | • TK_EXPO '(' expr ')'
   84     | • TK_LOG '(' expr ')'
   85     | • TK_COS '(' expr ')'
   86     | • TK_SIN '(' expr ')'
   87     | • TK_TAN '(' expr ')'
   88     | • TK_ACOS '(' expr ')'
   89     | • TK_ASIN '(' expr ')'
   90     | • TK_ATAN '(' expr ')'
   91     | • TK_COSH '(' expr ')'
   92     | • TK_SINH '(' expr ')'
   93     | • TK_TANH '(' expr ')'
   94     | • TK_ACOSH '(' expr ')'
   95     | • TK_ASINH '(' expr ')'
   96     | • TK_ATANH '(' expr ')'
   97     | • TK_FLOOR '(' expr ')'
   98     | • TK_CEIL '(' expr ')'
   99     | • TK_CHI '(' expr ',' expr ',' expr ')'
  100     | • '+' expr
  101     | • '(' expr ')'
  102     | • '<' expr ',' expr '>'
  102     | '<' • expr ',' expr '>'
  103     | • expr '^' expr
  104     | • expr '[' expr_index ']'
  105     | • expr '(' expr_index ')'
  106     | • expr '(' expr_index ',' expr_index ')'
  107     | • '(' expr_row ')'
  108     | • '(' expr_col ')'
  109     | • TK_ENTITY
  110     | • TK_ITERATOR
  111     | • TK_EXPR_TMP_SYMBOL
  112     | • TK_CONSTANT
  113     | • TK_FUNC_SYMBOL '(' expr ')'
  114     | • TK_FUNC_SYMBOL '(' expr_row ')'
  115     | • TK_FLOAT
  116     | • TK_PI
  117     | • TK_INFINITY
  118     | • TK_INT_CST
  119     | • interval
  120     | • TK_INF '(' expr ')'
  121     | • TK_MID '(' expr ')'
  122     | • TK_SUP '(' expr ')'
  123     | • TK_DIFF '(' expr_row ')'
  124     | • TK_UNARY_OP '(' expr ')'
  125     | • TK_BINARY_OP '(' expr ',' expr ')'

    TK_CONSTANT         shift, and go to state 7
    TK_FUNC_SYMBOL      shift, and go to state 9
    TK_EXPR_TMP_SYMBOL  shift, and go to state 10
    TK_ENTITY           shift, and go to state 11
    TK_ITERATOR         shift, and go to state 12
    TK_UNARY_OP         shift, and go to state 13
    TK_BINARY_OP        shift, and go to state 14
    TK_INT_CST          shift, and go to state 15
    TK_FLOAT            shift, and go to state 16
    TK_PI               shift, and go to state 17
    TK_INFINITY         shift, and go to state 18
    TK_DIFF             shift, and go to state 19
    TK_MIN              shift, and go to state 20
    TK_MAX              shift, and go to state 21
    TK_INF              shift, and go to state 22
    TK_MID              shift, and go to state 23
    TK_SUP              shift, and go to state 24
    TK_SIGN             shift, and go to state 25
    TK_ABS              shift, and go to state 26
    TK_SUM              shift, and go to state 27
    TK_SQRT             shift, and go to state 28
    TK_SQR              shift, and go to state 29
    TK_POW              shift, and go to state 30
    TK_EXPO             shift, and go to state 31
    TK_LOG              shift, and go to state 32
    TK_COS              shift, and go to state 33
    TK_SIN              shift, and go to state 34
    TK_TAN              shift, and go to state 35
    TK_ACOS             shift, and go to state 36
    TK_ASIN             shift, and go to state 37
    TK_ATAN             shift, and go to state 38
    TK_ATAN2            shift, and go to state 39
    TK_COSH             shift, and go to state 40
    TK_SINH             shift, and go to state 41
    TK_TANH             shift, and go to state 42
    TK_ACOSH            shift, and go to state 43
    TK_ASINH            shift, and go to state 44
    TK_ATANH            shift, and go to state 45
    TK_FLOOR            shift, and go to state 46
    TK_CEIL             shift, and go to state 47
    TK_CHI              shift, and go to state 49
    '<'                 shift, and go to state 51
    '+'                 shift, and go to state 52
    '-'                 shift, and go to state 53
    '['                 shift, and go to state 54
    '('                 shift, and go to state 105

    interval  go to state 57
    expr      go to state 106


State 52

   28 interval: • '[' expr ',' expr ']'
   67 expr: • expr '+' expr
   68     | • expr '*' expr
   69     | • expr '-' expr
   70     | • expr '/' expr
   71     | • TK_MAX '(' expr_row ')'
   72     | • TK_MIN '(' expr_row ')'
   74     | • TK_SUM '(' TK_NEW_SYMBOL TK_EQU expr ':' expr ',' $@6 expr ')'
   75     | • TK_ATAN2 '(' expr ',' expr ')'
   76     | • '-' expr
   77     | • TK_ABS '(' expr ')'
   78     | • TK_SIGN '(' expr ')'
   79     | • expr '\''
   80     | • TK_SQRT '(' expr ')'
   81     | • TK_SQR '(' expr ')'
   82     | • TK_POW '(' expr ',' expr ')'
   83     | • TK_EXPO '(' expr ')'
   84     | • TK_LOG '(' expr ')'
   85     | • TK_COS '(' expr ')'
   86     | • TK_SIN '(' expr ')'
   87     | • TK_TAN '(' expr ')'
   88     | • TK_ACOS '(' expr ')'
   89     | • TK_ASIN '(' expr ')'
   90     | • TK_ATAN '(' expr ')'
   91     | • TK_COSH '(' expr ')'
   92     | • TK_SINH '(' expr ')'
   93     | • TK_TANH '(' expr ')'
   94     | • TK_ACOSH '(' expr ')'
   95     | • TK_ASINH '(' expr ')'
   96     | • TK_ATANH '(' expr ')'
   97     | • TK_FLOOR '(' expr ')'
   98     | • TK_CEIL '(' expr ')'
   99     | • TK_CHI '(' expr ',' expr ',' expr ')'
  100     | • '+' expr
  100     | '+' • expr
  101     | • '(' expr ')'
  102     | • '<' expr ',' expr '>'
  103     | • expr '^' expr
  104     | • expr '[' expr_index ']'
  105     | • expr '(' expr_index ')'
  106     | • expr '(' expr_index ',' expr_index ')'
  107     | • '(' expr_row ')'
  108     | • '(' expr_col ')'
  109     | • TK_ENTITY
  110     | • TK_ITERATOR
  111     | • TK_EXPR_TMP_SYMBOL
  112     | • TK_CONSTANT
  113     | • TK_FUNC_SYMBOL '(' expr ')'
  114     | • TK_FUNC_SYMBOL '(' expr_row ')'
  115     | • TK_FLOAT
  116     | • TK_PI
  117     | • TK_INFINITY
  118     | • TK_INT_CST
  119     | • interval
  120     | • TK_INF '(' expr ')'
  121     | • TK_MID '(' expr ')'
  122     | • TK_SUP '(' expr ')'
  123     | • TK_DIFF '(' expr_row ')'
  124     | • TK_UNARY_OP '(' expr ')'
  125     | • TK_BINARY_OP '(' expr ',' expr ')'

    TK_CONSTANT         shift, and go to state 7
    TK_FUNC_SYMBOL      shift, and go to state 9
    TK_EXPR_TMP_SYMBOL  shift, and go to state 10
    TK_ENTITY           shift, and go to state 11
    TK_ITERATOR         shift, and go to state 12
    TK_UNARY_OP         shift, and go to state 13
    TK_BINARY_OP        shift, and go to state 14
    TK_INT_CST          shift, and go to state 15
    TK_FLOAT            shift, and go to state 16
    TK_PI               shift, and go to state 17
    TK_INFINITY         shift, and go to state 18
    TK_DIFF             shift, and go to state 19
    TK_MIN              shift, and go to state 20
    TK_MAX              shift, and go to state 21
    TK_INF              shift, and go to state 22
    TK_MID              shift, and go to state 23
    TK_SUP              shift, and go to state 24
    TK_SIGN             shift, and go to state 25
    TK_ABS              shift, and go to state 26
    TK_SUM              shift, and go to state 27
    TK_SQRT             shift, and go to state 28
    TK_SQR              shift, and go to state 29
    TK_POW              shift, and go to state 30
    TK_EXPO             shift, and go to state 31
    TK_LOG              shift, and go to state 32
    TK_COS              shift, and go to state 33
    TK_SIN              shift, and go to state 34
    TK_TAN              shift, and go to state 35
    TK_ACOS             shift, and go to state 36
    TK_ASIN             shift, and go to state 37
    TK_ATAN             shift, and go to state 38
    TK_ATAN2            shift, and go to state 39
    TK_COSH             shift, and go to state 40
    TK_SINH             shift, and go to state 41
    TK_TANH             shift, and go to state 42
    TK_ACOSH            shift, and go to state 43
    TK_ASINH            shift, and go to state 44
    TK_ATANH            shift, and go to state 45
    TK_FLOOR            shift, and go to state 46
    TK_CEIL             shift, and go to state 47
    TK_CHI              shift, and go to state 49
    '<'                 shift, and go to state 51
    '+'                 shift, and go to state 52
    '-'                 shift, and go to state 53
    '['                 shift, and go to state 54
    '('                 shift, and go to state 105

    interval  go to state 57
    expr      go to state 107


State 53

   28 interval: • '[' expr ',' expr ']'
   67 expr: • expr '+' expr
   68     | • expr '*' expr
   69     | • expr '-' expr
   70     | • expr '/' expr
   71     | • TK_MAX '(' expr_row ')'
   72     | • TK_MIN '(' expr_row ')'
   74     | • TK_SUM '(' TK_NEW_SYMBOL TK_EQU expr ':' expr ',' $@6 expr ')'
   75     | • TK_ATAN2 '(' expr ',' expr ')'
   76     | • '-' expr
   76     | '-' • expr
   77     | • TK_ABS '(' expr ')'
   78     | • TK_SIGN '(' expr ')'
   79     | • expr '\''
   80     | • TK_SQRT '(' expr ')'
   81     | • TK_SQR '(' expr ')'
   82     | • TK_POW '(' expr ',' expr ')'
   83     | • TK_EXPO '(' expr ')'
   84     | • TK_LOG '(' expr ')'
   85     | • TK_COS '(' expr ')'
   86     | • TK_SIN '(' expr ')'
   87     | • TK_TAN '(' expr ')'
   88     | • TK_ACOS '(' expr ')'
   89     | • TK_ASIN '(' expr ')'
   90     | • TK_ATAN '(' expr ')'
   91     | • TK_COSH '(' expr ')'
   92     | • TK_SINH '(' expr ')'
   93     | • TK_TANH '(' expr ')'
   94     | • TK_ACOSH '(' expr ')'
   95     | • TK_ASINH '(' expr ')'
   96     | • TK_ATANH '(' expr ')'
   97     | • TK_FLOOR '(' expr ')'
   98     | • TK_CEIL '(' expr ')'
   99     | • TK_CHI '(' expr ',' expr ',' expr ')'
  100     | • '+' expr
  101     | • '(' expr ')'
  102     | • '<' expr ',' expr '>'
  103     | • expr '^' expr
  104     | • expr '[' expr_index ']'
  105     | • expr '(' expr_index ')'
  106     | • expr '(' expr_index ',' expr_index ')'
  107     | • '(' expr_row ')'
  108     | • '(' expr_col ')'
  109     | • TK_ENTITY
  110     | • TK_ITERATOR
  111     | • TK_EXPR_TMP_SYMBOL
  112     | • TK_CONSTANT
  113     | • TK_FUNC_SYMBOL '(' expr ')'
  114     | • TK_FUNC_SYMBOL '(' expr_row ')'
  115     | • TK_FLOAT
  116     | • TK_PI
  117     | • TK_INFINITY
  118     | • TK_INT_CST
  119     | • interval
  120     | • TK_INF '(' expr ')'
  121     | • TK_MID '(' expr ')'
  122     | • TK_SUP '(' expr ')'
  123     | • TK_DIFF '(' expr_row ')'
  124     | • TK_UNARY_OP '(' expr ')'
  125     | • TK_BINARY_OP '(' expr ',' expr ')'

    TK_CONSTANT         shift, and go to state 7
    TK_FUNC_SYMBOL      shift, and go to state 9
    TK_EXPR_TMP_SYMBOL  shift, and go to state 10
    TK_ENTITY           shift, and go to state 11
    TK_ITERATOR         shift, and go to state 12
    TK_UNARY_OP         shift, and go to state 13
    TK_BINARY_OP        shift, and go to state 14
    TK_INT_CST          shift, and go to state 15
    TK_FLOAT            shift, and go to state 16
    TK_PI               shift, and go to state 17
    TK_INFINITY         shift, and go to state 18
    TK_DIFF             shift, and go to state 19
    TK_MIN              shift, and go to state 20
    TK_MAX              shift, and go to state 21
    TK_INF              shift, and go to state 22
    TK_MID              shift, and go to state 23
    TK_SUP              shift, and go to state 24
    TK_SIGN             shift, and go to state 25
    TK_ABS              shift, and go to state 26
    TK_SUM              shift, and go to state 27
    TK_SQRT             shift, and go to state 28
    TK_SQR              shift, and go to state 29
    TK_POW              shift, and go to state 30
    TK_EXPO             shift, and go to state 31
    TK_LOG              shift, and go to state 32
    TK_COS              shift, and go to state 33
    TK_SIN              shift, and go to state 34
    TK_TAN              shift, and go to state 35
    TK_ACOS             shift, and go to state 36
    TK_ASIN             shift, and go to state 37
    TK_ATAN             shift, and go to state 38
    TK_ATAN2            shift, and go to state 39
    TK_COSH             shift, and go to state 40
    TK_SINH             shift, and go to state 41
    TK_TANH             shift, and go to state 42
    TK_ACOSH            shift, and go to state 43
    TK_ASINH            shift, and go to state 44
    TK_ATANH            shift, and go to state 45
    TK_FLOOR            shift, and go to state 46
    TK_CEIL             shift, and go to state 47
    TK_CHI              shift, and go to state 49
    '<'                 shift, and go to state 51
    '+'                 shift, and go to state 52
    '-'                 shift, and go to state 53
    '['                 shift, and go to state 54
    '('                 shift, and go to state 105

    interval  go to state 57
    expr      go to state 108


State 54

   28 interval: • '[' expr ',' expr ']'
   28         | '[' • expr ',' expr ']'
   67 expr: • expr '+' expr
   68     | • expr '*' expr
   69     | • expr '-' expr
   70     | • expr '/' expr
   71     | • TK_MAX '(' expr_row ')'
   72     | • TK_MIN '(' expr_row ')'
   74     | • TK_SUM '(' TK_NEW_SYMBOL TK_EQU expr ':' expr ',' $@6 expr ')'
   75     | • TK_ATAN2 '(' expr ',' expr ')'
   76     | • '-' expr
   77     | • TK_ABS '(' expr ')'
   78     | • TK_SIGN '(' expr ')'
   79     | • expr '\''
   80     | • TK_SQRT '(' expr ')'
   81     | • TK_SQR '(' expr ')'
   82     | • TK_POW '(' expr ',' expr ')'
   83     | • TK_EXPO '(' expr ')'
   84     | • TK_LOG '(' expr ')'
   85     | • TK_COS '(' expr ')'
   86     | • TK_SIN '(' expr ')'
   87     | • TK_TAN '(' expr ')'
   88     | • TK_ACOS '(' expr ')'
   89     | • TK_ASIN '(' expr ')'
   90     | • TK_ATAN '(' expr ')'
   91     | • TK_COSH '(' expr ')'
   92     | • TK_SINH '(' expr ')'
   93     | • TK_TANH '(' expr ')'
   94     | • TK_ACOSH '(' expr ')'
   95     | • TK_ASINH '(' expr ')'
   96     | • TK_ATANH '(' expr ')'
   97     | • TK_FLOOR '(' expr ')'
   98     | • TK_CEIL '(' expr ')'
   99     | • TK_CHI '(' expr ',' expr ',' expr ')'
  100     | • '+' expr
  101     | • '(' expr ')'
  102     | • '<' expr ',' expr '>'
  103     | • expr '^' expr
  104     | • expr '[' expr_index ']'
  105     | • expr '(' expr_index ')'
  106     | • expr '(' expr_index ',' expr_index ')'
  107     | • '(' expr_row ')'
  108     | • '(' expr_col ')'
  109     | • TK_ENTITY
  110     | • TK_ITERATOR
  111     | • TK_EXPR_TMP_SYMBOL
  112     | • TK_CONSTANT
  113     | • TK_FUNC_SYMBOL '(' expr ')'
  114     | • TK_FUNC_SYMBOL '(' expr_row ')'
  115     | • TK_FLOAT
  116     | • TK_PI
  117     | • TK_INFINITY
  118     | • TK_INT_CST
  119     | • interval
  120     | • TK_INF '(' expr ')'
  121     | • TK_MID '(' expr ')'
  122     | • TK_SUP '(' expr ')'
  123     | • TK_DIFF '(' expr_row ')'
  124     | • TK_UNARY_OP '(' expr ')'
  125     | • TK_BINARY_OP '(' expr ',' expr ')'

    TK_CONSTANT         shift, and go to state 7
    TK_FUNC_SYMBOL      shift, and go to state 9
    TK_EXPR_TMP_SYMBOL  shift, and go to state 10
    TK_ENTITY           shift, and go to state 11
    TK_ITERATOR         shift, and go to state 12
    TK_UNARY_OP         shift, and go to state 13
    TK_BINARY_OP        shift, and go to state 14
    TK_INT_CST          shift, and go to state 15
    TK_FLOAT            shift, and go to state 16
    TK_PI               shift, and go to state 17
    TK_INFINITY         shift, and go to state 18
    TK_DIFF             shift, and go to state 19
    TK_MIN              shift, and go to state 20
    TK_MAX              shift, and go to state 21
    TK_INF              shift, and go to state 22
    TK_MID              shift, and go to state 23
    TK_SUP              shift, and go to state 24
    TK_SIGN             shift, and go to state 25
    TK_ABS              shift, and go to state 26
    TK_SUM              shift, and go to state 27
    TK_SQRT             shift, and go to state 28
    TK_SQR              shift, and go to state 29
    TK_POW              shift, and go to state 30
    TK_EXPO             shift, and go to state 31
    TK_LOG              shift, and go to state 32
    TK_COS              shift, and go to state 33
    TK_SIN              shift, and go to state 34
    TK_TAN              shift, and go to state 35
    TK_ACOS             shift, and go to state 36
    TK_ASIN             shift, and go to state 37
    TK_ATAN             shift, and go to state 38
    TK_ATAN2            shift, and go to state 39
    TK_COSH             shift, and go to state 40
    TK_SINH             shift, and go to state 41
    TK_TANH             shift, and go to state 42
    TK_ACOSH            shift, and go to state 43
    TK_ASINH            shift, and go to state 44
    TK_ATANH            shift, and go to state 45
    TK_FLOOR            shift, and go to state 46
    TK_CEIL             shift, and go to state 47
    TK_CHI              shift, and go to state 49
    '<'                 shift, and go to state 51
    '+'                 shift, and go to state 52
    '-'                 shift, and go to state 53
    '['                 shift, and go to state 54
    '('                 shift, and go to state 105

    interval  go to state 57
    expr      go to state 109


State 55

   28 interval: • '[' expr ',' expr ']'
   58 ctr: • expr TK_EQU expr
   59    | • expr TK_LEQ expr
   60    | • expr TK_GEQ expr
   61    | • expr '<' expr
   62    | • expr '>' expr
   63    | • expr TK_IN expr
   64    | • TK_INTEGER '(' expr ')'
   65    | • '(' ctr ')'
   65    | '(' • ctr ')'
   66    | • TK_NEW_SYMBOL TK_EQU expr
   67 expr: • expr '+' expr
   68     | • expr '*' expr
   69     | • expr '-' expr
   70     | • expr '/' expr
   71     | • TK_MAX '(' expr_row ')'
   72     | • TK_MIN '(' expr_row ')'
   74     | • TK_SUM '(' TK_NEW_SYMBOL TK_EQU expr ':' expr ',' $@6 expr ')'
   75     | • TK_ATAN2 '(' expr ',' expr ')'
   76     | • '-' expr
   77     | • TK_ABS '(' expr ')'
   78     | • TK_SIGN '(' expr ')'
   79     | • expr '\''
   80     | • TK_SQRT '(' expr ')'
   81     | • TK_SQR '(' expr ')'
   82     | • TK_POW '(' expr ',' expr ')'
   83     | • TK_EXPO '(' expr ')'
   84     | • TK_LOG '(' expr ')'
   85     | • TK_COS '(' expr ')'
   86     | • TK_SIN '(' expr ')'
   87     | • TK_TAN '(' expr ')'
   88     | • TK_ACOS '(' expr ')'
   89     | • TK_ASIN '(' expr ')'
   90     | • TK_ATAN '(' expr ')'
   91     | • TK_COSH '(' expr ')'
   92     | • TK_SINH '(' expr ')'
   93     | • TK_TANH '(' expr ')'
   94     | • TK_ACOSH '(' expr ')'
   95     | • TK_ASINH '(' expr ')'
   96     | • TK_ATANH '(' expr ')'
   97     | • TK_FLOOR '(' expr ')'
   98     | • TK_CEIL '(' expr ')'
   99     | • TK_CHI '(' expr ',' expr ',' expr ')'
  100     | • '+' expr
  101     | • '(' expr ')'
  101     | '(' • expr ')'
  102     | • '<' expr ',' expr '>'
  103     | • expr '^' expr
  104     | • expr '[' expr_index ']'
  105     | • expr '(' expr_index ')'
  106     | • expr '(' expr_index ',' expr_index ')'
  107     | • '(' expr_row ')'
  107     | '(' • expr_row ')'
  108     | • '(' expr_col ')'
  108     | '(' • expr_col ')'
  109     | • TK_ENTITY
  110     | • TK_ITERATOR
  111     | • TK_EXPR_TMP_SYMBOL
  112     | • TK_CONSTANT
  113     | • TK_FUNC_SYMBOL '(' expr ')'
  114     | • TK_FUNC_SYMBOL '(' expr_row ')'
  115     | • TK_FLOAT
  116     | • TK_PI
  117     | • TK_INFINITY
  118     | • TK_INT_CST
  119     | • interval
  120     | • TK_INF '(' expr ')'
  121     | • TK_MID '(' expr ')'
  122     | • TK_SUP '(' expr ')'
  123     | • TK_DIFF '(' expr_row ')'
  124     | • TK_UNARY_OP '(' expr ')'
  125     | • TK_BINARY_OP '(' expr ',' expr ')'
  126 expr_row: • expr_row ',' expr
  127         | • expr ',' expr
  128 expr_col: • expr_col ';' expr
  129         | • expr ';' expr

    TK_CONSTANT         shift, and go to state 7
    TK_NEW_SYMBOL       shift, and go to state 8
    TK_FUNC_SYMBOL      shift, and go to state 9
    TK_EXPR_TMP_SYMBOL  shift, and go to state 10
    TK_ENTITY           shift, and go to state 11
    TK_ITERATOR         shift, and go to state 12
    TK_UNARY_OP         shift, and go to state 13
    TK_BINARY_OP        shift, and go to state 14
    TK_INT_CST          shift, and go to state 15
    TK_FLOAT            shift, and go to state 16
    TK_PI               shift, and go to state 17
    TK_INFINITY         shift, and go to state 18
    TK_DIFF             shift, and go to state 19
    TK_MIN              shift, and go to state 20
    TK_MAX              shift, and go to state 21
    TK_INF              shift, and go to state 22
    TK_MID              shift, and go to state 23
    TK_SUP              shift, and go to state 24
    TK_SIGN             shift, and go to state 25
    TK_ABS              shift, and go to state 26
    TK_SUM              shift, and go to state 27
    TK_SQRT             shift, and go to state 28
    TK_SQR              shift, and go to state 29
    TK_POW              shift, and go to state 30
    TK_EXPO             shift, and go to state 31
    TK_LOG              shift, and go to state 32
    TK_COS              shift, and go to state 33
    TK_SIN              shift, and go to state 34
    TK_TAN              shift, and go to state 35
    TK_ACOS             shift, and go to state 36
    TK_ASIN             shift, and go to state 37
    TK_ATAN             shift, and go to state 38
    TK_ATAN2            shift, and go to state 39
    TK_COSH             shift, and go to state 40
    TK_SINH             shift, and go to state 41
    TK_TANH             shift, and go to state 42
    TK_ACOSH            shift, and go to state 43
    TK_ASINH            shift, and go to state 44
    TK_ATANH            shift, and go to state 45
    TK_FLOOR            shift, and go to state 46
    TK_CEIL             shift, and go to state 47
    TK_INTEGER          shift, and go to state 48
    TK_CHI              shift, and go to state 49
    '<'                 shift, and go to state 51
    '+'                 shift, and go to state 52
    '-'                 shift, and go to state 53
    '['                 shift, and go to state 54
    '('                 shift, and go to state 55

    interval  go to state 57
    ctr       go to state 110
    expr      go to state 111
    expr_row  go to state 112
    expr_col  go to state 113


State 56

    4 program: $@2 choco_ctr •

    $default  reduce using rule 4 (program)


State 57

  119 expr: interval •

    $default  reduce using rule 119 (expr)


State 58

    7 choco_ctr: ctr_blk_list •

    $default  reduce using rule 7 (choco_ctr)


State 59

   33 semicolon_opt: • ';'
   34              | ε •  [$end, TK_END]
   48 ctr_blk_list: ctr_blk_list1 • semicolon_opt
   50 ctr_blk_list1: ctr_blk_list1 • ';' ctr
   53 ctr_blk_list2: ctr_blk_list1 • ';' ctr_loop

    ';'  shift, and go to state 114

    $default  reduce using rule 34 (semicolon_opt)

    semicolon_opt  go to state 115


State 60

   33 semicolon_opt: • ';'
   34              | ε •  [$end, TK_CONSTANT, TK_NEW_SYMBOL, TK_FUNC_SYMBOL, TK_EXPR_TMP_SYMBOL, TK_ENTITY, TK_ITERATOR, TK_UNARY_OP, TK_BINARY_OP, TK_INT_CST, TK_FLOAT, TK_PI, TK_INFINITY, TK_DIFF, TK_MIN, TK_MAX, TK_INF, TK_MID, TK_SUP, TK_SIGN, TK_ABS, TK_SUM, TK_SQRT, TK_SQR, TK_POW, TK_EXPO, TK_LOG, TK_COS, TK_SIN, TK_TAN, TK_ACOS, TK_ASIN, TK_ATAN, TK_ATAN2, TK_COSH, TK_SINH, TK_TANH, TK_ACOSH, TK_ASINH, TK_ATANH, TK_FLOOR, TK_CEIL, TK_INTEGER, TK_CHI, TK_END, TK_FOR, '<', '+', '-', '[', '(']
   49 ctr_blk_list: ctr_blk_list2 • semicolon_opt
   51 ctr_blk_list1: ctr_blk_list2 • semicolon_opt ctr
   54 ctr_blk_list2: ctr_blk_list2 • semicolon_opt ctr_loop

    ';'  shift, and go to state 116

    $default  reduce using rule 34 (semicolon_opt)

    semicolon_opt  go to state 117


State 61

   55 ctr_blk_list2: ctr_loop •

    $default  reduce using rule 55 (ctr_blk_list2)


State 62

   52 ctr_blk_list1: ctr •

    $default  reduce using rule 52 (ctr_blk_list1)


State 63

   58 ctr: expr • TK_EQU expr
   59    | expr • TK_LEQ expr
   60    | expr • TK_GEQ expr
   61    | expr • '<' expr
   62    | expr • '>' expr
   63    | expr • TK_IN expr
   67 expr: expr • '+' expr
   68     | expr • '*' expr
   69     | expr • '-' expr
   70     | expr • '/' expr
   79     | expr • '\''
  103     | expr • '^' expr
  104     | expr • '[' expr_index ']'
  105     | expr • '(' expr_index ')'
  106     | expr • '(' expr_index ',' expr_index ')'

    TK_LEQ  shift, and go to state 118
    TK_GEQ  shift, and go to state 119
    TK_EQU  shift, and go to state 120
    TK_IN   shift, and go to state 121
    '<'     shift, and go to state 122
    '>'     shift, and go to state 123
    '+'     shift, and go to state 124
    '-'     shift, and go to state 125
    '*'     shift, and go to state 126
    '/'     shift, and go to state 127
    '^'     shift, and go to state 128
    '\''    shift, and go to state 129
    '['     shift, and go to state 130
    '('     shift, and go to state 131


State 64

   13 decl_cst: TK_NEW_SYMBOL • dimension equ_or_in expr
   25 dimension: ε •  [TK_EQU, TK_IN]
   26          | • '[' expr ']'
   27          | • '[' expr ']' '[' expr ']'

    '['  shift, and go to state 132

    $default  reduce using rule 25 (dimension)

    dimension  go to state 133


State 65

   14 decl_cst: '*' • TK_NEW_SYMBOL dimension equ_or_in expr

    TK_NEW_SYMBOL  shift, and go to state 134


State 66

   10 decl_opt_cst: TK_CONST decl_cst_list • ';'
   12 decl_cst_list: decl_cst_list • ';' decl_cst

    ';'  shift, and go to state 135


State 67

   11 decl_cst_list: decl_cst •

    $default  reduce using rule 11 (decl_cst_list)


State 68

    2 program: $@1 decl_opt_cst decl_opt_fncs • system_or_func
    5 system_or_func: • TK_VARS decl_var_list ';' decl_opt_fncs decl_opt_goal decl_opt_ctrs
    6               | ε •  [$end]
   29 decl_opt_fncs: decl_opt_fncs • function
   32 function: • TK_FUNCTION $@3 TK_NEW_SYMBOL '(' fnc_inpt_list ')' fnc_code TK_RETURN expr semicolon_opt TK_END

    TK_VARS      shift, and go to state 136
    TK_FUNCTION  shift, and go to state 137

    $default  reduce using rule 6 (system_or_func)

    system_or_func  go to state 138
    function        go to state 139


State 69

   28 interval: • '[' expr ',' expr ']'
   66 ctr: TK_NEW_SYMBOL TK_EQU • expr
   67 expr: • expr '+' expr
   68     | • expr '*' expr
   69     | • expr '-' expr
   70     | • expr '/' expr
   71     | • TK_MAX '(' expr_row ')'
   72     | • TK_MIN '(' expr_row ')'
   74     | • TK_SUM '(' TK_NEW_SYMBOL TK_EQU expr ':' expr ',' $@6 expr ')'
   75     | • TK_ATAN2 '(' expr ',' expr ')'
   76     | • '-' expr
   77     | • TK_ABS '(' expr ')'
   78     | • TK_SIGN '(' expr ')'
   79     | • expr '\''
   80     | • TK_SQRT '(' expr ')'
   81     | • TK_SQR '(' expr ')'
   82     | • TK_POW '(' expr ',' expr ')'
   83     | • TK_EXPO '(' expr ')'
   84     | • TK_LOG '(' expr ')'
   85     | • TK_COS '(' expr ')'
   86     | • TK_SIN '(' expr ')'
   87     | • TK_TAN '(' expr ')'
   88     | • TK_ACOS '(' expr ')'
   89     | • TK_ASIN '(' expr ')'
   90     | • TK_ATAN '(' expr ')'
   91     | • TK_COSH '(' expr ')'
   92     | • TK_SINH '(' expr ')'
   93     | • TK_TANH '(' expr ')'
   94     | • TK_ACOSH '(' expr ')'
   95     | • TK_ASINH '(' expr ')'
   96     | • TK_ATANH '(' expr ')'
   97     | • TK_FLOOR '(' expr ')'
   98     | • TK_CEIL '(' expr ')'
   99     | • TK_CHI '(' expr ',' expr ',' expr ')'
  100     | • '+' expr
  101     | • '(' expr ')'
  102     | • '<' expr ',' expr '>'
  103     | • expr '^' expr
  104     | • expr '[' expr_index ']'
  105     | • expr '(' expr_index ')'
  106     | • expr '(' expr_index ',' expr_index ')'
  107     | • '(' expr_row ')'
  108     | • '(' expr_col ')'
  109     | • TK_ENTITY
  110     | • TK_ITERATOR
  111     | • TK_EXPR_TMP_SYMBOL
  112     | • TK_CONSTANT
  113     | • TK_FUNC_SYMBOL '(' expr ')'
  114     | • TK_FUNC_SYMBOL '(' expr_row ')'
  115     | • TK_FLOAT
  116     | • TK_PI
  117     | • TK_INFINITY
  118     | • TK_INT_CST
  119     | • interval
  120     | • TK_INF '(' expr ')'
  121     | • TK_MID '(' expr ')'
  122     | • TK_SUP '(' expr ')'
  123     | • TK_DIFF '(' expr_row ')'
  124     | • TK_UNARY_OP '(' expr ')'
  125     | • TK_BINARY_OP '(' expr ',' expr ')'

    TK_CONSTANT         shift, and go to state 7
    TK_FUNC_SYMBOL      shift, and go to state 9
    TK_EXPR_TMP_SYMBOL  shift, and go to state 10
    TK_ENTITY           shift, and go to state 11
    TK_ITERATOR         shift, and go to state 12
    TK_UNARY_OP         shift, and go to state 13
    TK_BINARY_OP        shift, and go to state 14
    TK_INT_CST          shift, and go to state 15
    TK_FLOAT            shift, and go to state 16
    TK_PI               shift, and go to state 17
    TK_INFINITY         shift, and go to state 18
    TK_DIFF             shift, and go to state 19
    TK_MIN              shift, and go to state 20
    TK_MAX              shift, and go to state 21
    TK_INF              shift, and go to state 22
    TK_MID              shift, and go to state 23
    TK_SUP              shift, and go to state 24
    TK_SIGN             shift, and go to state 25
    TK_ABS              shift, and go to state 26
    TK_SUM              shift, and go to state 27
    TK_SQRT             shift, and go to state 28
    TK_SQR              shift, and go to state 29
    TK_POW              shift, and go to state 30
    TK_EXPO             shift, and go to state 31
    TK_LOG              shift, and go to state 32
    TK_COS              shift, and go to state 33
    TK_SIN              shift, and go to state 34
    TK_TAN              shift, and go to state 35
    TK_ACOS             shift, and go to state 36
    TK_ASIN             shift, and go to state 37
    TK_ATAN             shift, and go to state 38
    TK_ATAN2            shift, and go to state 39
    TK_COSH             shift, and go to state 40
    TK_SINH             shift, and go to state 41
    TK_TANH             shift, and go to state 42
    TK_ACOSH            shift, and go to state 43
    TK_ASINH            shift, and go to state 44
    TK_ATANH            shift, and go to state 45
    TK_FLOOR            shift, and go to state 46
    TK_CEIL             shift, and go to state 47
    TK_CHI              shift, and go to state 49
    '<'                 shift, and go to state 51
    '+'                 shift, and go to state 52
    '-'                 shift, and go to state 53
    '['                 shift, and go to state 54
    '('                 shift, and go to state 105

    interval  go to state 57
    expr      go to state 140


State 70

   28 interval: • '[' expr ',' expr ']'
   67 expr: • expr '+' expr
   68     | • expr '*' expr
   69     | • expr '-' expr
   70     | • expr '/' expr
   71     | • TK_MAX '(' expr_row ')'
   72     | • TK_MIN '(' expr_row ')'
   74     | • TK_SUM '(' TK_NEW_SYMBOL TK_EQU expr ':' expr ',' $@6 expr ')'
   75     | • TK_ATAN2 '(' expr ',' expr ')'
   76     | • '-' expr
   77     | • TK_ABS '(' expr ')'
   78     | • TK_SIGN '(' expr ')'
   79     | • expr '\''
   80     | • TK_SQRT '(' expr ')'
   81     | • TK_SQR '(' expr ')'
   82     | • TK_POW '(' expr ',' expr ')'
   83     | • TK_EXPO '(' expr ')'
   84     | • TK_LOG '(' expr ')'
   85     | • TK_COS '(' expr ')'
   86     | • TK_SIN '(' expr ')'
   87     | • TK_TAN '(' expr ')'
   88     | • TK_ACOS '(' expr ')'
   89     | • TK_ASIN '(' expr ')'
   90     | • TK_ATAN '(' expr ')'
   91     | • TK_COSH '(' expr ')'
   92     | • TK_SINH '(' expr ')'
   93     | • TK_TANH '(' expr ')'
   94     | • TK_ACOSH '(' expr ')'
   95     | • TK_ASINH '(' expr ')'
   96     | • TK_ATANH '(' expr ')'
   97     | • TK_FLOOR '(' expr ')'
   98     | • TK_CEIL '(' expr ')'
   99     | • TK_CHI '(' expr ',' expr ',' expr ')'
  100     | • '+' expr
  101     | • '(' expr ')'
  102     | • '<' expr ',' expr '>'
  103     | • expr '^' expr
  104     | • expr '[' expr_index ']'
  105     | • expr '(' expr_index ')'
  106     | • expr '(' expr_index ',' expr_index ')'
  107     | • '(' expr_row ')'
  108     | • '(' expr_col ')'
  109     | • TK_ENTITY
  110     | • TK_ITERATOR
  111     | • TK_EXPR_TMP_SYMBOL
  112     | • TK_CONSTANT
  113     | • TK_FUNC_SYMBOL '(' expr ')'
  113     | TK_FUNC_SYMBOL '(' • expr ')'
  114     | • TK_FUNC_SYMBOL '(' expr_row ')'
  114     | TK_FUNC_SYMBOL '(' • expr_row ')'
  115     | • TK_FLOAT
  116     | • TK_PI
  117     | • TK_INFINITY
  118     | • TK_INT_CST
  119     | • interval
  120     | • TK_INF '(' expr ')'
  121     | • TK_MID '(' expr ')'
  122     | • TK_SUP '(' expr ')'
  123     | • TK_DIFF '(' expr_row ')'
  124     | • TK_UNARY_OP '(' expr ')'
  125     | • TK_BINARY_OP '(' expr ',' expr ')'
  126 expr_row: • expr_row ',' expr
  127         | • expr ',' expr

    TK_CONSTANT         shift, and go to state 7
    TK_FUNC_SYMBOL      shift, and go to state 9
    TK_EXPR_TMP_SYMBOL  shift, and go to state 10
    TK_ENTITY           shift, and go to state 11
    TK_ITERATOR         shift, and go to state 12
    TK_UNARY_OP         shift, and go to state 13
    TK_BINARY_OP        shift, and go to state 14
    TK_INT_CST          shift, and go to state 15
    TK_FLOAT            shift, and go to state 16
    TK_PI               shift, and go to state 17
    TK_INFINITY         shift, and go to state 18
    TK_DIFF             shift, and go to state 19
    TK_MIN              shift, and go to state 20
    TK_MAX              shift, and go to state 21
    TK_INF              shift, and go to state 22
    TK_MID              shift, and go to state 23
    TK_SUP              shift, and go to state 24
    TK_SIGN             shift, and go to state 25
    TK_ABS              shift, and go to state 26
    TK_SUM              shift, and go to state 27
    TK_SQRT             shift, and go to state 28
    TK_SQR              shift, and go to state 29
    TK_POW              shift, and go to state 30
    TK_EXPO             shift, and go to state 31
    TK_LOG              shift, and go to state 32
    TK_COS              shift, and go to state 33
    TK_SIN              shift, and go to state 34
    TK_TAN              shift, and go to state 35
    TK_ACOS             shift, and go to state 36
    TK_ASIN             shift, and go to state 37
    TK_ATAN             shift, and go to state 38
    TK_ATAN2            shift, and go to state 39
    TK_COSH             shift, and go to state 40
    TK_SINH             shift, and go to state 41
    TK_TANH             shift, and go to state 42
    TK_ACOSH            shift, and go to state 43
    TK_ASINH            shift, and go to state 44
    TK_ATANH            shift, and go to state 45
    TK_FLOOR            shift, and go to state 46
    TK_CEIL             shift, and go to state 47
    TK_CHI              shift, and go to state 49
    '<'                 shift, and go to state 51
    '+'                 shift, and go to state 52
    '-'                 shift, and go to state 53
    '['                 shift, and go to state 54
    '('                 shift, and go to state 105

    interval  go to state 57
    expr      go to state 141
    expr_row  go to state 142


State 71

   28 interval: • '[' expr ',' expr ']'
   67 expr: • expr '+' expr
   68     | • expr '*' expr
   69     | • expr '-' expr
   70     | • expr '/' expr
   71     | • TK_MAX '(' expr_row ')'
   72     | • TK_MIN '(' expr_row ')'
   74     | • TK_SUM '(' TK_NEW_SYMBOL TK_EQU expr ':' expr ',' $@6 expr ')'
   75     | • TK_ATAN2 '(' expr ',' expr ')'
   76     | • '-' expr
   77     | • TK_ABS '(' expr ')'
   78     | • TK_SIGN '(' expr ')'
   79     | • expr '\''
   80     | • TK_SQRT '(' expr ')'
   81     | • TK_SQR '(' expr ')'
   82     | • TK_POW '(' expr ',' expr ')'
   83     | • TK_EXPO '(' expr ')'
   84     | • TK_LOG '(' expr ')'
   85     | • TK_COS '(' expr ')'
   86     | • TK_SIN '(' expr ')'
   87     | • TK_TAN '(' expr ')'
   88     | • TK_ACOS '(' expr ')'
   89     | • TK_ASIN '(' expr ')'
   90     | • TK_ATAN '(' expr ')'
   91     | • TK_COSH '(' expr ')'
   92     | • TK_SINH '(' expr ')'
   93     | • TK_TANH '(' expr ')'
   94     | • TK_ACOSH '(' expr ')'
   95     | • TK_ASINH '(' expr ')'
   96     | • TK_ATANH '(' expr ')'
   97     | • TK_FLOOR '(' expr ')'
   98     | • TK_CEIL '(' expr ')'
   99     | • TK_CHI '(' expr ',' expr ',' expr ')'
  100     | • '+' expr
  101     | • '(' expr ')'
  102     | • '<' expr ',' expr '>'
  103     | • expr '^' expr
  104     | • expr '[' expr_index ']'
  105     | • expr '(' expr_index ')'
  106     | • expr '(' expr_index ',' expr_index ')'
  107     | • '(' expr_row ')'
  108     | • '(' expr_col ')'
  109     | • TK_ENTITY
  110     | • TK_ITERATOR
  111     | • TK_EXPR_TMP_SYMBOL
  112     | • TK_CONSTANT
  113     | • TK_FUNC_SYMBOL '(' expr ')'
  114     | • TK_FUNC_SYMBOL '(' expr_row ')'
  115     | • TK_FLOAT
  116     | • TK_PI
  117     | • TK_INFINITY
  118     | • TK_INT_CST
  119     | • interval
  120     | • TK_INF '(' expr ')'
  121     | • TK_MID '(' expr ')'
  122     | • TK_SUP '(' expr ')'
  123     | • TK_DIFF '(' expr_row ')'
  124     | • TK_UNARY_OP '(' expr ')'
  124     | TK_UNARY_OP '(' • expr ')'
  125     | • TK_BINARY_OP '(' expr ',' expr ')'

    TK_CONSTANT         shift, and go to state 7
    TK_FUNC_SYMBOL      shift, and go to state 9
    TK_EXPR_TMP_SYMBOL  shift, and go to state 10
    TK_ENTITY           shift, and go to state 11
    TK_ITERATOR         shift, and go to state 12
    TK_UNARY_OP         shift, and go to state 13
    TK_BINARY_OP        shift, and go to state 14
    TK_INT_CST          shift, and go to state 15
    TK_FLOAT            shift, and go to state 16
    TK_PI               shift, and go to state 17
    TK_INFINITY         shift, and go to state 18
    TK_DIFF             shift, and go to state 19
    TK_MIN              shift, and go to state 20
    TK_MAX              shift, and go to state 21
    TK_INF              shift, and go to state 22
    TK_MID              shift, and go to state 23
    TK_SUP              shift, and go to state 24
    TK_SIGN             shift, and go to state 25
    TK_ABS              shift, and go to state 26
    TK_SUM              shift, and go to state 27
    TK_SQRT             shift, and go to state 28
    TK_SQR              shift, and go to state 29
    TK_POW              shift, and go to state 30
    TK_EXPO             shift, and go to state 31
    TK_LOG              shift, and go to state 32
    TK_COS              shift, and go to state 33
    TK_SIN              shift, and go to state 34
    TK_TAN              shift, and go to state 35
    TK_ACOS             shift, and go to state 36
    TK_ASIN             shift, and go to state 37
    TK_ATAN             shift, and go to state 38
    TK_ATAN2            shift, and go to state 39
    TK_COSH             shift, and go to state 40
    TK_SINH             shift, and go to state 41
    TK_TANH             shift, and go to state 42
    TK_ACOSH            shift, and go to state 43
    TK_ASINH            shift, and go to state 44
    TK_ATANH            shift, and go to state 45
    TK_FLOOR            shift, and go to state 46
    TK_CEIL             shift, and go to state 47
    TK_CHI              shift, and go to state 49
    '<'                 shift, and go to state 51
    '+'                 shift, and go to state 52
    '-'                 shift, and go to state 53
    '['                 shift, and go to state 54
    '('                 shift, and go to state 105

    interval  go to state 57
    expr      go to state 143


State 72

   28 interval: • '[' expr ',' expr ']'
   67 expr: • expr '+' expr
   68     | • expr '*' expr
   69     | • expr '-' expr
   70     | • expr '/' expr
   71     | • TK_MAX '(' expr_row ')'
   72     | • TK_MIN '(' expr_row ')'
   74     | • TK_SUM '(' TK_NEW_SYMBOL TK_EQU expr ':' expr ',' $@6 expr ')'
   75     | • TK_ATAN2 '(' expr ',' expr ')'
   76     | • '-' expr
   77     | • TK_ABS '(' expr ')'
   78     | • TK_SIGN '(' expr ')'
   79     | • expr '\''
   80     | • TK_SQRT '(' expr ')'
   81     | • TK_SQR '(' expr ')'
   82     | • TK_POW '(' expr ',' expr ')'
   83     | • TK_EXPO '(' expr ')'
   84     | • TK_LOG '(' expr ')'
   85     | • TK_COS '(' expr ')'
   86     | • TK_SIN '(' expr ')'
   87     | • TK_TAN '(' expr ')'
   88     | • TK_ACOS '(' expr ')'
   89     | • TK_ASIN '(' expr ')'
   90     | • TK_ATAN '(' expr ')'
   91     | • TK_COSH '(' expr ')'
   92     | • TK_SINH '(' expr ')'
   93     | • TK_TANH '(' expr ')'
   94     | • TK_ACOSH '(' expr ')'
   95     | • TK_ASINH '(' expr ')'
   96     | • TK_ATANH '(' expr ')'
   97     | • TK_FLOOR '(' expr ')'
   98     | • TK_CEIL '(' expr ')'
   99     | • TK_CHI '(' expr ',' expr ',' expr ')'
  100     | • '+' expr
  101     | • '(' expr ')'
  102     | • '<' expr ',' expr '>'
  103     | • expr '^' expr
  104     | • expr '[' expr_index ']'
  105     | • expr '(' expr_index ')'
  106     | • expr '(' expr_index ',' expr_index ')'
  107     | • '(' expr_row ')'
  108     | • '(' expr_col ')'
  109     | • TK_ENTITY
  110     | • TK_ITERATOR
  111     | • TK_EXPR_TMP_SYMBOL
  112     | • TK_CONSTANT
  113     | • TK_FUNC_SYMBOL '(' expr ')'
  114     | • TK_FUNC_SYMBOL '(' expr_row ')'
  115     | • TK_FLOAT
  116     | • TK_PI
  117     | • TK_INFINITY
  118     | • TK_INT_CST
  119     | • interval
  120     | • TK_INF '(' expr ')'
  121     | • TK_MID '(' expr ')'
  122     | • TK_SUP '(' expr ')'
  123     | • TK_DIFF '(' expr_row ')'
  124     | • TK_UNARY_OP '(' expr ')'
  125     | • TK_BINARY_OP '(' expr ',' expr ')'
  125     | TK_BINARY_OP '(' • expr ',' expr ')'

    TK_CONSTANT         shift, and go to state 7
    TK_FUNC_SYMBOL      shift, and go to state 9
    TK_EXPR_TMP_SYMBOL  shift, and go to state 10
    TK_ENTITY           shift, and go to state 11
    TK_ITERATOR         shift, and go to state 12
    TK_UNARY_OP         shift, and go to state 13
    TK_BINARY_OP        shift, and go to state 14
    TK_INT_CST          shift, and go to state 15
    TK_FLOAT            shift, and go to state 16
    TK_PI               shift, and go to state 17
    TK_INFINITY         shift, and go to state 18
    TK_DIFF             shift, and go to state 19
    TK_MIN              shift, and go to state 20
    TK_MAX              shift, and go to state 21
    TK_INF              shift, and go to state 22
    TK_MID              shift, and go to state 23
    TK_SUP              shift, and go to state 24
    TK_SIGN             shift, and go to state 25
    TK_ABS              shift, and go to state 26
    TK_SUM              shift, and go to state 27
    TK_SQRT             shift, and go to state 28
    TK_SQR              shift, and go to state 29
    TK_POW              shift, and go to state 30
    TK_EXPO             shift, and go to state 31
    TK_LOG              shift, and go to state 32
    TK_COS              shift, and go to state 33
    TK_SIN              shift, and go to state 34
    TK_TAN              shift, and go to state 35
    TK_ACOS             shift, and go to state 36
    TK_ASIN             shift, and go to state 37
    TK_ATAN             shift, and go to state 38
    TK_ATAN2            shift, and go to state 39
    TK_COSH             shift, and go to state 40
    TK_SINH             shift, and go to state 41
    TK_TANH             shift, and go to state 42
    TK_ACOSH            shift, and go to state 43
    TK_ASINH            shift, and go to state 44
    TK_ATANH            shift, and go to state 45
    TK_FLOOR            shift, and go to state 46
    TK_CEIL             shift, and go to state 47
    TK_CHI              shift, and go to state 49
    '<'                 shift, and go to state 51
    '+'                 shift, and go to state 52
    '-'                 shift, and go to state 53
    '['                 shift, and go to state 54
    '('                 shift, and go to state 105

    interval  go to state 57
    expr      go to state 144


State 73

   28 interval: • '[' expr ',' expr ']'
   67 expr: • expr '+' expr
   68     | • expr '*' expr
   69     | • expr '-' expr
   70     | • expr '/' expr
   71     | • TK_MAX '(' expr_row ')'
   72     | • TK_MIN '(' expr_row ')'
   74     | • TK_SUM '(' TK_NEW_SYMBOL TK_EQU expr ':' expr ',' $@6 expr ')'
   75     | • TK_ATAN2 '(' expr ',' expr ')'
   76     | • '-' expr
   77     | • TK_ABS '(' expr ')'
   78     | • TK_SIGN '(' expr ')'
   79     | • expr '\''
   80     | • TK_SQRT '(' expr ')'
   81     | • TK_SQR '(' expr ')'
   82     | • TK_POW '(' expr ',' expr ')'
   83     | • TK_EXPO '(' expr ')'
   84     | • TK_LOG '(' expr ')'
   85     | • TK_COS '(' expr ')'
   86     | • TK_SIN '(' expr ')'
   87     | • TK_TAN '(' expr ')'
   88     | • TK_ACOS '(' expr ')'
   89     | • TK_ASIN '(' expr ')'
   90     | • TK_ATAN '(' expr ')'
   91     | • TK_COSH '(' expr ')'
   92     | • TK_SINH '(' expr ')'
   93     | • TK_TANH '(' expr ')'
   94     | • TK_ACOSH '(' expr ')'
   95     | • TK_ASINH '(' expr ')'
   96     | • TK_ATANH '(' expr ')'
   97     | • TK_FLOOR '(' expr ')'
   98     | • TK_CEIL '(' expr ')'
   99     | • TK_CHI '(' expr ',' expr ',' expr ')'
  100     | • '+' expr
  101     | • '(' expr ')'
  102     | • '<' expr ',' expr '>'
  103     | • expr '^' expr
  104     | • expr '[' expr_index ']'
  105     | • expr '(' expr_index ')'
  106     | • expr '(' expr_index ',' expr_index ')'
  107     | • '(' expr_row ')'
  108     | • '(' expr_col ')'
  109     | • TK_ENTITY
  110     | • TK_ITERATOR
  111     | • TK_EXPR_TMP_SYMBOL
  112     | • TK_CONSTANT
  113     | • TK_FUNC_SYMBOL '(' expr ')'
  114     | • TK_FUNC_SYMBOL '(' expr_row ')'
  115     | • TK_FLOAT
  116     | • TK_PI
  117     | • TK_INFINITY
  118     | • TK_INT_CST
  119     | • interval
  120     | • TK_INF '(' expr ')'
  121     | • TK_MID '(' expr ')'
  122     | • TK_SUP '(' expr ')'
  123     | • TK_DIFF '(' expr_row ')'
  123     | TK_DIFF '(' • expr_row ')'
  124     | • TK_UNARY_OP '(' expr ')'
  125     | • TK_BINARY_OP '(' expr ',' expr ')'
  126 expr_row: • expr_row ',' expr
  127         | • expr ',' expr

    TK_CONSTANT         shift, and go to state 7
    TK_FUNC_SYMBOL      shift, and go to state 9
    TK_EXPR_TMP_SYMBOL  shift, and go to state 10
    TK_ENTITY           shift, and go to state 11
    TK_ITERATOR         shift, and go to state 12
    TK_UNARY_OP         shift, and go to state 13
    TK_BINARY_OP        shift, and go to state 14
    TK_INT_CST          shift, and go to state 15
    TK_FLOAT            shift, and go to state 16
    TK_PI               shift, and go to state 17
    TK_INFINITY         shift, and go to state 18
    TK_DIFF             shift, and go to state 19
    TK_MIN              shift, and go to state 20
    TK_MAX              shift, and go to state 21
    TK_INF              shift, and go to state 22
    TK_MID              shift, and go to state 23
    TK_SUP              shift, and go to state 24
    TK_SIGN             shift, and go to state 25
    TK_ABS              shift, and go to state 26
    TK_SUM              shift, and go to state 27
    TK_SQRT             shift, and go to state 28
    TK_SQR              shift, and go to state 29
    TK_POW              shift, and go to state 30
    TK_EXPO             shift, and go to state 31
    TK_LOG              shift, and go to state 32
    TK_COS              shift, and go to state 33
    TK_SIN              shift, and go to state 34
    TK_TAN              shift, and go to state 35
    TK_ACOS             shift, and go to state 36
    TK_ASIN             shift, and go to state 37
    TK_ATAN             shift, and go to state 38
    TK_ATAN2            shift, and go to state 39
    TK_COSH             shift, and go to state 40
    TK_SINH             shift, and go to state 41
    TK_TANH             shift, and go to state 42
    TK_ACOSH            shift, and go to state 43
    TK_ASINH            shift, and go to state 44
    TK_ATANH            shift, and go to state 45
    TK_FLOOR            shift, and go to state 46
    TK_CEIL             shift, and go to state 47
    TK_CHI              shift, and go to state 49
    '<'                 shift, and go to state 51
    '+'                 shift, and go to state 52
    '-'                 shift, and go to state 53
    '['                 shift, and go to state 54
    '('                 shift, and go to state 105

    interval  go to state 57
    expr      go to state 145
    expr_row  go to state 146


State 74

   28 interval: • '[' expr ',' expr ']'
   67 expr: • expr '+' expr
   68     | • expr '*' expr
   69     | • expr '-' expr
   70     | • expr '/' expr
   71     | • TK_MAX '(' expr_row ')'
   72     | • TK_MIN '(' expr_row ')'
   72     | TK_MIN '(' • expr_row ')'
   74     | • TK_SUM '(' TK_NEW_SYMBOL TK_EQU expr ':' expr ',' $@6 expr ')'
   75     | • TK_ATAN2 '(' expr ',' expr ')'
   76     | • '-' expr
   77     | • TK_ABS '(' expr ')'
   78     | • TK_SIGN '(' expr ')'
   79     | • expr '\''
   80     | • TK_SQRT '(' expr ')'
   81     | • TK_SQR '(' expr ')'
   82     | • TK_POW '(' expr ',' expr ')'
   83     | • TK_EXPO '(' expr ')'
   84     | • TK_LOG '(' expr ')'
   85     | • TK_COS '(' expr ')'
   86     | • TK_SIN '(' expr ')'
   87     | • TK_TAN '(' expr ')'
   88     | • TK_ACOS '(' expr ')'
   89     | • TK_ASIN '(' expr ')'
   90     | • TK_ATAN '(' expr ')'
   91     | • TK_COSH '(' expr ')'
   92     | • TK_SINH '(' expr ')'
   93     | • TK_TANH '(' expr ')'
   94     | • TK_ACOSH '(' expr ')'
   95     | • TK_ASINH '(' expr ')'
   96     | • TK_ATANH '(' expr ')'
   97     | • TK_FLOOR '(' expr ')'
   98     | • TK_CEIL '(' expr ')'
   99     | • TK_CHI '(' expr ',' expr ',' expr ')'
  100     | • '+' expr
  101     | • '(' expr ')'
  102     | • '<' expr ',' expr '>'
  103     | • expr '^' expr
  104     | • expr '[' expr_index ']'
  105     | • expr '(' expr_index ')'
  106     | • expr '(' expr_index ',' expr_index ')'
  107     | • '(' expr_row ')'
  108     | • '(' expr_col ')'
  109     | • TK_ENTITY
  110     | • TK_ITERATOR
  111     | • TK_EXPR_TMP_SYMBOL
  112     | • TK_CONSTANT
  113     | • TK_FUNC_SYMBOL '(' expr ')'
  114     | • TK_FUNC_SYMBOL '(' expr_row ')'
  115     | • TK_FLOAT
  116     | • TK_PI
  117     | • TK_INFINITY
  118     | • TK_INT_CST
  119     | • interval
  120     | • TK_INF '(' expr ')'
  121     | • TK_MID '(' expr ')'
  122     | • TK_SUP '(' expr ')'
  123     | • TK_DIFF '(' expr_row ')'
  124     | • TK_UNARY_OP '(' expr ')'
  125     | • TK_BINARY_OP '(' expr ',' expr ')'
  126 expr_row: • expr_row ',' expr
  127         | • expr ',' expr

    TK_CONSTANT         shift, and go to state 7
    TK_FUNC_SYMBOL      shift, and go to state 9
    TK_EXPR_TMP_SYMBOL  shift, and go to state 10
    TK_ENTITY           shift, and go to state 11
    TK_ITERATOR         shift, and go to state 12
    TK_UNARY_OP         shift, and go to state 13
    TK_BINARY_OP        shift, and go to state 14
    TK_INT_CST          shift, and go to state 15
    TK_FLOAT            shift, and go to state 16
    TK_PI               shift, and go to state 17
    TK_INFINITY         shift, and go to state 18
    TK_DIFF             shift, and go to state 19
    TK_MIN              shift, and go to state 20
    TK_MAX              shift, and go to state 21
    TK_INF              shift, and go to state 22
    TK_MID              shift, and go to state 23
    TK_SUP              shift, and go to state 24
    TK_SIGN             shift, and go to state 25
    TK_ABS              shift, and go to state 26
    TK_SUM              shift, and go to state 27
    TK_SQRT             shift, and go to state 28
    TK_SQR              shift, and go to state 29
    TK_POW              shift, and go to state 30
    TK_EXPO             shift, and go to state 31
    TK_LOG              shift, and go to state 32
    TK_COS              shift, and go to state 33
    TK_SIN              shift, and go to state 34
    TK_TAN              shift, and go to state 35
    TK_ACOS             shift, and go to state 36
    TK_ASIN             shift, and go to state 37
    TK_ATAN             shift, and go to state 38
    TK_ATAN2            shift, and go to state 39
    TK_COSH             shift, and go to state 40
    TK_SINH             shift, and go to state 41
    TK_TANH             shift, and go to state 42
    TK_ACOSH            shift, and go to state 43
    TK_ASINH            shift, and go to state 44
    TK_ATANH            shift, and go to state 45
    TK_FLOOR            shift, and go to state 46
    TK_CEIL             shift, and go to state 47
    TK_CHI              shift, and go to state 49
    '<'                 shift, and go to state 51
    '+'                 shift, and go to state 52
    '-'                 shift, and go to state 53
    '['                 shift, and go to state 54
    '('                 shift, and go to state 105

    interval  go to state 57
    expr      go to state 145
    expr_row  go to state 147


State 75

   28 interval: • '[' expr ',' expr ']'
   67 expr: • expr '+' expr
   68     | • expr '*' expr
   69     | • expr '-' expr
   70     | • expr '/' expr
   71     | • TK_MAX '(' expr_row ')'
   71     | TK_MAX '(' • expr_row ')'
   72     | • TK_MIN '(' expr_row ')'
   74     | • TK_SUM '(' TK_NEW_SYMBOL TK_EQU expr ':' expr ',' $@6 expr ')'
   75     | • TK_ATAN2 '(' expr ',' expr ')'
   76     | • '-' expr
   77     | • TK_ABS '(' expr ')'
   78     | • TK_SIGN '(' expr ')'
   79     | • expr '\''
   80     | • TK_SQRT '(' expr ')'
   81     | • TK_SQR '(' expr ')'
   82     | • TK_POW '(' expr ',' expr ')'
   83     | • TK_EXPO '(' expr ')'
   84     | • TK_LOG '(' expr ')'
   85     | • TK_COS '(' expr ')'
   86     | • TK_SIN '(' expr ')'
   87     | • TK_TAN '(' expr ')'
   88     | • TK_ACOS '(' expr ')'
   89     | • TK_ASIN '(' expr ')'
   90     | • TK_ATAN '(' expr ')'
   91     | • TK_COSH '(' expr ')'
   92     | • TK_SINH '(' expr ')'
   93     | • TK_TANH '(' expr ')'
   94     | • TK_ACOSH '(' expr ')'
   95     | • TK_ASINH '(' expr ')'
   96     | • TK_ATANH '(' expr ')'
   97     | • TK_FLOOR '(' expr ')'
   98     | • TK_CEIL '(' expr ')'
   99     | • TK_CHI '(' expr ',' expr ',' expr ')'
  100     | • '+' expr
  101     | • '(' expr ')'
  102     | • '<' expr ',' expr '>'
  103     | • expr '^' expr
  104     | • expr '[' expr_index ']'
  105     | • expr '(' expr_index ')'
  106     | • expr '(' expr_index ',' expr_index ')'
  107     | • '(' expr_row ')'
  108     | • '(' expr_col ')'
  109     | • TK_ENTITY
  110     | • TK_ITERATOR
  111     | • TK_EXPR_TMP_SYMBOL
  112     | • TK_CONSTANT
  113     | • TK_FUNC_SYMBOL '(' expr ')'
  114     | • TK_FUNC_SYMBOL '(' expr_row ')'
  115     | • TK_FLOAT
  116     | • TK_PI
  117     | • TK_INFINITY
  118     | • TK_INT_CST
  119     | • interval
  120     | • TK_INF '(' expr ')'
  121     | • TK_MID '(' expr ')'
  122     | • TK_SUP '(' expr ')'
  123     | • TK_DIFF '(' expr_row ')'
  124     | • TK_UNARY_OP '(' expr ')'
  125     | • TK_BINARY_OP '(' expr ',' expr ')'
  126 expr_row: • expr_row ',' expr
  127         | • expr ',' expr

    TK_CONSTANT         shift, and go to state 7
    TK_FUNC_SYMBOL      shift, and go to state 9
    TK_EXPR_TMP_SYMBOL  shift, and go to state 10
    TK_ENTITY           shift, and go to state 11
    TK_ITERATOR         shift, and go to state 12
    TK_UNARY_OP         shift, and go to state 13
    TK_BINARY_OP        shift, and go to state 14
    TK_INT_CST          shift, and go to state 15
    TK_FLOAT            shift, and go to state 16
    TK_PI               shift, and go to state 17
    TK_INFINITY         shift, and go to state 18
    TK_DIFF             shift, and go to state 19
    TK_MIN              shift, and go to state 20
    TK_MAX              shift, and go to state 21
    TK_INF              shift, and go to state 22
    TK_MID              shift, and go to state 23
    TK_SUP              shift, and go to state 24
    TK_SIGN             shift, and go to state 25
    TK_ABS              shift, and go to state 26
    TK_SUM              shift, and go to state 27
    TK_SQRT             shift, and go to state 28
    TK_SQR              shift, and go to state 29
    TK_POW              shift, and go to state 30
    TK_EXPO             shift, and go to state 31
    TK_LOG              shift, and go to state 32
    TK_COS              shift, and go to state 33
    TK_SIN              shift, and go to state 34
    TK_TAN              shift, and go to state 35
    TK_ACOS             shift, and go to state 36
    TK_ASIN             shift, and go to state 37
    TK_ATAN             shift, and go to state 38
    TK_ATAN2            shift, and go to state 39
    TK_COSH             shift, and go to state 40
    TK_SINH             shift, and go to state 41
    TK_TANH             shift, and go to state 42
    TK_ACOSH            shift, and go to state 43
    TK_ASINH            shift, and go to state 44
    TK_ATANH            shift, and go to state 45
    TK_FLOOR            shift, and go to state 46
    TK_CEIL             shift, and go to state 47
    TK_CHI              shift, and go to state 49
    '<'                 shift, and go to state 51
    '+'                 shift, and go to state 52
    '-'                 shift, and go to state 53
    '['                 shift, and go to state 54
    '('                 shift, and go to state 105

    interval  go to state 57
    expr      go to state 145
    expr_row  go to state 148


State 76

   28 interval: • '[' expr ',' expr ']'
   67 expr: • expr '+' expr
   68     | • expr '*' expr
   69     | • expr '-' expr
   70     | • expr '/' expr
   71     | • TK_MAX '(' expr_row ')'
   72     | • TK_MIN '(' expr_row ')'
   74     | • TK_SUM '(' TK_NEW_SYMBOL TK_EQU expr ':' expr ',' $@6 expr ')'
   75     | • TK_ATAN2 '(' expr ',' expr ')'
   76     | • '-' expr
   77     | • TK_ABS '(' expr ')'
   78     | • TK_SIGN '(' expr ')'
   79     | • expr '\''
   80     | • TK_SQRT '(' expr ')'
   81     | • TK_SQR '(' expr ')'
   82     | • TK_POW '(' expr ',' expr ')'
   83     | • TK_EXPO '(' expr ')'
   84     | • TK_LOG '(' expr ')'
   85     | • TK_COS '(' expr ')'
   86     | • TK_SIN '(' expr ')'
   87     | • TK_TAN '(' expr ')'
   88     | • TK_ACOS '(' expr ')'
   89     | • TK_ASIN '(' expr ')'
   90     | • TK_ATAN '(' expr ')'
   91     | • TK_COSH '(' expr ')'
   92     | • TK_SINH '(' expr ')'
   93     | • TK_TANH '(' expr ')'
   94     | • TK_ACOSH '(' expr ')'
   95     | • TK_ASINH '(' expr ')'
   96     | • TK_ATANH '(' expr ')'
   97     | • TK_FLOOR '(' expr ')'
   98     | • TK_CEIL '(' expr ')'
   99     | • TK_CHI '(' expr ',' expr ',' expr ')'
  100     | • '+' expr
  101     | • '(' expr ')'
  102     | • '<' expr ',' expr '>'
  103     | • expr '^' expr
  104     | • expr '[' expr_index ']'
  105     | • expr '(' expr_index ')'
  106     | • expr '(' expr_index ',' expr_index ')'
  107     | • '(' expr_row ')'
  108     | • '(' expr_col ')'
  109     | • TK_ENTITY
  110     | • TK_ITERATOR
  111     | • TK_EXPR_TMP_SYMBOL
  112     | • TK_CONSTANT
  113     | • TK_FUNC_SYMBOL '(' expr ')'
  114     | • TK_FUNC_SYMBOL '(' expr_row ')'
  115     | • TK_FLOAT
  116     | • TK_PI
  117     | • TK_INFINITY
  118     | • TK_INT_CST
  119     | • interval
  120     | • TK_INF '(' expr ')'
  120     | TK_INF '(' • expr ')'
  121     | • TK_MID '(' expr ')'
  122     | • TK_SUP '(' expr ')'
  123     | • TK_DIFF '(' expr_row ')'
  124     | • TK_UNARY_OP '(' expr ')'
  125     | • TK_BINARY_OP '(' expr ',' expr ')'

    TK_CONSTANT         shift, and go to state 7
    TK_FUNC_SYMBOL      shift, and go to state 9
    TK_EXPR_TMP_SYMBOL  shift, and go to state 10
    TK_ENTITY           shift, and go to state 11
    TK_ITERATOR         shift, and go to state 12
    TK_UNARY_OP         shift, and go to state 13
    TK_BINARY_OP        shift, and go to state 14
    TK_INT_CST          shift, and go to state 15
    TK_FLOAT            shift, and go to state 16
    TK_PI               shift, and go to state 17
    TK_INFINITY         shift, and go to state 18
    TK_DIFF             shift, and go to state 19
    TK_MIN              shift, and go to state 20
    TK_MAX              shift, and go to state 21
    TK_INF              shift, and go to state 22
    TK_MID              shift, and go to state 23
    TK_SUP              shift, and go to state 24
    TK_SIGN             shift, and go to state 25
    TK_ABS              shift, and go to state 26
    TK_SUM              shift, and go to state 27
    TK_SQRT             shift, and go to state 28
    TK_SQR              shift, and go to state 29
    TK_POW              shift, and go to state 30
    TK_EXPO             shift, and go to state 31
    TK_LOG              shift, and go to state 32
    TK_COS              shift, and go to state 33
    TK_SIN              shift, and go to state 34
    TK_TAN              shift, and go to state 35
    TK_ACOS             shift, and go to state 36
    TK_ASIN             shift, and go to state 37
    TK_ATAN             shift, and go to state 38
    TK_ATAN2            shift, and go to state 39
    TK_COSH             shift, and go to state 40
    TK_SINH             shift, and go to state 41
    TK_TANH             shift, and go to state 42
    TK_ACOSH            shift, and go to state 43
    TK_ASINH            shift, and go to state 44
    TK_ATANH            shift, and go to state 45
    TK_FLOOR            shift, and go to state 46
    TK_CEIL             shift, and go to state 47
    TK_CHI              shift, and go to state 49
    '<'                 shift, and go to state 51
    '+'                 shift, and go to state 52
    '-'                 shift, and go to state 53
    '['                 shift, and go to state 54
    '('                 shift, and go to state 105

    interval  go to state 57
    expr      go to state 149


State 77

   28 interval: • '[' expr ',' expr ']'
   67 expr: • expr '+' expr
   68     | • expr '*' expr
   69     | • expr '-' expr
   70     | • expr '/' expr
   71     | • TK_MAX '(' expr_row ')'
   72     | • TK_MIN '(' expr_row ')'
   74     | • TK_SUM '(' TK_NEW_SYMBOL TK_EQU expr ':' expr ',' $@6 expr ')'
   75     | • TK_ATAN2 '(' expr ',' expr ')'
   76     | • '-' expr
   77     | • TK_ABS '(' expr ')'
   78     | • TK_SIGN '(' expr ')'
   79     | • expr '\''
   80     | • TK_SQRT '(' expr ')'
   81     | • TK_SQR '(' expr ')'
   82     | • TK_POW '(' expr ',' expr ')'
   83     | • TK_EXPO '(' expr ')'
   84     | • TK_LOG '(' expr ')'
   85     | • TK_COS '(' expr ')'
   86     | • TK_SIN '(' expr ')'
   87     | • TK_TAN '(' expr ')'
   88     | • TK_ACOS '(' expr ')'
   89     | • TK_ASIN '(' expr ')'
   90     | • TK_ATAN '(' expr ')'
   91     | • TK_COSH '(' expr ')'
   92     | • TK_SINH '(' expr ')'
   93     | • TK_TANH '(' expr ')'
   94     | • TK_ACOSH '(' expr ')'
   95     | • TK_ASINH '(' expr ')'
   96     | • TK_ATANH '(' expr ')'
   97     | • TK_FLOOR '(' expr ')'
   98     | • TK_CEIL '(' expr ')'
   99     | • TK_CHI '(' expr ',' expr ',' expr ')'
  100     | • '+' expr
  101     | • '(' expr ')'
  102     | • '<' expr ',' expr '>'
  103     | • expr '^' expr
  104     | • expr '[' expr_index ']'
  105     | • expr '(' expr_index ')'
  106     | • expr '(' expr_index ',' expr_index ')'
  107     | • '(' expr_row ')'
  108     | • '(' expr_col ')'
  109     | • TK_ENTITY
  110     | • TK_ITERATOR
  111     | • TK_EXPR_TMP_SYMBOL
  112     | • TK_CONSTANT
  113     | • TK_FUNC_SYMBOL '(' expr ')'
  114     | • TK_FUNC_SYMBOL '(' expr_row ')'
  115     | • TK_FLOAT
  116     | • TK_PI
  117     | • TK_INFINITY
  118     | • TK_INT_CST
  119     | • interval
  120     | • TK_INF '(' expr ')'
  121     | • TK_MID '(' expr ')'
  121     | TK_MID '(' • expr ')'
  122     | • TK_SUP '(' expr ')'
  123     | • TK_DIFF '(' expr_row ')'
  124     | • TK_UNARY_OP '(' expr ')'
  125     | • TK_BINARY_OP '(' expr ',' expr ')'

    TK_CONSTANT         shift, and go to state 7
    TK_FUNC_SYMBOL      shift, and go to state 9
    TK_EXPR_TMP_SYMBOL  shift, and go to state 10
    TK_ENTITY           shift, and go to state 11
    TK_ITERATOR         shift, and go to state 12
    TK_UNARY_OP         shift, and go to state 13
    TK_BINARY_OP        shift, and go to state 14
    TK_INT_CST          shift, and go to state 15
    TK_FLOAT            shift, and go to state 16
    TK_PI               shift, and go to state 17
    TK_INFINITY         shift, and go to state 18
    TK_DIFF             shift, and go to state 19
    TK_MIN              shift, and go to state 20
    TK_MAX              shift, and go to state 21
    TK_INF              shift, and go to state 22
    TK_MID              shift, and go to state 23
    TK_SUP              shift, and go to state 24
    TK_SIGN             shift, and go to state 25
    TK_ABS              shift, and go to state 26
    TK_SUM              shift, and go to state 27
    TK_SQRT             shift, and go to state 28
    TK_SQR              shift, and go to state 29
    TK_POW              shift, and go to state 30
    TK_EXPO             shift, and go to state 31
    TK_LOG              shift, and go to state 32
    TK_COS              shift, and go to state 33
    TK_SIN              shift, and go to state 34
    TK_TAN              shift, and go to state 35
    TK_ACOS             shift, and go to state 36
    TK_ASIN             shift, and go to state 37
    TK_ATAN             shift, and go to state 38
    TK_ATAN2            shift, and go to state 39
    TK_COSH             shift, and go to state 40
    TK_SINH             shift, and go to state 41
    TK_TANH             shift, and go to state 42
    TK_ACOSH            shift, and go to state 43
    TK_ASINH            shift, and go to state 44
    TK_ATANH            shift, and go to state 45
    TK_FLOOR            shift, and go to state 46
    TK_CEIL             shift, and go to state 47
    TK_CHI              shift, and go to state 49
    '<'                 shift, and go to state 51
    '+'                 shift, and go to state 52
    '-'                 shift, and go to state 53
    '['                 shift, and go to state 54
    '('                 shift, and go to state 105

    interval  go to state 57
    expr      go to state 150


State 78

   28 interval: • '[' expr ',' expr ']'
   67 expr: • expr '+' expr
   68     | • expr '*' expr
   69     | • expr '-' expr
   70     | • expr '/' expr
   71     | • TK_MAX '(' expr_row ')'
   72     | • TK_MIN '(' expr_row ')'
   74     | • TK_SUM '(' TK_NEW_SYMBOL TK_EQU expr ':' expr ',' $@6 expr ')'
   75     | • TK_ATAN2 '(' expr ',' expr ')'
   76     | • '-' expr
   77     | • TK_ABS '(' expr ')'
   78     | • TK_SIGN '(' expr ')'
   79     | • expr '\''
   80     | • TK_SQRT '(' expr ')'
   81     | • TK_SQR '(' expr ')'
   82     | • TK_POW '(' expr ',' expr ')'
   83     | • TK_EXPO '(' expr ')'
   84     | • TK_LOG '(' expr ')'
   85     | • TK_COS '(' expr ')'
   86     | • TK_SIN '(' expr ')'
   87     | • TK_TAN '(' expr ')'
   88     | • TK_ACOS '(' expr ')'
   89     | • TK_ASIN '(' expr ')'
   90     | • TK_ATAN '(' expr ')'
   91     | • TK_COSH '(' expr ')'
   92     | • TK_SINH '(' expr ')'
   93     | • TK_TANH '(' expr ')'
   94     | • TK_ACOSH '(' expr ')'
   95     | • TK_ASINH '(' expr ')'
   96     | • TK_ATANH '(' expr ')'
   97     | • TK_FLOOR '(' expr ')'
   98     | • TK_CEIL '(' expr ')'
   99     | • TK_CHI '(' expr ',' expr ',' expr ')'
  100     | • '+' expr
  101     | • '(' expr ')'
  102     | • '<' expr ',' expr '>'
  103     | • expr '^' expr
  104     | • expr '[' expr_index ']'
  105     | • expr '(' expr_index ')'
  106     | • expr '(' expr_index ',' expr_index ')'
  107     | • '(' expr_row ')'
  108     | • '(' expr_col ')'
  109     | • TK_ENTITY
  110     | • TK_ITERATOR
  111     | • TK_EXPR_TMP_SYMBOL
  112     | • TK_CONSTANT
  113     | • TK_FUNC_SYMBOL '(' expr ')'
  114     | • TK_FUNC_SYMBOL '(' expr_row ')'
  115     | • TK_FLOAT
  116     | • TK_PI
  117     | • TK_INFINITY
  118     | • TK_INT_CST
  119     | • interval
  120     | • TK_INF '(' expr ')'
  121     | • TK_MID '(' expr ')'
  122     | • TK_SUP '(' expr ')'
  122     | TK_SUP '(' • expr ')'
  123     | • TK_DIFF '(' expr_row ')'
  124     | • TK_UNARY_OP '(' expr ')'
  125     | • TK_BINARY_OP '(' expr ',' expr ')'

    TK_CONSTANT         shift, and go to state 7
    TK_FUNC_SYMBOL      shift, and go to state 9
    TK_EXPR_TMP_SYMBOL  shift, and go to state 10
    TK_ENTITY           shift, and go to state 11
    TK_ITERATOR         shift, and go to state 12
    TK_UNARY_OP         shift, and go to state 13
    TK_BINARY_OP        shift, and go to state 14
    TK_INT_CST          shift, and go to state 15
    TK_FLOAT            shift, and go to state 16
    TK_PI               shift, and go to state 17
    TK_INFINITY         shift, and go to state 18
    TK_DIFF             shift, and go to state 19
    TK_MIN              shift, and go to state 20
    TK_MAX              shift, and go to state 21
    TK_INF              shift, and go to state 22
    TK_MID              shift, and go to state 23
    TK_SUP              shift, and go to state 24
    TK_SIGN             shift, and go to state 25
    TK_ABS              shift, and go to state 26
    TK_SUM              shift, and go to state 27
    TK_SQRT             shift, and go to state 28
    TK_SQR              shift, and go to state 29
    TK_POW              shift, and go to state 30
    TK_EXPO             shift, and go to state 31
    TK_LOG              shift, and go to state 32
    TK_COS              shift, and go to state 33
    TK_SIN              shift, and go to state 34
    TK_TAN              shift, and go to state 35
    TK_ACOS             shift, and go to state 36
    TK_ASIN             shift, and go to state 37
    TK_ATAN             shift, and go to state 38
    TK_ATAN2            shift, and go to state 39
    TK_COSH             shift, and go to state 40
    TK_SINH             shift, and go to state 41
    TK_TANH             shift, and go to state 42
    TK_ACOSH            shift, and go to state 43
    TK_ASINH            shift, and go to state 44
    TK_ATANH            shift, and go to state 45
    TK_FLOOR            shift, and go to state 46
    TK_CEIL             shift, and go to state 47
    TK_CHI              shift, and go to state 49
    '<'                 shift, and go to state 51
    '+'                 shift, and go to state 52
    '-'                 shift, and go to state 53
    '['                 shift, and go to state 54
    '('                 shift, and go to state 105

    interval  go to state 57
    expr      go to state 151


State 79

   28 interval: • '[' expr ',' expr ']'
   67 expr: • expr '+' expr
   68     | • expr '*' expr
   69     | • expr '-' expr
   70     | • expr '/' expr
   71     | • TK_MAX '(' expr_row ')'
   72     | • TK_MIN '(' expr_row ')'
   74     | • TK_SUM '(' TK_NEW_SYMBOL TK_EQU expr ':' expr ',' $@6 expr ')'
   75     | • TK_ATAN2 '(' expr ',' expr ')'
   76     | • '-' expr
   77     | • TK_ABS '(' expr ')'
   78     | • TK_SIGN '(' expr ')'
   78     | TK_SIGN '(' • expr ')'
   79     | • expr '\''
   80     | • TK_SQRT '(' expr ')'
   81     | • TK_SQR '(' expr ')'
   82     | • TK_POW '(' expr ',' expr ')'
   83     | • TK_EXPO '(' expr ')'
   84     | • TK_LOG '(' expr ')'
   85     | • TK_COS '(' expr ')'
   86     | • TK_SIN '(' expr ')'
   87     | • TK_TAN '(' expr ')'
   88     | • TK_ACOS '(' expr ')'
   89     | • TK_ASIN '(' expr ')'
   90     | • TK_ATAN '(' expr ')'
   91     | • TK_COSH '(' expr ')'
   92     | • TK_SINH '(' expr ')'
   93     | • TK_TANH '(' expr ')'
   94     | • TK_ACOSH '(' expr ')'
   95     | • TK_ASINH '(' expr ')'
   96     | • TK_ATANH '(' expr ')'
   97     | • TK_FLOOR '(' expr ')'
   98     | • TK_CEIL '(' expr ')'
   99     | • TK_CHI '(' expr ',' expr ',' expr ')'
  100     | • '+' expr
  101     | • '(' expr ')'
  102     | • '<' expr ',' expr '>'
  103     | • expr '^' expr
  104     | • expr '[' expr_index ']'
  105     | • expr '(' expr_index ')'
  106     | • expr '(' expr_index ',' expr_index ')'
  107     | • '(' expr_row ')'
  108     | • '(' expr_col ')'
  109     | • TK_ENTITY
  110     | • TK_ITERATOR
  111     | • TK_EXPR_TMP_SYMBOL
  112     | • TK_CONSTANT
  113     | • TK_FUNC_SYMBOL '(' expr ')'
  114     | • TK_FUNC_SYMBOL '(' expr_row ')'
  115     | • TK_FLOAT
  116     | • TK_PI
  117     | • TK_INFINITY
  118     | • TK_INT_CST
  119     | • interval
  120     | • TK_INF '(' expr ')'
  121     | • TK_MID '(' expr ')'
  122     | • TK_SUP '(' expr ')'
  123     | • TK_DIFF '(' expr_row ')'
  124     | • TK_UNARY_OP '(' expr ')'
  125     | • TK_BINARY_OP '(' expr ',' expr ')'

    TK_CONSTANT         shift, and go to state 7
    TK_FUNC_SYMBOL      shift, and go to state 9
    TK_EXPR_TMP_SYMBOL  shift, and go to state 10
    TK_ENTITY           shift, and go to state 11
    TK_ITERATOR         shift, and go to state 12
    TK_UNARY_OP         shift, and go to state 13
    TK_BINARY_OP        shift, and go to state 14
    TK_INT_CST          shift, and go to state 15
    TK_FLOAT            shift, and go to state 16
    TK_PI               shift, and go to state 17
    TK_INFINITY         shift, and go to state 18
    TK_DIFF             shift, and go to state 19
    TK_MIN              shift, and go to state 20
    TK_MAX              shift, and go to state 21
    TK_INF              shift, and go to state 22
    TK_MID              shift, and go to state 23
    TK_SUP              shift, and go to state 24
    TK_SIGN             shift, and go to state 25
    TK_ABS              shift, and go to state 26
    TK_SUM              shift, and go to state 27
    TK_SQRT             shift, and go to state 28
    TK_SQR              shift, and go to state 29
    TK_POW              shift, and go to state 30
    TK_EXPO             shift, and go to state 31
    TK_LOG              shift, and go to state 32
    TK_COS              shift, and go to state 33
    TK_SIN              shift, and go to state 34
    TK_TAN              shift, and go to state 35
    TK_ACOS             shift, and go to state 36
    TK_ASIN             shift, and go to state 37
    TK_ATAN             shift, and go to state 38
    TK_ATAN2            shift, and go to state 39
    TK_COSH             shift, and go to state 40
    TK_SINH             shift, and go to state 41
    TK_TANH             shift, and go to state 42
    TK_ACOSH            shift, and go to state 43
    TK_ASINH            shift, and go to state 44
    TK_ATANH            shift, and go to state 45
    TK_FLOOR            shift, and go to state 46
    TK_CEIL             shift, and go to state 47
    TK_CHI              shift, and go to state 49
    '<'                 shift, and go to state 51
    '+'                 shift, and go to state 52
    '-'                 shift, and go to state 53
    '['                 shift, and go to state 54
    '('                 shift, and go to state 105

    interval  go to state 57
    expr      go to state 152


State 80

   28 interval: • '[' expr ',' expr ']'
   67 expr: • expr '+' expr
   68     | • expr '*' expr
   69     | • expr '-' expr
   70     | • expr '/' expr
   71     | • TK_MAX '(' expr_row ')'
   72     | • TK_MIN '(' expr_row ')'
   74     | • TK_SUM '(' TK_NEW_SYMBOL TK_EQU expr ':' expr ',' $@6 expr ')'
   75     | • TK_ATAN2 '(' expr ',' expr ')'
   76     | • '-' expr
   77     | • TK_ABS '(' expr ')'
   77     | TK_ABS '(' • expr ')'
   78     | • TK_SIGN '(' expr ')'
   79     | • expr '\''
   80     | • TK_SQRT '(' expr ')'
   81     | • TK_SQR '(' expr ')'
   82     | • TK_POW '(' expr ',' expr ')'
   83     | • TK_EXPO '(' expr ')'
   84     | • TK_LOG '(' expr ')'
   85     | • TK_COS '(' expr ')'
   86     | • TK_SIN '(' expr ')'
   87     | • TK_TAN '(' expr ')'
   88     | • TK_ACOS '(' expr ')'
   89     | • TK_ASIN '(' expr ')'
   90     | • TK_ATAN '(' expr ')'
   91     | • TK_COSH '(' expr ')'
   92     | • TK_SINH '(' expr ')'
   93     | • TK_TANH '(' expr ')'
   94     | • TK_ACOSH '(' expr ')'
   95     | • TK_ASINH '(' expr ')'
   96     | • TK_ATANH '(' expr ')'
   97     | • TK_FLOOR '(' expr ')'
   98     | • TK_CEIL '(' expr ')'
   99     | • TK_CHI '(' expr ',' expr ',' expr ')'
  100     | • '+' expr
  101     | • '(' expr ')'
  102     | • '<' expr ',' expr '>'
  103     | • expr '^' expr
  104     | • expr '[' expr_index ']'
  105     | • expr '(' expr_index ')'
  106     | • expr '(' expr_index ',' expr_index ')'
  107     | • '(' expr_row ')'
  108     | • '(' expr_col ')'
  109     | • TK_ENTITY
  110     | • TK_ITERATOR
  111     | • TK_EXPR_TMP_SYMBOL
  112     | • TK_CONSTANT
  113     | • TK_FUNC_SYMBOL '(' expr ')'
  114     | • TK_FUNC_SYMBOL '(' expr_row ')'
  115     | • TK_FLOAT
  116     | • TK_PI
  117     | • TK_INFINITY
  118     | • TK_INT_CST
  119     | • interval
  120     | • TK_INF '(' expr ')'
  121     | • TK_MID '(' expr ')'
  122     | • TK_SUP '(' expr ')'
  123     | • TK_DIFF '(' expr_row ')'
  124     | • TK_UNARY_OP '(' expr ')'
  125     | • TK_BINARY_OP '(' expr ',' expr ')'

    TK_CONSTANT         shift, and go to state 7
    TK_FUNC_SYMBOL      shift, and go to state 9
    TK_EXPR_TMP_SYMBOL  shift, and go to state 10
    TK_ENTITY           shift, and go to state 11
    TK_ITERATOR         shift, and go to state 12
    TK_UNARY_OP         shift, and go to state 13
    TK_BINARY_OP        shift, and go to state 14
    TK_INT_CST          shift, and go to state 15
    TK_FLOAT            shift, and go to state 16
    TK_PI               shift, and go to state 17
    TK_INFINITY         shift, and go to state 18
    TK_DIFF             shift, and go to state 19
    TK_MIN              shift, and go to state 20
    TK_MAX              shift, and go to state 21
    TK_INF              shift, and go to state 22
    TK_MID              shift, and go to state 23
    TK_SUP              shift, and go to state 24
    TK_SIGN             shift, and go to state 25
    TK_ABS              shift, and go to state 26
    TK_SUM              shift, and go to state 27
    TK_SQRT             shift, and go to state 28
    TK_SQR              shift, and go to state 29
    TK_POW              shift, and go to state 30
    TK_EXPO             shift, and go to state 31
    TK_LOG              shift, and go to state 32
    TK_COS              shift, and go to state 33
    TK_SIN              shift, and go to state 34
    TK_TAN              shift, and go to state 35
    TK_ACOS             shift, and go to state 36
    TK_ASIN             shift, and go to state 37
    TK_ATAN             shift, and go to state 38
    TK_ATAN2            shift, and go to state 39
    TK_COSH             shift, and go to state 40
    TK_SINH             shift, and go to state 41
    TK_TANH             shift, and go to state 42
    TK_ACOSH            shift, and go to state 43
    TK_ASINH            shift, and go to state 44
    TK_ATANH            shift, and go to state 45
    TK_FLOOR            shift, and go to state 46
    TK_CEIL             shift, and go to state 47
    TK_CHI              shift, and go to state 49
    '<'                 shift, and go to state 51
    '+'                 shift, and go to state 52
    '-'                 shift, and go to state 53
    '['                 shift, and go to state 54
    '('                 shift, and go to state 105

    interval  go to state 57
    expr      go to state 153


State 81

   74 expr: TK_SUM '(' • TK_NEW_SYMBOL TK_EQU expr ':' expr ',' $@6 expr ')'

    TK_NEW_SYMBOL  shift, and go to state 154


State 82

   28 interval: • '[' expr ',' expr ']'
   67 expr: • expr '+' expr
   68     | • expr '*' expr
   69     | • expr '-' expr
   70     | • expr '/' expr
   71     | • TK_MAX '(' expr_row ')'
   72     | • TK_MIN '(' expr_row ')'
   74     | • TK_SUM '(' TK_NEW_SYMBOL TK_EQU expr ':' expr ',' $@6 expr ')'
   75     | • TK_ATAN2 '(' expr ',' expr ')'
   76     | • '-' expr
   77     | • TK_ABS '(' expr ')'
   78     | • TK_SIGN '(' expr ')'
   79     | • expr '\''
   80     | • TK_SQRT '(' expr ')'
   80     | TK_SQRT '(' • expr ')'
   81     | • TK_SQR '(' expr ')'
   82     | • TK_POW '(' expr ',' expr ')'
   83     | • TK_EXPO '(' expr ')'
   84     | • TK_LOG '(' expr ')'
   85     | • TK_COS '(' expr ')'
   86     | • TK_SIN '(' expr ')'
   87     | • TK_TAN '(' expr ')'
   88     | • TK_ACOS '(' expr ')'
   89     | • TK_ASIN '(' expr ')'
   90     | • TK_ATAN '(' expr ')'
   91     | • TK_COSH '(' expr ')'
   92     | • TK_SINH '(' expr ')'
   93     | • TK_TANH '(' expr ')'
   94     | • TK_ACOSH '(' expr ')'
   95     | • TK_ASINH '(' expr ')'
   96     | • TK_ATANH '(' expr ')'
   97     | • TK_FLOOR '(' expr ')'
   98     | • TK_CEIL '(' expr ')'
   99     | • TK_CHI '(' expr ',' expr ',' expr ')'
  100     | • '+' expr
  101     | • '(' expr ')'
  102     | • '<' expr ',' expr '>'
  103     | • expr '^' expr
  104     | • expr '[' expr_index ']'
  105     | • expr '(' expr_index ')'
  106     | • expr '(' expr_index ',' expr_index ')'
  107     | • '(' expr_row ')'
  108     | • '(' expr_col ')'
  109     | • TK_ENTITY
  110     | • TK_ITERATOR
  111     | • TK_EXPR_TMP_SYMBOL
  112     | • TK_CONSTANT
  113     | • TK_FUNC_SYMBOL '(' expr ')'
  114     | • TK_FUNC_SYMBOL '(' expr_row ')'
  115     | • TK_FLOAT
  116     | • TK_PI
  117     | • TK_INFINITY
  118     | • TK_INT_CST
  119     | • interval
  120     | • TK_INF '(' expr ')'
  121     | • TK_MID '(' expr ')'
  122     | • TK_SUP '(' expr ')'
  123     | • TK_DIFF '(' expr_row ')'
  124     | • TK_UNARY_OP '(' expr ')'
  125     | • TK_BINARY_OP '(' expr ',' expr ')'

    TK_CONSTANT         shift, and go to state 7
    TK_FUNC_SYMBOL      shift, and go to state 9
    TK_EXPR_TMP_SYMBOL  shift, and go to state 10
    TK_ENTITY           shift, and go to state 11
    TK_ITERATOR         shift, and go to state 12
    TK_UNARY_OP         shift, and go to state 13
    TK_BINARY_OP        shift, and go to state 14
    TK_INT_CST          shift, and go to state 15
    TK_FLOAT            shift, and go to state 16
    TK_PI               shift, and go to state 17
    TK_INFINITY         shift, and go to state 18
    TK_DIFF             shift, and go to state 19
    TK_MIN              shift, and go to state 20
    TK_MAX              shift, and go to state 21
    TK_INF              shift, and go to state 22
    TK_MID              shift, and go to state 23
    TK_SUP              shift, and go to state 24
    TK_SIGN             shift, and go to state 25
    TK_ABS              shift, and go to state 26
    TK_SUM              shift, and go to state 27
    TK_SQRT             shift, and go to state 28
    TK_SQR              shift, and go to state 29
    TK_POW              shift, and go to state 30
    TK_EXPO             shift, and go to state 31
    TK_LOG              shift, and go to state 32
    TK_COS              shift, and go to state 33
    TK_SIN              shift, and go to state 34
    TK_TAN              shift, and go to state 35
    TK_ACOS             shift, and go to state 36
    TK_ASIN             shift, and go to state 37
    TK_ATAN             shift, and go to state 38
    TK_ATAN2            shift, and go to state 39
    TK_COSH             shift, and go to state 40
    TK_SINH             shift, and go to state 41
    TK_TANH             shift, and go to state 42
    TK_ACOSH            shift, and go to state 43
    TK_ASINH            shift, and go to state 44
    TK_ATANH            shift, and go to state 45
    TK_FLOOR            shift, and go to state 46
    TK_CEIL             shift, and go to state 47
    TK_CHI              shift, and go to state 49
    '<'                 shift, and go to state 51
    '+'                 shift, and go to state 52
    '-'                 shift, and go to state 53
    '['                 shift, and go to state 54
    '('                 shift, and go to state 105

    interval  go to state 57
    expr      go to state 155


State 83

   28 interval: • '[' expr ',' expr ']'
   67 expr: • expr '+' expr
   68     | • expr '*' expr
   69     | • expr '-' expr
   70     | • expr '/' expr
   71     | • TK_MAX '(' expr_row ')'
   72     | • TK_MIN '(' expr_row ')'
   74     | • TK_SUM '(' TK_NEW_SYMBOL TK_EQU expr ':' expr ',' $@6 expr ')'
   75     | • TK_ATAN2 '(' expr ',' expr ')'
   76     | • '-' expr
   77     | • TK_ABS '(' expr ')'
   78     | • TK_SIGN '(' expr ')'
   79     | • expr '\''
   80     | • TK_SQRT '(' expr ')'
   81     | • TK_SQR '(' expr ')'
   81     | TK_SQR '(' • expr ')'
   82     | • TK_POW '(' expr ',' expr ')'
   83     | • TK_EXPO '(' expr ')'
   84     | • TK_LOG '(' expr ')'
   85     | • TK_COS '(' expr ')'
   86     | • TK_SIN '(' expr ')'
   87     | • TK_TAN '(' expr ')'
   88     | • TK_ACOS '(' expr ')'
   89     | • TK_ASIN '(' expr ')'
   90     | • TK_ATAN '(' expr ')'
   91     | • TK_COSH '(' expr ')'
   92     | • TK_SINH '(' expr ')'
   93     | • TK_TANH '(' expr ')'
   94     | • TK_ACOSH '(' expr ')'
   95     | • TK_ASINH '(' expr ')'
   96     | • TK_ATANH '(' expr ')'
   97     | • TK_FLOOR '(' expr ')'
   98     | • TK_CEIL '(' expr ')'
   99     | • TK_CHI '(' expr ',' expr ',' expr ')'
  100     | • '+' expr
  101     | • '(' expr ')'
  102     | • '<' expr ',' expr '>'
  103     | • expr '^' expr
  104     | • expr '[' expr_index ']'
  105     | • expr '(' expr_index ')'
  106     | • expr '(' expr_index ',' expr_index ')'
  107     | • '(' expr_row ')'
  108     | • '(' expr_col ')'
  109     | • TK_ENTITY
  110     | • TK_ITERATOR
  111     | • TK_EXPR_TMP_SYMBOL
  112     | • TK_CONSTANT
  113     | • TK_FUNC_SYMBOL '(' expr ')'
  114     | • TK_FUNC_SYMBOL '(' expr_row ')'
  115     | • TK_FLOAT
  116     | • TK_PI
  117     | • TK_INFINITY
  118     | • TK_INT_CST
  119     | • interval
  120     | • TK_INF '(' expr ')'
  121     | • TK_MID '(' expr ')'
  122     | • TK_SUP '(' expr ')'
  123     | • TK_DIFF '(' expr_row ')'
  124     | • TK_UNARY_OP '(' expr ')'
  125     | • TK_BINARY_OP '(' expr ',' expr ')'

    TK_CONSTANT         shift, and go to state 7
    TK_FUNC_SYMBOL      shift, and go to state 9
    TK_EXPR_TMP_SYMBOL  shift, and go to state 10
    TK_ENTITY           shift, and go to state 11
    TK_ITERATOR         shift, and go to state 12
    TK_UNARY_OP         shift, and go to state 13
    TK_BINARY_OP        shift, and go to state 14
    TK_INT_CST          shift, and go to state 15
    TK_FLOAT            shift, and go to state 16
    TK_PI               shift, and go to state 17
    TK_INFINITY         shift, and go to state 18
    TK_DIFF             shift, and go to state 19
    TK_MIN              shift, and go to state 20
    TK_MAX              shift, and go to state 21
    TK_INF              shift, and go to state 22
    TK_MID              shift, and go to state 23
    TK_SUP              shift, and go to state 24
    TK_SIGN             shift, and go to state 25
    TK_ABS              shift, and go to state 26
    TK_SUM              shift, and go to state 27
    TK_SQRT             shift, and go to state 28
    TK_SQR              shift, and go to state 29
    TK_POW              shift, and go to state 30
    TK_EXPO             shift, and go to state 31
    TK_LOG              shift, and go to state 32
    TK_COS              shift, and go to state 33
    TK_SIN              shift, and go to state 34
    TK_TAN              shift, and go to state 35
    TK_ACOS             shift, and go to state 36
    TK_ASIN             shift, and go to state 37
    TK_ATAN             shift, and go to state 38
    TK_ATAN2            shift, and go to state 39
    TK_COSH             shift, and go to state 40
    TK_SINH             shift, and go to state 41
    TK_TANH             shift, and go to state 42
    TK_ACOSH            shift, and go to state 43
    TK_ASINH            shift, and go to state 44
    TK_ATANH            shift, and go to state 45
    TK_FLOOR            shift, and go to state 46
    TK_CEIL             shift, and go to state 47
    TK_CHI              shift, and go to state 49
    '<'                 shift, and go to state 51
    '+'                 shift, and go to state 52
    '-'                 shift, and go to state 53
    '['                 shift, and go to state 54
    '('                 shift, and go to state 105

    interval  go to state 57
    expr      go to state 156


State 84

   28 interval: • '[' expr ',' expr ']'
   67 expr: • expr '+' expr
   68     | • expr '*' expr
   69     | • expr '-' expr
   70     | • expr '/' expr
   71     | • TK_MAX '(' expr_row ')'
   72     | • TK_MIN '(' expr_row ')'
   74     | • TK_SUM '(' TK_NEW_SYMBOL TK_EQU expr ':' expr ',' $@6 expr ')'
   75     | • TK_ATAN2 '(' expr ',' expr ')'
   76     | • '-' expr
   77     | • TK_ABS '(' expr ')'
   78     | • TK_SIGN '(' expr ')'
   79     | • expr '\''
   80     | • TK_SQRT '(' expr ')'
   81     | • TK_SQR '(' expr ')'
   82     | • TK_POW '(' expr ',' expr ')'
   82     | TK_POW '(' • expr ',' expr ')'
   83     | • TK_EXPO '(' expr ')'
   84     | • TK_LOG '(' expr ')'
   85     | • TK_COS '(' expr ')'
   86     | • TK_SIN '(' expr ')'
   87     | • TK_TAN '(' expr ')'
   88     | • TK_ACOS '(' expr ')'
   89     | • TK_ASIN '(' expr ')'
   90     | • TK_ATAN '(' expr ')'
   91     | • TK_COSH '(' expr ')'
   92     | • TK_SINH '(' expr ')'
   93     | • TK_TANH '(' expr ')'
   94     | • TK_ACOSH '(' expr ')'
   95     | • TK_ASINH '(' expr ')'
   96     | • TK_ATANH '(' expr ')'
   97     | • TK_FLOOR '(' expr ')'
   98     | • TK_CEIL '(' expr ')'
   99     | • TK_CHI '(' expr ',' expr ',' expr ')'
  100     | • '+' expr
  101     | • '(' expr ')'
  102     | • '<' expr ',' expr '>'
  103     | • expr '^' expr
  104     | • expr '[' expr_index ']'
  105     | • expr '(' expr_index ')'
  106     | • expr '(' expr_index ',' expr_index ')'
  107     | • '(' expr_row ')'
  108     | • '(' expr_col ')'
  109     | • TK_ENTITY
  110     | • TK_ITERATOR
  111     | • TK_EXPR_TMP_SYMBOL
  112     | • TK_CONSTANT
  113     | • TK_FUNC_SYMBOL '(' expr ')'
  114     | • TK_FUNC_SYMBOL '(' expr_row ')'
  115     | • TK_FLOAT
  116     | • TK_PI
  117     | • TK_INFINITY
  118     | • TK_INT_CST
  119     | • interval
  120     | • TK_INF '(' expr ')'
  121     | • TK_MID '(' expr ')'
  122     | • TK_SUP '(' expr ')'
  123     | • TK_DIFF '(' expr_row ')'
  124     | • TK_UNARY_OP '(' expr ')'
  125     | • TK_BINARY_OP '(' expr ',' expr ')'

    TK_CONSTANT         shift, and go to state 7
    TK_FUNC_SYMBOL      shift, and go to state 9
    TK_EXPR_TMP_SYMBOL  shift, and go to state 10
    TK_ENTITY           shift, and go to state 11
    TK_ITERATOR         shift, and go to state 12
    TK_UNARY_OP         shift, and go to state 13
    TK_BINARY_OP        shift, and go to state 14
    TK_INT_CST          shift, and go to state 15
    TK_FLOAT            shift, and go to state 16
    TK_PI               shift, and go to state 17
    TK_INFINITY         shift, and go to state 18
    TK_DIFF             shift, and go to state 19
    TK_MIN              shift, and go to state 20
    TK_MAX              shift, and go to state 21
    TK_INF              shift, and go to state 22
    TK_MID              shift, and go to state 23
    TK_SUP              shift, and go to state 24
    TK_SIGN             shift, and go to state 25
    TK_ABS              shift, and go to state 26
    TK_SUM              shift, and go to state 27
    TK_SQRT             shift, and go to state 28
    TK_SQR              shift, and go to state 29
    TK_POW              shift, and go to state 30
    TK_EXPO             shift, and go to state 31
    TK_LOG              shift, and go to state 32
    TK_COS              shift, and go to state 33
    TK_SIN              shift, and go to state 34
    TK_TAN              shift, and go to state 35
    TK_ACOS             shift, and go to state 36
    TK_ASIN             shift, and go to state 37
    TK_ATAN             shift, and go to state 38
    TK_ATAN2            shift, and go to state 39
    TK_COSH             shift, and go to state 40
    TK_SINH             shift, and go to state 41
    TK_TANH             shift, and go to state 42
    TK_ACOSH            shift, and go to state 43
    TK_ASINH            shift, and go to state 44
    TK_ATANH            shift, and go to state 45
    TK_FLOOR            shift, and go to state 46
    TK_CEIL             shift, and go to state 47
    TK_CHI              shift, and go to state 49
    '<'                 shift, and go to state 51
    '+'                 shift, and go to state 52
    '-'                 shift, and go to state 53
    '['                 shift, and go to state 54
    '('                 shift, and go to state 105

    interval  go to state 57
    expr      go to state 157


State 85

   28 interval: • '[' expr ',' expr ']'
   67 expr: • expr '+' expr
   68     | • expr '*' expr
   69     | • expr '-' expr
   70     | • expr '/' expr
   71     | • TK_MAX '(' expr_row ')'
   72     | • TK_MIN '(' expr_row ')'
   74     | • TK_SUM '(' TK_NEW_SYMBOL TK_EQU expr ':' expr ',' $@6 expr ')'
   75     | • TK_ATAN2 '(' expr ',' expr ')'
   76     | • '-' expr
   77     | • TK_ABS '(' expr ')'
   78     | • TK_SIGN '(' expr ')'
   79     | • expr '\''
   80     | • TK_SQRT '(' expr ')'
   81     | • TK_SQR '(' expr ')'
   82     | • TK_POW '(' expr ',' expr ')'
   83     | • TK_EXPO '(' expr ')'
   83     | TK_EXPO '(' • expr ')'
   84     | • TK_LOG '(' expr ')'
   85     | • TK_COS '(' expr ')'
   86     | • TK_SIN '(' expr ')'
   87     | • TK_TAN '(' expr ')'
   88     | • TK_ACOS '(' expr ')'
   89     | • TK_ASIN '(' expr ')'
   90     | • TK_ATAN '(' expr ')'
   91     | • TK_COSH '(' expr ')'
   92     | • TK_SINH '(' expr ')'
   93     | • TK_TANH '(' expr ')'
   94     | • TK_ACOSH '(' expr ')'
   95     | • TK_ASINH '(' expr ')'
   96     | • TK_ATANH '(' expr ')'
   97     | • TK_FLOOR '(' expr ')'
   98     | • TK_CEIL '(' expr ')'
   99     | • TK_CHI '(' expr ',' expr ',' expr ')'
  100     | • '+' expr
  101     | • '(' expr ')'
  102     | • '<' expr ',' expr '>'
  103     | • expr '^' expr
  104     | • expr '[' expr_index ']'
  105     | • expr '(' expr_index ')'
  106     | • expr '(' expr_index ',' expr_index ')'
  107     | • '(' expr_row ')'
  108     | • '(' expr_col ')'
  109     | • TK_ENTITY
  110     | • TK_ITERATOR
  111     | • TK_EXPR_TMP_SYMBOL
  112     | • TK_CONSTANT
  113     | • TK_FUNC_SYMBOL '(' expr ')'
  114     | • TK_FUNC_SYMBOL '(' expr_row ')'
  115     | • TK_FLOAT
  116     | • TK_PI
  117     | • TK_INFINITY
  118     | • TK_INT_CST
  119     | • interval
  120     | • TK_INF '(' expr ')'
  121     | • TK_MID '(' expr ')'
  122     | • TK_SUP '(' expr ')'
  123     | • TK_DIFF '(' expr_row ')'
  124     | • TK_UNARY_OP '(' expr ')'
  125     | • TK_BINARY_OP '(' expr ',' expr ')'

    TK_CONSTANT         shift, and go to state 7
    TK_FUNC_SYMBOL      shift, and go to state 9
    TK_EXPR_TMP_SYMBOL  shift, and go to state 10
    TK_ENTITY           shift, and go to state 11
    TK_ITERATOR         shift, and go to state 12
    TK_UNARY_OP         shift, and go to state 13
    TK_BINARY_OP        shift, and go to state 14
    TK_INT_CST          shift, and go to state 15
    TK_FLOAT            shift, and go to state 16
    TK_PI               shift, and go to state 17
    TK_INFINITY         shift, and go to state 18
    TK_DIFF             shift, and go to state 19
    TK_MIN              shift, and go to state 20
    TK_MAX              shift, and go to state 21
    TK_INF              shift, and go to state 22
    TK_MID              shift, and go to state 23
    TK_SUP              shift, and go to state 24
    TK_SIGN             shift, and go to state 25
    TK_ABS              shift, and go to state 26
    TK_SUM              shift, and go to state 27
    TK_SQRT             shift, and go to state 28
    TK_SQR              shift, and go to state 29
    TK_POW              shift, and go to state 30
    TK_EXPO             shift, and go to state 31
    TK_LOG              shift, and go to state 32
    TK_COS              shift, and go to state 33
    TK_SIN              shift, and go to state 34
    TK_TAN              shift, and go to state 35
    TK_ACOS             shift, and go to state 36
    TK_ASIN             shift, and go to state 37
    TK_ATAN             shift, and go to state 38
    TK_ATAN2            shift, and go to state 39
    TK_COSH             shift, and go to state 40
    TK_SINH             shift, and go to state 41
    TK_TANH             shift, and go to state 42
    TK_ACOSH            shift, and go to state 43
    TK_ASINH            shift, and go to state 44
    TK_ATANH            shift, and go to state 45
    TK_FLOOR            shift, and go to state 46
    TK_CEIL             shift, and go to state 47
    TK_CHI              shift, and go to state 49
    '<'                 shift, and go to state 51
    '+'                 shift, and go to state 52
    '-'                 shift, and go to state 53
    '['                 shift, and go to state 54
    '('                 shift, and go to state 105

    interval  go to state 57
    expr      go to state 158


State 86

   28 interval: • '[' expr ',' expr ']'
   67 expr: • expr '+' expr
   68     | • expr '*' expr
   69     | • expr '-' expr
   70     | • expr '/' expr
   71     | • TK_MAX '(' expr_row ')'
   72     | • TK_MIN '(' expr_row ')'
   74     | • TK_SUM '(' TK_NEW_SYMBOL TK_EQU expr ':' expr ',' $@6 expr ')'
   75     | • TK_ATAN2 '(' expr ',' expr ')'
   76     | • '-' expr
   77     | • TK_ABS '(' expr ')'
   78     | • TK_SIGN '(' expr ')'
   79     | • expr '\''
   80     | • TK_SQRT '(' expr ')'
   81     | • TK_SQR '(' expr ')'
   82     | • TK_POW '(' expr ',' expr ')'
   83     | • TK_EXPO '(' expr ')'
   84     | • TK_LOG '(' expr ')'
   84     | TK_LOG '(' • expr ')'
   85     | • TK_COS '(' expr ')'
   86     | • TK_SIN '(' expr ')'
   87     | • TK_TAN '(' expr ')'
   88     | • TK_ACOS '(' expr ')'
   89     | • TK_ASIN '(' expr ')'
   90     | • TK_ATAN '(' expr ')'
   91     | • TK_COSH '(' expr ')'
   92     | • TK_SINH '(' expr ')'
   93     | • TK_TANH '(' expr ')'
   94     | • TK_ACOSH '(' expr ')'
   95     | • TK_ASINH '(' expr ')'
   96     | • TK_ATANH '(' expr ')'
   97     | • TK_FLOOR '(' expr ')'
   98     | • TK_CEIL '(' expr ')'
   99     | • TK_CHI '(' expr ',' expr ',' expr ')'
  100     | • '+' expr
  101     | • '(' expr ')'
  102     | • '<' expr ',' expr '>'
  103     | • expr '^' expr
  104     | • expr '[' expr_index ']'
  105     | • expr '(' expr_index ')'
  106     | • expr '(' expr_index ',' expr_index ')'
  107     | • '(' expr_row ')'
  108     | • '(' expr_col ')'
  109     | • TK_ENTITY
  110     | • TK_ITERATOR
  111     | • TK_EXPR_TMP_SYMBOL
  112     | • TK_CONSTANT
  113     | • TK_FUNC_SYMBOL '(' expr ')'
  114     | • TK_FUNC_SYMBOL '(' expr_row ')'
  115     | • TK_FLOAT
  116     | • TK_PI
  117     | • TK_INFINITY
  118     | • TK_INT_CST
  119     | • interval
  120     | • TK_INF '(' expr ')'
  121     | • TK_MID '(' expr ')'
  122     | • TK_SUP '(' expr ')'
  123     | • TK_DIFF '(' expr_row ')'
  124     | • TK_UNARY_OP '(' expr ')'
  125     | • TK_BINARY_OP '(' expr ',' expr ')'

    TK_CONSTANT         shift, and go to state 7
    TK_FUNC_SYMBOL      shift, and go to state 9
    TK_EXPR_TMP_SYMBOL  shift, and go to state 10
    TK_ENTITY           shift, and go to state 11
    TK_ITERATOR         shift, and go to state 12
    TK_UNARY_OP         shift, and go to state 13
    TK_BINARY_OP        shift, and go to state 14
    TK_INT_CST          shift, and go to state 15
    TK_FLOAT            shift, and go to state 16
    TK_PI               shift, and go to state 17
    TK_INFINITY         shift, and go to state 18
    TK_DIFF             shift, and go to state 19
    TK_MIN              shift, and go to state 20
    TK_MAX              shift, and go to state 21
    TK_INF              shift, and go to state 22
    TK_MID              shift, and go to state 23
    TK_SUP              shift, and go to state 24
    TK_SIGN             shift, and go to state 25
    TK_ABS              shift, and go to state 26
    TK_SUM              shift, and go to state 27
    TK_SQRT             shift, and go to state 28
    TK_SQR              shift, and go to state 29
    TK_POW              shift, and go to state 30
    TK_EXPO             shift, and go to state 31
    TK_LOG              shift, and go to state 32
    TK_COS              shift, and go to state 33
    TK_SIN              shift, and go to state 34
    TK_TAN              shift, and go to state 35
    TK_ACOS             shift, and go to state 36
    TK_ASIN             shift, and go to state 37
    TK_ATAN             shift, and go to state 38
    TK_ATAN2            shift, and go to state 39
    TK_COSH             shift, and go to state 40
    TK_SINH             shift, and go to state 41
    TK_TANH             shift, and go to state 42
    TK_ACOSH            shift, and go to state 43
    TK_ASINH            shift, and go to state 44
    TK_ATANH            shift, and go to state 45
    TK_FLOOR            shift, and go to state 46
    TK_CEIL             shift, and go to state 47
    TK_CHI              shift, and go to state 49
    '<'                 shift, and go to state 51
    '+'                 shift, and go to state 52
    '-'                 shift, and go to state 53
    '['                 shift, and go to state 54
    '('                 shift, and go to state 105

    interval  go to state 57
    expr      go to state 159


State 87

   28 interval: • '[' expr ',' expr ']'
   67 expr: • expr '+' expr
   68     | • expr '*' expr
   69     | • expr '-' expr
   70     | • expr '/' expr
   71     | • TK_MAX '(' expr_row ')'
   72     | • TK_MIN '(' expr_row ')'
   74     | • TK_SUM '(' TK_NEW_SYMBOL TK_EQU expr ':' expr ',' $@6 expr ')'
   75     | • TK_ATAN2 '(' expr ',' expr ')'
   76     | • '-' expr
   77     | • TK_ABS '(' expr ')'
   78     | • TK_SIGN '(' expr ')'
   79     | • expr '\''
   80     | • TK_SQRT '(' expr ')'
   81     | • TK_SQR '(' expr ')'
   82     | • TK_POW '(' expr ',' expr ')'
   83     | • TK_EXPO '(' expr ')'
   84     | • TK_LOG '(' expr ')'
   85     | • TK_COS '(' expr ')'
   85     | TK_COS '(' • expr ')'
   86     | • TK_SIN '(' expr ')'
   87     | • TK_TAN '(' expr ')'
   88     | • TK_ACOS '(' expr ')'
   89     | • TK_ASIN '(' expr ')'
   90     | • TK_ATAN '(' expr ')'
   91     | • TK_COSH '(' expr ')'
   92     | • TK_SINH '(' expr ')'
   93     | • TK_TANH '(' expr ')'
   94     | • TK_ACOSH '(' expr ')'
   95     | • TK_ASINH '(' expr ')'
   96     | • TK_ATANH '(' expr ')'
   97     | • TK_FLOOR '(' expr ')'
   98     | • TK_CEIL '(' expr ')'
   99     | • TK_CHI '(' expr ',' expr ',' expr ')'
  100     | • '+' expr
  101     | • '(' expr ')'
  102     | • '<' expr ',' expr '>'
  103     | • expr '^' expr
  104     | • expr '[' expr_index ']'
  105     | • expr '(' expr_index ')'
  106     | • expr '(' expr_index ',' expr_index ')'
  107     | • '(' expr_row ')'
  108     | • '(' expr_col ')'
  109     | • TK_ENTITY
  110     | • TK_ITERATOR
  111     | • TK_EXPR_TMP_SYMBOL
  112     | • TK_CONSTANT
  113     | • TK_FUNC_SYMBOL '(' expr ')'
  114     | • TK_FUNC_SYMBOL '(' expr_row ')'
  115     | • TK_FLOAT
  116     | • TK_PI
  117     | • TK_INFINITY
  118     | • TK_INT_CST
  119     | • interval
  120     | • TK_INF '(' expr ')'
  121     | • TK_MID '(' expr ')'
  122     | • TK_SUP '(' expr ')'
  123     | • TK_DIFF '(' expr_row ')'
  124     | • TK_UNARY_OP '(' expr ')'
  125     | • TK_BINARY_OP '(' expr ',' expr ')'

    TK_CONSTANT         shift, and go to state 7
    TK_FUNC_SYMBOL      shift, and go to state 9
    TK_EXPR_TMP_SYMBOL  shift, and go to state 10
    TK_ENTITY           shift, and go to state 11
    TK_ITERATOR         shift, and go to state 12
    TK_UNARY_OP         shift, and go to state 13
    TK_BINARY_OP        shift, and go to state 14
    TK_INT_CST          shift, and go to state 15
    TK_FLOAT            shift, and go to state 16
    TK_PI               shift, and go to state 17
    TK_INFINITY         shift, and go to state 18
    TK_DIFF             shift, and go to state 19
    TK_MIN              shift, and go to state 20
    TK_MAX              shift, and go to state 21
    TK_INF              shift, and go to state 22
    TK_MID              shift, and go to state 23
    TK_SUP              shift, and go to state 24
    TK_SIGN             shift, and go to state 25
    TK_ABS              shift, and go to state 26
    TK_SUM              shift, and go to state 27
    TK_SQRT             shift, and go to state 28
    TK_SQR              shift, and go to state 29
    TK_POW              shift, and go to state 30
    TK_EXPO             shift, and go to state 31
    TK_LOG              shift, and go to state 32
    TK_COS              shift, and go to state 33
    TK_SIN              shift, and go to state 34
    TK_TAN              shift, and go to state 35
    TK_ACOS             shift, and go to state 36
    TK_ASIN             shift, and go to state 37
    TK_ATAN             shift, and go to state 38
    TK_ATAN2            shift, and go to state 39
    TK_COSH             shift, and go to state 40
    TK_SINH             shift, and go to state 41
    TK_TANH             shift, and go to state 42
    TK_ACOSH            shift, and go to state 43
    TK_ASINH            shift, and go to state 44
    TK_ATANH            shift, and go to state 45
    TK_FLOOR            shift, and go to state 46
    TK_CEIL             shift, and go to state 47
    TK_CHI              shift, and go to state 49
    '<'                 shift, and go to state 51
    '+'                 shift, and go to state 52
    '-'                 shift, and go to state 53
    '['                 shift, and go to state 54
    '('                 shift, and go to state 105

    interval  go to state 57
    expr      go to state 160


State 88

   28 interval: • '[' expr ',' expr ']'
   67 expr: • expr '+' expr
   68     | • expr '*' expr
   69     | • expr '-' expr
   70     | • expr '/' expr
   71     | • TK_MAX '(' expr_row ')'
   72     | • TK_MIN '(' expr_row ')'
   74     | • TK_SUM '(' TK_NEW_SYMBOL TK_EQU expr ':' expr ',' $@6 expr ')'
   75     | • TK_ATAN2 '(' expr ',' expr ')'
   76     | • '-' expr
   77     | • TK_ABS '(' expr ')'
   78     | • TK_SIGN '(' expr ')'
   79     | • expr '\''
   80     | • TK_SQRT '(' expr ')'
   81     | • TK_SQR '(' expr ')'
   82     | • TK_POW '(' expr ',' expr ')'
   83     | • TK_EXPO '(' expr ')'
   84     | • TK_LOG '(' expr ')'
   85     | • TK_COS '(' expr ')'
   86     | • TK_SIN '(' expr ')'
   86     | TK_SIN '(' • expr ')'
   87     | • TK_TAN '(' expr ')'
   88     | • TK_ACOS '(' expr ')'
   89     | • TK_ASIN '(' expr ')'
   90     | • TK_ATAN '(' expr ')'
   91     | • TK_COSH '(' expr ')'
   92     | • TK_SINH '(' expr ')'
   93     | • TK_TANH '(' expr ')'
   94     | • TK_ACOSH '(' expr ')'
   95     | • TK_ASINH '(' expr ')'
   96     | • TK_ATANH '(' expr ')'
   97     | • TK_FLOOR '(' expr ')'
   98     | • TK_CEIL '(' expr ')'
   99     | • TK_CHI '(' expr ',' expr ',' expr ')'
  100     | • '+' expr
  101     | • '(' expr ')'
  102     | • '<' expr ',' expr '>'
  103     | • expr '^' expr
  104     | • expr '[' expr_index ']'
  105     | • expr '(' expr_index ')'
  106     | • expr '(' expr_index ',' expr_index ')'
  107     | • '(' expr_row ')'
  108     | • '(' expr_col ')'
  109     | • TK_ENTITY
  110     | • TK_ITERATOR
  111     | • TK_EXPR_TMP_SYMBOL
  112     | • TK_CONSTANT
  113     | • TK_FUNC_SYMBOL '(' expr ')'
  114     | • TK_FUNC_SYMBOL '(' expr_row ')'
  115     | • TK_FLOAT
  116     | • TK_PI
  117     | • TK_INFINITY
  118     | • TK_INT_CST
  119     | • interval
  120     | • TK_INF '(' expr ')'
  121     | • TK_MID '(' expr ')'
  122     | • TK_SUP '(' expr ')'
  123     | • TK_DIFF '(' expr_row ')'
  124     | • TK_UNARY_OP '(' expr ')'
  125     | • TK_BINARY_OP '(' expr ',' expr ')'

    TK_CONSTANT         shift, and go to state 7
    TK_FUNC_SYMBOL      shift, and go to state 9
    TK_EXPR_TMP_SYMBOL  shift, and go to state 10
    TK_ENTITY           shift, and go to state 11
    TK_ITERATOR         shift, and go to state 12
    TK_UNARY_OP         shift, and go to state 13
    TK_BINARY_OP        shift, and go to state 14
    TK_INT_CST          shift, and go to state 15
    TK_FLOAT            shift, and go to state 16
    TK_PI               shift, and go to state 17
    TK_INFINITY         shift, and go to state 18
    TK_DIFF             shift, and go to state 19
    TK_MIN              shift, and go to state 20
    TK_MAX              shift, and go to state 21
    TK_INF              shift, and go to state 22
    TK_MID              shift, and go to state 23
    TK_SUP              shift, and go to state 24
    TK_SIGN             shift, and go to state 25
    TK_ABS              shift, and go to state 26
    TK_SUM              shift, and go to state 27
    TK_SQRT             shift, and go to state 28
    TK_SQR              shift, and go to state 29
    TK_POW              shift, and go to state 30
    TK_EXPO             shift, and go to state 31
    TK_LOG              shift, and go to state 32
    TK_COS              shift, and go to state 33
    TK_SIN              shift, and go to state 34
    TK_TAN              shift, and go to state 35
    TK_ACOS             shift, and go to state 36
    TK_ASIN             shift, and go to state 37
    TK_ATAN             shift, and go to state 38
    TK_ATAN2            shift, and go to state 39
    TK_COSH             shift, and go to state 40
    TK_SINH             shift, and go to state 41
    TK_TANH             shift, and go to state 42
    TK_ACOSH            shift, and go to state 43
    TK_ASINH            shift, and go to state 44
    TK_ATANH            shift, and go to state 45
    TK_FLOOR            shift, and go to state 46
    TK_CEIL             shift, and go to state 47
    TK_CHI              shift, and go to state 49
    '<'                 shift, and go to state 51
    '+'                 shift, and go to state 52
    '-'                 shift, and go to state 53
    '['                 shift, and go to state 54
    '('                 shift, and go to state 105

    interval  go to state 57
    expr      go to state 161


State 89

   28 interval: • '[' expr ',' expr ']'
   67 expr: • expr '+' expr
   68     | • expr '*' expr
   69     | • expr '-' expr
   70     | • expr '/' expr
   71     | • TK_MAX '(' expr_row ')'
   72     | • TK_MIN '(' expr_row ')'
   74     | • TK_SUM '(' TK_NEW_SYMBOL TK_EQU expr ':' expr ',' $@6 expr ')'
   75     | • TK_ATAN2 '(' expr ',' expr ')'
   76     | • '-' expr
   77     | • TK_ABS '(' expr ')'
   78     | • TK_SIGN '(' expr ')'
   79     | • expr '\''
   80     | • TK_SQRT '(' expr ')'
   81     | • TK_SQR '(' expr ')'
   82     | • TK_POW '(' expr ',' expr ')'
   83     | • TK_EXPO '(' expr ')'
   84     | • TK_LOG '(' expr ')'
   85     | • TK_COS '(' expr ')'
   86     | • TK_SIN '(' expr ')'
   87     | • TK_TAN '(' expr ')'
   87     | TK_TAN '(' • expr ')'
   88     | • TK_ACOS '(' expr ')'
   89     | • TK_ASIN '(' expr ')'
   90     | • TK_ATAN '(' expr ')'
   91     | • TK_COSH '(' expr ')'
   92     | • TK_SINH '(' expr ')'
   93     | • TK_TANH '(' expr ')'
   94     | • TK_ACOSH '(' expr ')'
   95     | • TK_ASINH '(' expr ')'
   96     | • TK_ATANH '(' expr ')'
   97     | • TK_FLOOR '(' expr ')'
   98     | • TK_CEIL '(' expr ')'
   99     | • TK_CHI '(' expr ',' expr ',' expr ')'
  100     | • '+' expr
  101     | • '(' expr ')'
  102     | • '<' expr ',' expr '>'
  103     | • expr '^' expr
  104     | • expr '[' expr_index ']'
  105     | • expr '(' expr_index ')'
  106     | • expr '(' expr_index ',' expr_index ')'
  107     | • '(' expr_row ')'
  108     | • '(' expr_col ')'
  109     | • TK_ENTITY
  110     | • TK_ITERATOR
  111     | • TK_EXPR_TMP_SYMBOL
  112     | • TK_CONSTANT
  113     | • TK_FUNC_SYMBOL '(' expr ')'
  114     | • TK_FUNC_SYMBOL '(' expr_row ')'
  115     | • TK_FLOAT
  116     | • TK_PI
  117     | • TK_INFINITY
  118     | • TK_INT_CST
  119     | • interval
  120     | • TK_INF '(' expr ')'
  121     | • TK_MID '(' expr ')'
  122     | • TK_SUP '(' expr ')'
  123     | • TK_DIFF '(' expr_row ')'
  124     | • TK_UNARY_OP '(' expr ')'
  125     | • TK_BINARY_OP '(' expr ',' expr ')'

    TK_CONSTANT         shift, and go to state 7
    TK_FUNC_SYMBOL      shift, and go to state 9
    TK_EXPR_TMP_SYMBOL  shift, and go to state 10
    TK_ENTITY           shift, and go to state 11
    TK_ITERATOR         shift, and go to state 12
    TK_UNARY_OP         shift, and go to state 13
    TK_BINARY_OP        shift, and go to state 14
    TK_INT_CST          shift, and go to state 15
    TK_FLOAT            shift, and go to state 16
    TK_PI               shift, and go to state 17
    TK_INFINITY         shift, and go to state 18
    TK_DIFF             shift, and go to state 19
    TK_MIN              shift, and go to state 20
    TK_MAX              shift, and go to state 21
    TK_INF              shift, and go to state 22
    TK_MID              shift, and go to state 23
    TK_SUP              shift, and go to state 24
    TK_SIGN             shift, and go to state 25
    TK_ABS              shift, and go to state 26
    TK_SUM              shift, and go to state 27
    TK_SQRT             shift, and go to state 28
    TK_SQR              shift, and go to state 29
    TK_POW              shift, and go to state 30
    TK_EXPO             shift, and go to state 31
    TK_LOG              shift, and go to state 32
    TK_COS              shift, and go to state 33
    TK_SIN              shift, and go to state 34
    TK_TAN              shift, and go to state 35
    TK_ACOS             shift, and go to state 36
    TK_ASIN             shift, and go to state 37
    TK_ATAN             shift, and go to state 38
    TK_ATAN2            shift, and go to state 39
    TK_COSH             shift, and go to state 40
    TK_SINH             shift, and go to state 41
    TK_TANH             shift, and go to state 42
    TK_ACOSH            shift, and go to state 43
    TK_ASINH            shift, and go to state 44
    TK_ATANH            shift, and go to state 45
    TK_FLOOR            shift, and go to state 46
    TK_CEIL             shift, and go to state 47
    TK_CHI              shift, and go to state 49
    '<'                 shift, and go to state 51
    '+'                 shift, and go to state 52
    '-'                 shift, and go to state 53
    '['                 shift, and go to state 54
    '('                 shift, and go to state 105

    interval  go to state 57
    expr      go to state 162


State 90

   28 interval: • '[' expr ',' expr ']'
   67 expr: • expr '+' expr
   68     | • expr '*' expr
   69     | • expr '-' expr
   70     | • expr '/' expr
   71     | • TK_MAX '(' expr_row ')'
   72     | • TK_MIN '(' expr_row ')'
   74     | • TK_SUM '(' TK_NEW_SYMBOL TK_EQU expr ':' expr ',' $@6 expr ')'
   75     | • TK_ATAN2 '(' expr ',' expr ')'
   76     | • '-' expr
   77     | • TK_ABS '(' expr ')'
   78     | • TK_SIGN '(' expr ')'
   79     | • expr '\''
   80     | • TK_SQRT '(' expr ')'
   81     | • TK_SQR '(' expr ')'
   82     | • TK_POW '(' expr ',' expr ')'
   83     | • TK_EXPO '(' expr ')'
   84     | • TK_LOG '(' expr ')'
   85     | • TK_COS '(' expr ')'
   86     | • TK_SIN '(' expr ')'
   87     | • TK_TAN '(' expr ')'
   88     | • TK_ACOS '(' expr ')'
   88     | TK_ACOS '(' • expr ')'
   89     | • TK_ASIN '(' expr ')'
   90     | • TK_ATAN '(' expr ')'
   91     | • TK_COSH '(' expr ')'
   92     | • TK_SINH '(' expr ')'
   93     | • TK_TANH '(' expr ')'
   94     | • TK_ACOSH '(' expr ')'
   95     | • TK_ASINH '(' expr ')'
   96     | • TK_ATANH '(' expr ')'
   97     | • TK_FLOOR '(' expr ')'
   98     | • TK_CEIL '(' expr ')'
   99     | • TK_CHI '(' expr ',' expr ',' expr ')'
  100     | • '+' expr
  101     | • '(' expr ')'
  102     | • '<' expr ',' expr '>'
  103     | • expr '^' expr
  104     | • expr '[' expr_index ']'
  105     | • expr '(' expr_index ')'
  106     | • expr '(' expr_index ',' expr_index ')'
  107     | • '(' expr_row ')'
  108     | • '(' expr_col ')'
  109     | • TK_ENTITY
  110     | • TK_ITERATOR
  111     | • TK_EXPR_TMP_SYMBOL
  112     | • TK_CONSTANT
  113     | • TK_FUNC_SYMBOL '(' expr ')'
  114     | • TK_FUNC_SYMBOL '(' expr_row ')'
  115     | • TK_FLOAT
  116     | • TK_PI
  117     | • TK_INFINITY
  118     | • TK_INT_CST
  119     | • interval
  120     | • TK_INF '(' expr ')'
  121     | • TK_MID '(' expr ')'
  122     | • TK_SUP '(' expr ')'
  123     | • TK_DIFF '(' expr_row ')'
  124     | • TK_UNARY_OP '(' expr ')'
  125     | • TK_BINARY_OP '(' expr ',' expr ')'

    TK_CONSTANT         shift, and go to state 7
    TK_FUNC_SYMBOL      shift, and go to state 9
    TK_EXPR_TMP_SYMBOL  shift, and go to state 10
    TK_ENTITY           shift, and go to state 11
    TK_ITERATOR         shift, and go to state 12
    TK_UNARY_OP         shift, and go to state 13
    TK_BINARY_OP        shift, and go to state 14
    TK_INT_CST          shift, and go to state 15
    TK_FLOAT            shift, and go to state 16
    TK_PI               shift, and go to state 17
    TK_INFINITY         shift, and go to state 18
    TK_DIFF             shift, and go to state 19
    TK_MIN              shift, and go to state 20
    TK_MAX              shift, and go to state 21
    TK_INF              shift, and go to state 22
    TK_MID              shift, and go to state 23
    TK_SUP              shift, and go to state 24
    TK_SIGN             shift, and go to state 25
    TK_ABS              shift, and go to state 26
    TK_SUM              shift, and go to state 27
    TK_SQRT             shift, and go to state 28
    TK_SQR              shift, and go to state 29
    TK_POW              shift, and go to state 30
    TK_EXPO             shift, and go to state 31
    TK_LOG              shift, and go to state 32
    TK_COS              shift, and go to state 33
    TK_SIN              shift, and go to state 34
    TK_TAN              shift, and go to state 35
    TK_ACOS             shift, and go to state 36
    TK_ASIN             shift, and go to state 37
    TK_ATAN             shift, and go to state 38
    TK_ATAN2            shift, and go to state 39
    TK_COSH             shift, and go to state 40
    TK_SINH             shift, and go to state 41
    TK_TANH             shift, and go to state 42
    TK_ACOSH            shift, and go to state 43
    TK_ASINH            shift, and go to state 44
    TK_ATANH            shift, and go to state 45
    TK_FLOOR            shift, and go to state 46
    TK_CEIL             shift, and go to state 47
    TK_CHI              shift, and go to state 49
    '<'                 shift, and go to state 51
    '+'                 shift, and go to state 52
    '-'                 shift, and go to state 53
    '['                 shift, and go to state 54
    '('                 shift, and go to state 105

    interval  go to state 57
    expr      go to state 163


State 91

   28 interval: • '[' expr ',' expr ']'
   67 expr: • expr '+' expr
   68     | • expr '*' expr
   69     | • expr '-' expr
   70     | • expr '/' expr
   71     | • TK_MAX '(' expr_row ')'
   72     | • TK_MIN '(' expr_row ')'
   74     | • TK_SUM '(' TK_NEW_SYMBOL TK_EQU expr ':' expr ',' $@6 expr ')'
   75     | • TK_ATAN2 '(' expr ',' expr ')'
   76     | • '-' expr
   77     | • TK_ABS '(' expr ')'
   78     | • TK_SIGN '(' expr ')'
   79     | • expr '\''
   80     | • TK_SQRT '(' expr ')'
   81     | • TK_SQR '(' expr ')'
   82     | • TK_POW '(' expr ',' expr ')'
   83     | • TK_EXPO '(' expr ')'
   84     | • TK_LOG '(' expr ')'
   85     | • TK_COS '(' expr ')'
   86     | • TK_SIN '(' expr ')'
   87     | • TK_TAN '(' expr ')'
   88     | • TK_ACOS '(' expr ')'
   89     | • TK_ASIN '(' expr ')'
   89     | TK_ASIN '(' • expr ')'
   90     | • TK_ATAN '(' expr ')'
   91     | • TK_COSH '(' expr ')'
   92     | • TK_SINH '(' expr ')'
   93     | • TK_TANH '(' expr ')'
   94     | • TK_ACOSH '(' expr ')'
   95     | • TK_ASINH '(' expr ')'
   96     | • TK_ATANH '(' expr ')'
   97     | • TK_FLOOR '(' expr ')'
   98     | • TK_CEIL '(' expr ')'
   99     | • TK_CHI '(' expr ',' expr ',' expr ')'
  100     | • '+' expr
  101     | • '(' expr ')'
  102     | • '<' expr ',' expr '>'
  103     | • expr '^' expr
  104     | • expr '[' expr_index ']'
  105     | • expr '(' expr_index ')'
  106     | • expr '(' expr_index ',' expr_index ')'
  107     | • '(' expr_row ')'
  108     | • '(' expr_col ')'
  109     | • TK_ENTITY
  110     | • TK_ITERATOR
  111     | • TK_EXPR_TMP_SYMBOL
  112     | • TK_CONSTANT
  113     | • TK_FUNC_SYMBOL '(' expr ')'
  114     | • TK_FUNC_SYMBOL '(' expr_row ')'
  115     | • TK_FLOAT
  116     | • TK_PI
  117     | • TK_INFINITY
  118     | • TK_INT_CST
  119     | • interval
  120     | • TK_INF '(' expr ')'
  121     | • TK_MID '(' expr ')'
  122     | • TK_SUP '(' expr ')'
  123     | • TK_DIFF '(' expr_row ')'
  124     | • TK_UNARY_OP '(' expr ')'
  125     | • TK_BINARY_OP '(' expr ',' expr ')'

    TK_CONSTANT         shift, and go to state 7
    TK_FUNC_SYMBOL      shift, and go to state 9
    TK_EXPR_TMP_SYMBOL  shift, and go to state 10
    TK_ENTITY           shift, and go to state 11
    TK_ITERATOR         shift, and go to state 12
    TK_UNARY_OP         shift, and go to state 13
    TK_BINARY_OP        shift, and go to state 14
    TK_INT_CST          shift, and go to state 15
    TK_FLOAT            shift, and go to state 16
    TK_PI               shift, and go to state 17
    TK_INFINITY         shift, and go to state 18
    TK_DIFF             shift, and go to state 19
    TK_MIN              shift, and go to state 20
    TK_MAX              shift, and go to state 21
    TK_INF              shift, and go to state 22
    TK_MID              shift, and go to state 23
    TK_SUP              shift, and go to state 24
    TK_SIGN             shift, and go to state 25
    TK_ABS              shift, and go to state 26
    TK_SUM              shift, and go to state 27
    TK_SQRT             shift, and go to state 28
    TK_SQR              shift, and go to state 29
    TK_POW              shift, and go to state 30
    TK_EXPO             shift, and go to state 31
    TK_LOG              shift, and go to state 32
    TK_COS              shift, and go to state 33
    TK_SIN              shift, and go to state 34
    TK_TAN              shift, and go to state 35
    TK_ACOS             shift, and go to state 36
    TK_ASIN             shift, and go to state 37
    TK_ATAN             shift, and go to state 38
    TK_ATAN2            shift, and go to state 39
    TK_COSH             shift, and go to state 40
    TK_SINH             shift, and go to state 41
    TK_TANH             shift, and go to state 42
    TK_ACOSH            shift, and go to state 43
    TK_ASINH            shift, and go to state 44
    TK_ATANH            shift, and go to state 45
    TK_FLOOR            shift, and go to state 46
    TK_CEIL             shift, and go to state 47
    TK_CHI              shift, and go to state 49
    '<'                 shift, and go to state 51
    '+'                 shift, and go to state 52
    '-'                 shift, and go to state 53
    '['                 shift, and go to state 54
    '('                 shift, and go to state 105

    interval  go to state 57
    expr      go to state 164


State 92

   28 interval: • '[' expr ',' expr ']'
   67 expr: • expr '+' expr
   68     | • expr '*' expr
   69     | • expr '-' expr
   70     | • expr '/' expr
   71     | • TK_MAX '(' expr_row ')'
   72     | • TK_MIN '(' expr_row ')'
   74     | • TK_SUM '(' TK_NEW_SYMBOL TK_EQU expr ':' expr ',' $@6 expr ')'
   75     | • TK_ATAN2 '(' expr ',' expr ')'
   76     | • '-' expr
   77     | • TK_ABS '(' expr ')'
   78     | • TK_SIGN '(' expr ')'
   79     | • expr '\''
   80     | • TK_SQRT '(' expr ')'
   81     | • TK_SQR '(' expr ')'
   82     | • TK_POW '(' expr ',' expr ')'
   83     | • TK_EXPO '(' expr ')'
   84     | • TK_LOG '(' expr ')'
   85     | • TK_COS '(' expr ')'
   86     | • TK_SIN '(' expr ')'
   87     | • TK_TAN '(' expr ')'
   88     | • TK_ACOS '(' expr ')'
   89     | • TK_ASIN '(' expr ')'
   90     | • TK_ATAN '(' expr ')'
   90     | TK_ATAN '(' • expr ')'
   91     | • TK_COSH '(' expr ')'
   92     | • TK_SINH '(' expr ')'
   93     | • TK_TANH '(' expr ')'
   94     | • TK_ACOSH '(' expr ')'
   95     | • TK_ASINH '(' expr ')'
   96     | • TK_ATANH '(' expr ')'
   97     | • TK_FLOOR '(' expr ')'
   98     | • TK_CEIL '(' expr ')'
   99     | • TK_CHI '(' expr ',' expr ',' expr ')'
  100     | • '+' expr
  101     | • '(' expr ')'
  102     | • '<' expr ',' expr '>'
  103     | • expr '^' expr
  104     | • expr '[' expr_index ']'
  105     | • expr '(' expr_index ')'
  106     | • expr '(' expr_index ',' expr_index ')'
  107     | • '(' expr_row ')'
  108     | • '(' expr_col ')'
  109     | • TK_ENTITY
  110     | • TK_ITERATOR
  111     | • TK_EXPR_TMP_SYMBOL
  112     | • TK_CONSTANT
  113     | • TK_FUNC_SYMBOL '(' expr ')'
  114     | • TK_FUNC_SYMBOL '(' expr_row ')'
  115     | • TK_FLOAT
  116     | • TK_PI
  117     | • TK_INFINITY
  118     | • TK_INT_CST
  119     | • interval
  120     | • TK_INF '(' expr ')'
  121     | • TK_MID '(' expr ')'
  122     | • TK_SUP '(' expr ')'
  123     | • TK_DIFF '(' expr_row ')'
  124     | • TK_UNARY_OP '(' expr ')'
  125     | • TK_BINARY_OP '(' expr ',' expr ')'

    TK_CONSTANT         shift, and go to state 7
    TK_FUNC_SYMBOL      shift, and go to state 9
    TK_EXPR_TMP_SYMBOL  shift, and go to state 10
    TK_ENTITY           shift, and go to state 11
    TK_ITERATOR         shift, and go to state 12
    TK_UNARY_OP         shift, and go to state 13
    TK_BINARY_OP        shift, and go to state 14
    TK_INT_CST          shift, and go to state 15
    TK_FLOAT            shift, and go to state 16
    TK_PI               shift, and go to state 17
    TK_INFINITY         shift, and go to state 18
    TK_DIFF             shift, and go to state 19
    TK_MIN              shift, and go to state 20
    TK_MAX              shift, and go to state 21
    TK_INF              shift, and go to state 22
    TK_MID              shift, and go to state 23
    TK_SUP              shift, and go to state 24
    TK_SIGN             shift, and go to state 25
    TK_ABS              shift, and go to state 26
    TK_SUM              shift, and go to state 27
    TK_SQRT             shift, and go to state 28
    TK_SQR              shift, and go to state 29
    TK_POW              shift, and go to state 30
    TK_EXPO             shift, and go to state 31
    TK_LOG              shift, and go to state 32
    TK_COS              shift, and go to state 33
    TK_SIN              shift, and go to state 34
    TK_TAN              shift, and go to state 35
    TK_ACOS             shift, and go to state 36
    TK_ASIN             shift, and go to state 37
    TK_ATAN             shift, and go to state 38
    TK_ATAN2            shift, and go to state 39
    TK_COSH             shift, and go to state 40
    TK_SINH             shift, and go to state 41
    TK_TANH             shift, and go to state 42
    TK_ACOSH            shift, and go to state 43
    TK_ASINH            shift, and go to state 44
    TK_ATANH            shift, and go to state 45
    TK_FLOOR            shift, and go to state 46
    TK_CEIL             shift, and go to state 47
    TK_CHI              shift, and go to state 49
    '<'                 shift, and go to state 51
    '+'                 shift, and go to state 52
    '-'                 shift, and go to state 53
    '['                 shift, and go to state 54
    '('                 shift, and go to state 105

    interval  go to state 57
    expr      go to state 165


State 93

   28 interval: • '[' expr ',' expr ']'
   67 expr: • expr '+' expr
   68     | • expr '*' expr
   69     | • expr '-' expr
   70     | • expr '/' expr
   71     | • TK_MAX '(' expr_row ')'
   72     | • TK_MIN '(' expr_row ')'
   74     | • TK_SUM '(' TK_NEW_SYMBOL TK_EQU expr ':' expr ',' $@6 expr ')'
   75     | • TK_ATAN2 '(' expr ',' expr ')'
   75     | TK_ATAN2 '(' • expr ',' expr ')'
   76     | • '-' expr
   77     | • TK_ABS '(' expr ')'
   78     | • TK_SIGN '(' expr ')'
   79     | • expr '\''
   80     | • TK_SQRT '(' expr ')'
   81     | • TK_SQR '(' expr ')'
   82     | • TK_POW '(' expr ',' expr ')'
   83     | • TK_EXPO '(' expr ')'
   84     | • TK_LOG '(' expr ')'
   85     | • TK_COS '(' expr ')'
   86     | • TK_SIN '(' expr ')'
   87     | • TK_TAN '(' expr ')'
   88     | • TK_ACOS '(' expr ')'
   89     | • TK_ASIN '(' expr ')'
   90     | • TK_ATAN '(' expr ')'
   91     | • TK_COSH '(' expr ')'
   92     | • TK_SINH '(' expr ')'
   93     | • TK_TANH '(' expr ')'
   94     | • TK_ACOSH '(' expr ')'
   95     | • TK_ASINH '(' expr ')'
   96     | • TK_ATANH '(' expr ')'
   97     | • TK_FLOOR '(' expr ')'
   98     | • TK_CEIL '(' expr ')'
   99     | • TK_CHI '(' expr ',' expr ',' expr ')'
  100     | • '+' expr
  101     | • '(' expr ')'
  102     | • '<' expr ',' expr '>'
  103     | • expr '^' expr
  104     | • expr '[' expr_index ']'
  105     | • expr '(' expr_index ')'
  106     | • expr '(' expr_index ',' expr_index ')'
  107     | • '(' expr_row ')'
  108     | • '(' expr_col ')'
  109     | • TK_ENTITY
  110     | • TK_ITERATOR
  111     | • TK_EXPR_TMP_SYMBOL
  112     | • TK_CONSTANT
  113     | • TK_FUNC_SYMBOL '(' expr ')'
  114     | • TK_FUNC_SYMBOL '(' expr_row ')'
  115     | • TK_FLOAT
  116     | • TK_PI
  117     | • TK_INFINITY
  118     | • TK_INT_CST
  119     | • interval
  120     | • TK_INF '(' expr ')'
  121     | • TK_MID '(' expr ')'
  122     | • TK_SUP '(' expr ')'
  123     | • TK_DIFF '(' expr_row ')'
  124     | • TK_UNARY_OP '(' expr ')'
  125     | • TK_BINARY_OP '(' expr ',' expr ')'

    TK_CONSTANT         shift, and go to state 7
    TK_FUNC_SYMBOL      shift, and go to state 9
    TK_EXPR_TMP_SYMBOL  shift, and go to state 10
    TK_ENTITY           shift, and go to state 11
    TK_ITERATOR         shift, and go to state 12
    TK_UNARY_OP         shift, and go to state 13
    TK_BINARY_OP        shift, and go to state 14
    TK_INT_CST          shift, and go to state 15
    TK_FLOAT            shift, and go to state 16
    TK_PI               shift, and go to state 17
    TK_INFINITY         shift, and go to state 18
    TK_DIFF             shift, and go to state 19
    TK_MIN              shift, and go to state 20
    TK_MAX              shift, and go to state 21
    TK_INF              shift, and go to state 22
    TK_MID              shift, and go to state 23
    TK_SUP              shift, and go to state 24
    TK_SIGN             shift, and go to state 25
    TK_ABS              shift, and go to state 26
    TK_SUM              shift, and go to state 27
    TK_SQRT             shift, and go to state 28
    TK_SQR              shift, and go to state 29
    TK_POW              shift, and go to state 30
    TK_EXPO             shift, and go to state 31
    TK_LOG              shift, and go to state 32
    TK_COS              shift, and go to state 33
    TK_SIN              shift, and go to state 34
    TK_TAN              shift, and go to state 35
    TK_ACOS             shift, and go to state 36
    TK_ASIN             shift, and go to state 37
    TK_ATAN             shift, and go to state 38
    TK_ATAN2            shift, and go to state 39
    TK_COSH             shift, and go to state 40
    TK_SINH             shift, and go to state 41
    TK_TANH             shift, and go to state 42
    TK_ACOSH            shift, and go to state 43
    TK_ASINH            shift, and go to state 44
    TK_ATANH            shift, and go to state 45
    TK_FLOOR            shift, and go to state 46
    TK_CEIL             shift, and go to state 47
    TK_CHI              shift, and go to state 49
    '<'                 shift, and go to state 51
    '+'                 shift, and go to state 52
    '-'                 shift, and go to state 53
    '['                 shift, and go to state 54
    '('                 shift, and go to state 105

    interval  go to state 57
    expr      go to state 166


State 94

   28 interval: • '[' expr ',' expr ']'
   67 expr: • expr '+' expr
   68     | • expr '*' expr
   69     | • expr '-' expr
   70     | • expr '/' expr
   71     | • TK_MAX '(' expr_row ')'
   72     | • TK_MIN '(' expr_row ')'
   74     | • TK_SUM '(' TK_NEW_SYMBOL TK_EQU expr ':' expr ',' $@6 expr ')'
   75     | • TK_ATAN2 '(' expr ',' expr ')'
   76     | • '-' expr
   77     | • TK_ABS '(' expr ')'
   78     | • TK_SIGN '(' expr ')'
   79     | • expr '\''
   80     | • TK_SQRT '(' expr ')'
   81     | • TK_SQR '(' expr ')'
   82     | • TK_POW '(' expr ',' expr ')'
   83     | • TK_EXPO '(' expr ')'
   84     | • TK_LOG '(' expr ')'
   85     | • TK_COS '(' expr ')'
   86     | • TK_SIN '(' expr ')'
   87     | • TK_TAN '(' expr ')'
   88     | • TK_ACOS '(' expr ')'
   89     | • TK_ASIN '(' expr ')'
   90     | • TK_ATAN '(' expr ')'
   91     | • TK_COSH '(' expr ')'
   91     | TK_COSH '(' • expr ')'
   92     | • TK_SINH '(' expr ')'
   93     | • TK_TANH '(' expr ')'
   94     | • TK_ACOSH '(' expr ')'
   95     | • TK_ASINH '(' expr ')'
   96     | • TK_ATANH '(' expr ')'
   97     | • TK_FLOOR '(' expr ')'
   98     | • TK_CEIL '(' expr ')'
   99     | • TK_CHI '(' expr ',' expr ',' expr ')'
  100     | • '+' expr
  101     | • '(' expr ')'
  102     | • '<' expr ',' expr '>'
  103     | • expr '^' expr
  104     | • expr '[' expr_index ']'
  105     | • expr '(' expr_index ')'
  106     | • expr '(' expr_index ',' expr_index ')'
  107     | • '(' expr_row ')'
  108     | • '(' expr_col ')'
  109     | • TK_ENTITY
  110     | • TK_ITERATOR
  111     | • TK_EXPR_TMP_SYMBOL
  112     | • TK_CONSTANT
  113     | • TK_FUNC_SYMBOL '(' expr ')'
  114     | • TK_FUNC_SYMBOL '(' expr_row ')'
  115     | • TK_FLOAT
  116     | • TK_PI
  117     | • TK_INFINITY
  118     | • TK_INT_CST
  119     | • interval
  120     | • TK_INF '(' expr ')'
  121     | • TK_MID '(' expr ')'
  122     | • TK_SUP '(' expr ')'
  123     | • TK_DIFF '(' expr_row ')'
  124     | • TK_UNARY_OP '(' expr ')'
  125     | • TK_BINARY_OP '(' expr ',' expr ')'

    TK_CONSTANT         shift, and go to state 7
    TK_FUNC_SYMBOL      shift, and go to state 9
    TK_EXPR_TMP_SYMBOL  shift, and go to state 10
    TK_ENTITY           shift, and go to state 11
    TK_ITERATOR         shift, and go to state 12
    TK_UNARY_OP         shift, and go to state 13
    TK_BINARY_OP        shift, and go to state 14
    TK_INT_CST          shift, and go to state 15
    TK_FLOAT            shift, and go to state 16
    TK_PI               shift, and go to state 17
    TK_INFINITY         shift, and go to state 18
    TK_DIFF             shift, and go to state 19
    TK_MIN              shift, and go to state 20
    TK_MAX              shift, and go to state 21
    TK_INF              shift, and go to state 22
    TK_MID              shift, and go to state 23
    TK_SUP              shift, and go to state 24
    TK_SIGN             shift, and go to state 25
    TK_ABS              shift, and go to state 26
    TK_SUM              shift, and go to state 27
    TK_SQRT             shift, and go to state 28
    TK_SQR              shift, and go to state 29
    TK_POW              shift, and go to state 30
    TK_EXPO             shift, and go to state 31
    TK_LOG              shift, and go to state 32
    TK_COS              shift, and go to state 33
    TK_SIN              shift, and go to state 34
    TK_TAN              shift, and go to state 35
    TK_ACOS             shift, and go to state 36
    TK_ASIN             shift, and go to state 37
    TK_ATAN             shift, and go to state 38
    TK_ATAN2            shift, and go to state 39
    TK_COSH             shift, and go to state 40
    TK_SINH             shift, and go to state 41
    TK_TANH             shift, and go to state 42
    TK_ACOSH            shift, and go to state 43
    TK_ASINH            shift, and go to state 44
    TK_ATANH            shift, and go to state 45
    TK_FLOOR            shift, and go to state 46
    TK_CEIL             shift, and go to state 47
    TK_CHI              shift, and go to state 49
    '<'                 shift, and go to state 51
    '+'                 shift, and go to state 52
    '-'                 shift, and go to state 53
    '['                 shift, and go to state 54
    '('                 shift, and go to state 105

    interval  go to state 57
    expr      go to state 167


State 95

   28 interval: • '[' expr ',' expr ']'
   67 expr: • expr '+' expr
   68     | • expr '*' expr
   69     | • expr '-' expr
   70     | • expr '/' expr
   71     | • TK_MAX '(' expr_row ')'
   72     | • TK_MIN '(' expr_row ')'
   74     | • TK_SUM '(' TK_NEW_SYMBOL TK_EQU expr ':' expr ',' $@6 expr ')'
   75     | • TK_ATAN2 '(' expr ',' expr ')'
   76     | • '-' expr
   77     | • TK_ABS '(' expr ')'
   78     | • TK_SIGN '(' expr ')'
   79     | • expr '\''
   80     | • TK_SQRT '(' expr ')'
   81     | • TK_SQR '(' expr ')'
   82     | • TK_POW '(' expr ',' expr ')'
   83     | • TK_EXPO '(' expr ')'
   84     | • TK_LOG '(' expr ')'
   85     | • TK_COS '(' expr ')'
   86     | • TK_SIN '(' expr ')'
   87     | • TK_TAN '(' expr ')'
   88     | • TK_ACOS '(' expr ')'
   89     | • TK_ASIN '(' expr ')'
   90     | • TK_ATAN '(' expr ')'
   91     | • TK_COSH '(' expr ')'
   92     | • TK_SINH '(' expr ')'
   92     | TK_SINH '(' • expr ')'
   93     | • TK_TANH '(' expr ')'
   94     | • TK_ACOSH '(' expr ')'
   95     | • TK_ASINH '(' expr ')'
   96     | • TK_ATANH '(' expr ')'
   97     | • TK_FLOOR '(' expr ')'
   98     | • TK_CEIL '(' expr ')'
   99     | • TK_CHI '(' expr ',' expr ',' expr ')'
  100     | • '+' expr
  101     | • '(' expr ')'
  102     | • '<' expr ',' expr '>'
  103     | • expr '^' expr
  104     | • expr '[' expr_index ']'
  105     | • expr '(' expr_index ')'
  106     | • expr '(' expr_index ',' expr_index ')'
  107     | • '(' expr_row ')'
  108     | • '(' expr_col ')'
  109     | • TK_ENTITY
  110     | • TK_ITERATOR
  111     | • TK_EXPR_TMP_SYMBOL
  112     | • TK_CONSTANT
  113     | • TK_FUNC_SYMBOL '(' expr ')'
  114     | • TK_FUNC_SYMBOL '(' expr_row ')'
  115     | • TK_FLOAT
  116     | • TK_PI
  117     | • TK_INFINITY
  118     | • TK_INT_CST
  119     | • interval
  120     | • TK_INF '(' expr ')'
  121     | • TK_MID '(' expr ')'
  122     | • TK_SUP '(' expr ')'
  123     | • TK_DIFF '(' expr_row ')'
  124     | • TK_UNARY_OP '(' expr ')'
  125     | • TK_BINARY_OP '(' expr ',' expr ')'

    TK_CONSTANT         shift, and go to state 7
    TK_FUNC_SYMBOL      shift, and go to state 9
    TK_EXPR_TMP_SYMBOL  shift, and go to state 10
    TK_ENTITY           shift, and go to state 11
    TK_ITERATOR         shift, and go to state 12
    TK_UNARY_OP         shift, and go to state 13
    TK_BINARY_OP        shift, and go to state 14
    TK_INT_CST          shift, and go to state 15
    TK_FLOAT            shift, and go to state 16
    TK_PI               shift, and go to state 17
    TK_INFINITY         shift, and go to state 18
    TK_DIFF             shift, and go to state 19
    TK_MIN              shift, and go to state 20
    TK_MAX              shift, and go to state 21
    TK_INF              shift, and go to state 22
    TK_MID              shift, and go to state 23
    TK_SUP              shift, and go to state 24
    TK_SIGN             shift, and go to state 25
    TK_ABS              shift, and go to state 26
    TK_SUM              shift, and go to state 27
    TK_SQRT             shift, and go to state 28
    TK_SQR              shift, and go to state 29
    TK_POW              shift, and go to state 30
    TK_EXPO             shift, and go to state 31
    TK_LOG              shift, and go to state 32
    TK_COS              shift, and go to state 33
    TK_SIN              shift, and go to state 34
    TK_TAN              shift, and go to state 35
    TK_ACOS             shift, and go to state 36
    TK_ASIN             shift, and go to state 37
    TK_ATAN             shift, and go to state 38
    TK_ATAN2            shift, and go to state 39
    TK_COSH             shift, and go to state 40
    TK_SINH             shift, and go to state 41
    TK_TANH             shift, and go to state 42
    TK_ACOSH            shift, and go to state 43
    TK_ASINH            shift, and go to state 44
    TK_ATANH            shift, and go to state 45
    TK_FLOOR            shift, and go to state 46
    TK_CEIL             shift, and go to state 47
    TK_CHI              shift, and go to state 49
    '<'                 shift, and go to state 51
    '+'                 shift, and go to state 52
    '-'                 shift, and go to state 53
    '['                 shift, and go to state 54
    '('                 shift, and go to state 105

    interval  go to state 57
    expr      go to state 168


State 96

   28 interval: • '[' expr ',' expr ']'
   67 expr: • expr '+' expr
   68     | • expr '*' expr
   69     | • expr '-' expr
   70     | • expr '/' expr
   71     | • TK_MAX '(' expr_row ')'
   72     | • TK_MIN '(' expr_row ')'
   74     | • TK_SUM '(' TK_NEW_SYMBOL TK_EQU expr ':' expr ',' $@6 expr ')'
   75     | • TK_ATAN2 '(' expr ',' expr ')'
   76     | • '-' expr
   77     | • TK_ABS '(' expr ')'
   78     | • TK_SIGN '(' expr ')'
   79     | • expr '\''
   80     | • TK_SQRT '(' expr ')'
   81     | • TK_SQR '(' expr ')'
   82     | • TK_POW '(' expr ',' expr ')'
   83     | • TK_EXPO '(' expr ')'
   84     | • TK_LOG '(' expr ')'
   85     | • TK_COS '(' expr ')'
   86     | • TK_SIN '(' expr ')'
   87     | • TK_TAN '(' expr ')'
   88     | • TK_ACOS '(' expr ')'
   89     | • TK_ASIN '(' expr ')'
   90     | • TK_ATAN '(' expr ')'
   91     | • TK_COSH '(' expr ')'
   92     | • TK_SINH '(' expr ')'
   93     | • TK_TANH '(' expr ')'
   93     | TK_TANH '(' • expr ')'
   94     | • TK_ACOSH '(' expr ')'
   95     | • TK_ASINH '(' expr ')'
   96     | • TK_ATANH '(' expr ')'
   97     | • TK_FLOOR '(' expr ')'
   98     | • TK_CEIL '(' expr ')'
   99     | • TK_CHI '(' expr ',' expr ',' expr ')'
  100     | • '+' expr
  101     | • '(' expr ')'
  102     | • '<' expr ',' expr '>'
  103     | • expr '^' expr
  104     | • expr '[' expr_index ']'
  105     | • expr '(' expr_index ')'
  106     | • expr '(' expr_index ',' expr_index ')'
  107     | • '(' expr_row ')'
  108     | • '(' expr_col ')'
  109     | • TK_ENTITY
  110     | • TK_ITERATOR
  111     | • TK_EXPR_TMP_SYMBOL
  112     | • TK_CONSTANT
  113     | • TK_FUNC_SYMBOL '(' expr ')'
  114     | • TK_FUNC_SYMBOL '(' expr_row ')'
  115     | • TK_FLOAT
  116     | • TK_PI
  117     | • TK_INFINITY
  118     | • TK_INT_CST
  119     | • interval
  120     | • TK_INF '(' expr ')'
  121     | • TK_MID '(' expr ')'
  122     | • TK_SUP '(' expr ')'
  123     | • TK_DIFF '(' expr_row ')'
  124     | • TK_UNARY_OP '(' expr ')'
  125     | • TK_BINARY_OP '(' expr ',' expr ')'

    TK_CONSTANT         shift, and go to state 7
    TK_FUNC_SYMBOL      shift, and go to state 9
    TK_EXPR_TMP_SYMBOL  shift, and go to state 10
    TK_ENTITY           shift, and go to state 11
    TK_ITERATOR         shift, and go to state 12
    TK_UNARY_OP         shift, and go to state 13
    TK_BINARY_OP        shift, and go to state 14
    TK_INT_CST          shift, and go to state 15
    TK_FLOAT            shift, and go to state 16
    TK_PI               shift, and go to state 17
    TK_INFINITY         shift, and go to state 18
    TK_DIFF             shift, and go to state 19
    TK_MIN              shift, and go to state 20
    TK_MAX              shift, and go to state 21
    TK_INF              shift, and go to state 22
    TK_MID              shift, and go to state 23
    TK_SUP              shift, and go to state 24
    TK_SIGN             shift, and go to state 25
    TK_ABS              shift, and go to state 26
    TK_SUM              shift, and go to state 27
    TK_SQRT             shift, and go to state 28
    TK_SQR              shift, and go to state 29
    TK_POW              shift, and go to state 30
    TK_EXPO             shift, and go to state 31
    TK_LOG              shift, and go to state 32
    TK_COS              shift, and go to state 33
    TK_SIN              shift, and go to state 34
    TK_TAN              shift, and go to state 35
    TK_ACOS             shift, and go to state 36
    TK_ASIN             shift, and go to state 37
    TK_ATAN             shift, and go to state 38
    TK_ATAN2            shift, and go to state 39
    TK_COSH             shift, and go to state 40
    TK_SINH             shift, and go to state 41
    TK_TANH             shift, and go to state 42
    TK_ACOSH            shift, and go to state 43
    TK_ASINH            shift, and go to state 44
    TK_ATANH            shift, and go to state 45
    TK_FLOOR            shift, and go to state 46
    TK_CEIL             shift, and go to state 47
    TK_CHI              shift, and go to state 49
    '<'                 shift, and go to state 51
    '+'                 shift, and go to state 52
    '-'                 shift, and go to state 53
    '['                 shift, and go to state 54
    '('                 shift, and go to state 105

    interval  go to state 57
    expr      go to state 169


State 97

   28 interval: • '[' expr ',' expr ']'
   67 expr: • expr '+' expr
   68     | • expr '*' expr
   69     | • expr '-' expr
   70     | • expr '/' expr
   71     | • TK_MAX '(' expr_row ')'
   72     | • TK_MIN '(' expr_row ')'
   74     | • TK_SUM '(' TK_NEW_SYMBOL TK_EQU expr ':' expr ',' $@6 expr ')'
   75     | • TK_ATAN2 '(' expr ',' expr ')'
   76     | • '-' expr
   77     | • TK_ABS '(' expr ')'
   78     | • TK_SIGN '(' expr ')'
   79     | • expr '\''
   80     | • TK_SQRT '(' expr ')'
   81     | • TK_SQR '(' expr ')'
   82     | • TK_POW '(' expr ',' expr ')'
   83     | • TK_EXPO '(' expr ')'
   84     | • TK_LOG '(' expr ')'
   85     | • TK_COS '(' expr ')'
   86     | • TK_SIN '(' expr ')'
   87     | • TK_TAN '(' expr ')'
   88     | • TK_ACOS '(' expr ')'
   89     | • TK_ASIN '(' expr ')'
   90     | • TK_ATAN '(' expr ')'
   91     | • TK_COSH '(' expr ')'
   92     | • TK_SINH '(' expr ')'
   93     | • TK_TANH '(' expr ')'
   94     | • TK_ACOSH '(' expr ')'
   94     | TK_ACOSH '(' • expr ')'
   95     | • TK_ASINH '(' expr ')'
   96     | • TK_ATANH '(' expr ')'
   97     | • TK_FLOOR '(' expr ')'
   98     | • TK_CEIL '(' expr ')'
   99     | • TK_CHI '(' expr ',' expr ',' expr ')'
  100     | • '+' expr
  101     | • '(' expr ')'
  102     | • '<' expr ',' expr '>'
  103     | • expr '^' expr
  104     | • expr '[' expr_index ']'
  105     | • expr '(' expr_index ')'
  106     | • expr '(' expr_index ',' expr_index ')'
  107     | • '(' expr_row ')'
  108     | • '(' expr_col ')'
  109     | • TK_ENTITY
  110     | • TK_ITERATOR
  111     | • TK_EXPR_TMP_SYMBOL
  112     | • TK_CONSTANT
  113     | • TK_FUNC_SYMBOL '(' expr ')'
  114     | • TK_FUNC_SYMBOL '(' expr_row ')'
  115     | • TK_FLOAT
  116     | • TK_PI
  117     | • TK_INFINITY
  118     | • TK_INT_CST
  119     | • interval
  120     | • TK_INF '(' expr ')'
  121     | • TK_MID '(' expr ')'
  122     | • TK_SUP '(' expr ')'
  123     | • TK_DIFF '(' expr_row ')'
  124     | • TK_UNARY_OP '(' expr ')'
  125     | • TK_BINARY_OP '(' expr ',' expr ')'

    TK_CONSTANT         shift, and go to state 7
    TK_FUNC_SYMBOL      shift, and go to state 9
    TK_EXPR_TMP_SYMBOL  shift, and go to state 10
    TK_ENTITY           shift, and go to state 11
    TK_ITERATOR         shift, and go to state 12
    TK_UNARY_OP         shift, and go to state 13
    TK_BINARY_OP        shift, and go to state 14
    TK_INT_CST          shift, and go to state 15
    TK_FLOAT            shift, and go to state 16
    TK_PI               shift, and go to state 17
    TK_INFINITY         shift, and go to state 18
    TK_DIFF             shift, and go to state 19
    TK_MIN              shift, and go to state 20
    TK_MAX              shift, and go to state 21
    TK_INF              shift, and go to state 22
    TK_MID              shift, and go to state 23
    TK_SUP              shift, and go to state 24
    TK_SIGN             shift, and go to state 25
    TK_ABS              shift, and go to state 26
    TK_SUM              shift, and go to state 27
    TK_SQRT             shift, and go to state 28
    TK_SQR              shift, and go to state 29
    TK_POW              shift, and go to state 30
    TK_EXPO             shift, and go to state 31
    TK_LOG              shift, and go to state 32
    TK_COS              shift, and go to state 33
    TK_SIN              shift, and go to state 34
    TK_TAN              shift, and go to state 35
    TK_ACOS             shift, and go to state 36
    TK_ASIN             shift, and go to state 37
    TK_ATAN             shift, and go to state 38
    TK_ATAN2            shift, and go to state 39
    TK_COSH             shift, and go to state 40
    TK_SINH             shift, and go to state 41
    TK_TANH             shift, and go to state 42
    TK_ACOSH            shift, and go to state 43
    TK_ASINH            shift, and go to state 44
    TK_ATANH            shift, and go to state 45
    TK_FLOOR            shift, and go to state 46
    TK_CEIL             shift, and go to state 47
    TK_CHI              shift, and go to state 49
    '<'                 shift, and go to state 51
    '+'                 shift, and go to state 52
    '-'                 shift, and go to state 53
    '['                 shift, and go to state 54
    '('                 shift, and go to state 105

    interval  go to state 57
    expr      go to state 170


State 98

   28 interval: • '[' expr ',' expr ']'
   67 expr: • expr '+' expr
   68     | • expr '*' expr
   69     | • expr '-' expr
   70     | • expr '/' expr
   71     | • TK_MAX '(' expr_row ')'
   72     | • TK_MIN '(' expr_row ')'
   74     | • TK_SUM '(' TK_NEW_SYMBOL TK_EQU expr ':' expr ',' $@6 expr ')'
   75     | • TK_ATAN2 '(' expr ',' expr ')'
   76     | • '-' expr
   77     | • TK_ABS '(' expr ')'
   78     | • TK_SIGN '(' expr ')'
   79     | • expr '\''
   80     | • TK_SQRT '(' expr ')'
   81     | • TK_SQR '(' expr ')'
   82     | • TK_POW '(' expr ',' expr ')'
   83     | • TK_EXPO '(' expr ')'
   84     | • TK_LOG '(' expr ')'
   85     | • TK_COS '(' expr ')'
   86     | • TK_SIN '(' expr ')'
   87     | • TK_TAN '(' expr ')'
   88     | • TK_ACOS '(' expr ')'
   89     | • TK_ASIN '(' expr ')'
   90     | • TK_ATAN '(' expr ')'
   91     | • TK_COSH '(' expr ')'
   92     | • TK_SINH '(' expr ')'
   93     | • TK_TANH '(' expr ')'
   94     | • TK_ACOSH '(' expr ')'
   95     | • TK_ASINH '(' expr ')'
   95     | TK_ASINH '(' • expr ')'
   96     | • TK_ATANH '(' expr ')'
   97     | • TK_FLOOR '(' expr ')'
   98     | • TK_CEIL '(' expr ')'
   99     | • TK_CHI '(' expr ',' expr ',' expr ')'
  100     | • '+' expr
  101     | • '(' expr ')'
  102     | • '<' expr ',' expr '>'
  103     | • expr '^' expr
  104     | • expr '[' expr_index ']'
  105     | • expr '(' expr_index ')'
  106     | • expr '(' expr_index ',' expr_index ')'
  107     | • '(' expr_row ')'
  108     | • '(' expr_col ')'
  109     | • TK_ENTITY
  110     | • TK_ITERATOR
  111     | • TK_EXPR_TMP_SYMBOL
  112     | • TK_CONSTANT
  113     | • TK_FUNC_SYMBOL '(' expr ')'
  114     | • TK_FUNC_SYMBOL '(' expr_row ')'
  115     | • TK_FLOAT
  116     | • TK_PI
  117     | • TK_INFINITY
  118     | • TK_INT_CST
  119     | • interval
  120     | • TK_INF '(' expr ')'
  121     | • TK_MID '(' expr ')'
  122     | • TK_SUP '(' expr ')'
  123     | • TK_DIFF '(' expr_row ')'
  124     | • TK_UNARY_OP '(' expr ')'
  125     | • TK_BINARY_OP '(' expr ',' expr ')'

    TK_CONSTANT         shift, and go to state 7
    TK_FUNC_SYMBOL      shift, and go to state 9
    TK_EXPR_TMP_SYMBOL  shift, and go to state 10
    TK_ENTITY           shift, and go to state 11
    TK_ITERATOR         shift, and go to state 12
    TK_UNARY_OP         shift, and go to state 13
    TK_BINARY_OP        shift, and go to state 14
    TK_INT_CST          shift, and go to state 15
    TK_FLOAT            shift, and go to state 16
    TK_PI               shift, and go to state 17
    TK_INFINITY         shift, and go to state 18
    TK_DIFF             shift, and go to state 19
    TK_MIN              shift, and go to state 20
    TK_MAX              shift, and go to state 21
    TK_INF              shift, and go to state 22
    TK_MID              shift, and go to state 23
    TK_SUP              shift, and go to state 24
    TK_SIGN             shift, and go to state 25
    TK_ABS              shift, and go to state 26
    TK_SUM              shift, and go to state 27
    TK_SQRT             shift, and go to state 28
    TK_SQR              shift, and go to state 29
    TK_POW              shift, and go to state 30
    TK_EXPO             shift, and go to state 31
    TK_LOG              shift, and go to state 32
    TK_COS              shift, and go to state 33
    TK_SIN              shift, and go to state 34
    TK_TAN              shift, and go to state 35
    TK_ACOS             shift, and go to state 36
    TK_ASIN             shift, and go to state 37
    TK_ATAN             shift, and go to state 38
    TK_ATAN2            shift, and go to state 39
    TK_COSH             shift, and go to state 40
    TK_SINH             shift, and go to state 41
    TK_TANH             shift, and go to state 42
    TK_ACOSH            shift, and go to state 43
    TK_ASINH            shift, and go to state 44
    TK_ATANH            shift, and go to state 45
    TK_FLOOR            shift, and go to state 46
    TK_CEIL             shift, and go to state 47
    TK_CHI              shift, and go to state 49
    '<'                 shift, and go to state 51
    '+'                 shift, and go to state 52
    '-'                 shift, and go to state 53
    '['                 shift, and go to state 54
    '('                 shift, and go to state 105

    interval  go to state 57
    expr      go to state 171


State 99

   28 interval: • '[' expr ',' expr ']'
   67 expr: • expr '+' expr
   68     | • expr '*' expr
   69     | • expr '-' expr
   70     | • expr '/' expr
   71     | • TK_MAX '(' expr_row ')'
   72     | • TK_MIN '(' expr_row ')'
   74     | • TK_SUM '(' TK_NEW_SYMBOL TK_EQU expr ':' expr ',' $@6 expr ')'
   75     | • TK_ATAN2 '(' expr ',' expr ')'
   76     | • '-' expr
   77     | • TK_ABS '(' expr ')'
   78     | • TK_SIGN '(' expr ')'
   79     | • expr '\''
   80     | • TK_SQRT '(' expr ')'
   81     | • TK_SQR '(' expr ')'
   82     | • TK_POW '(' expr ',' expr ')'
   83     | • TK_EXPO '(' expr ')'
   84     | • TK_LOG '(' expr ')'
   85     | • TK_COS '(' expr ')'
   86     | • TK_SIN '(' expr ')'
   87     | • TK_TAN '(' expr ')'
   88     | • TK_ACOS '(' expr ')'
   89     | • TK_ASIN '(' expr ')'
   90     | • TK_ATAN '(' expr ')'
   91     | • TK_COSH '(' expr ')'
   92     | • TK_SINH '(' expr ')'
   93     | • TK_TANH '(' expr ')'
   94     | • TK_ACOSH '(' expr ')'
   95     | • TK_ASINH '(' expr ')'
   96     | • TK_ATANH '(' expr ')'
   96     | TK_ATANH '(' • expr ')'
   97     | • TK_FLOOR '(' expr ')'
   98     | • TK_CEIL '(' expr ')'
   99     | • TK_CHI '(' expr ',' expr ',' expr ')'
  100     | • '+' expr
  101     | • '(' expr ')'
  102     | • '<' expr ',' expr '>'
  103     | • expr '^' expr
  104     | • expr '[' expr_index ']'
  105     | • expr '(' expr_index ')'
  106     | • expr '(' expr_index ',' expr_index ')'
  107     | • '(' expr_row ')'
  108     | • '(' expr_col ')'
  109     | • TK_ENTITY
  110     | • TK_ITERATOR
  111     | • TK_EXPR_TMP_SYMBOL
  112     | • TK_CONSTANT
  113     | • TK_FUNC_SYMBOL '(' expr ')'
  114     | • TK_FUNC_SYMBOL '(' expr_row ')'
  115     | • TK_FLOAT
  116     | • TK_PI
  117     | • TK_INFINITY
  118     | • TK_INT_CST
  119     | • interval
  120     | • TK_INF '(' expr ')'
  121     | • TK_MID '(' expr ')'
  122     | • TK_SUP '(' expr ')'
  123     | • TK_DIFF '(' expr_row ')'
  124     | • TK_UNARY_OP '(' expr ')'
  125     | • TK_BINARY_OP '(' expr ',' expr ')'

    TK_CONSTANT         shift, and go to state 7
    TK_FUNC_SYMBOL      shift, and go to state 9
    TK_EXPR_TMP_SYMBOL  shift, and go to state 10
    TK_ENTITY           shift, and go to state 11
    TK_ITERATOR         shift, and go to state 12
    TK_UNARY_OP         shift, and go to state 13
    TK_BINARY_OP        shift, and go to state 14
    TK_INT_CST          shift, and go to state 15
    TK_FLOAT            shift, and go to state 16
    TK_PI               shift, and go to state 17
    TK_INFINITY         shift, and go to state 18
    TK_DIFF             shift, and go to state 19
    TK_MIN              shift, and go to state 20
    TK_MAX              shift, and go to state 21
    TK_INF              shift, and go to state 22
    TK_MID              shift, and go to state 23
    TK_SUP              shift, and go to state 24
    TK_SIGN             shift, and go to state 25
    TK_ABS              shift, and go to state 26
    TK_SUM              shift, and go to state 27
    TK_SQRT             shift, and go to state 28
    TK_SQR              shift, and go to state 29
    TK_POW              shift, and go to state 30
    TK_EXPO             shift, and go to state 31
    TK_LOG              shift, and go to state 32
    TK_COS              shift, and go to state 33
    TK_SIN              shift, and go to state 34
    TK_TAN              shift, and go to state 35
    TK_ACOS             shift, and go to state 36
    TK_ASIN             shift, and go to state 37
    TK_ATAN             shift, and go to state 38
    TK_ATAN2            shift, and go to state 39
    TK_COSH             shift, and go to state 40
    TK_SINH             shift, and go to state 41
    TK_TANH             shift, and go to state 42
    TK_ACOSH            shift, and go to state 43
    TK_ASINH            shift, and go to state 44
    TK_ATANH            shift, and go to state 45
    TK_FLOOR            shift, and go to state 46
    TK_CEIL             shift, and go to state 47
    TK_CHI              shift, and go to state 49
    '<'                 shift, and go to state 51
    '+'                 shift, and go to state 52
    '-'                 shift, and go to state 53
    '['                 shift, and go to state 54
    '('                 shift, and go to state 105

    interval  go to state 57
    expr      go to state 172


State 100

   28 interval: • '[' expr ',' expr ']'
   67 expr: • expr '+' expr
   68     | • expr '*' expr
   69     | • expr '-' expr
   70     | • expr '/' expr
   71     | • TK_MAX '(' expr_row ')'
   72     | • TK_MIN '(' expr_row ')'
   74     | • TK_SUM '(' TK_NEW_SYMBOL TK_EQU expr ':' expr ',' $@6 expr ')'
   75     | • TK_ATAN2 '(' expr ',' expr ')'
   76     | • '-' expr
   77     | • TK_ABS '(' expr ')'
   78     | • TK_SIGN '(' expr ')'
   79     | • expr '\''
   80     | • TK_SQRT '(' expr ')'
   81     | • TK_SQR '(' expr ')'
   82     | • TK_POW '(' expr ',' expr ')'
   83     | • TK_EXPO '(' expr ')'
   84     | • TK_LOG '(' expr ')'
   85     | • TK_COS '(' expr ')'
   86     | • TK_SIN '(' expr ')'
   87     | • TK_TAN '(' expr ')'
   88     | • TK_ACOS '(' expr ')'
   89     | • TK_ASIN '(' expr ')'
   90     | • TK_ATAN '(' expr ')'
   91     | • TK_COSH '(' expr ')'
   92     | • TK_SINH '(' expr ')'
   93     | • TK_TANH '(' expr ')'
   94     | • TK_ACOSH '(' expr ')'
   95     | • TK_ASINH '(' expr ')'
   96     | • TK_ATANH '(' expr ')'
   97     | • TK_FLOOR '(' expr ')'
   97     | TK_FLOOR '(' • expr ')'
   98     | • TK_CEIL '(' expr ')'
   99     | • TK_CHI '(' expr ',' expr ',' expr ')'
  100     | • '+' expr
  101     | • '(' expr ')'
  102     | • '<' expr ',' expr '>'
  103     | • expr '^' expr
  104     | • expr '[' expr_index ']'
  105     | • expr '(' expr_index ')'
  106     | • expr '(' expr_index ',' expr_index ')'
  107     | • '(' expr_row ')'
  108     | • '(' expr_col ')'
  109     | • TK_ENTITY
  110     | • TK_ITERATOR
  111     | • TK_EXPR_TMP_SYMBOL
  112     | • TK_CONSTANT
  113     | • TK_FUNC_SYMBOL '(' expr ')'
  114     | • TK_FUNC_SYMBOL '(' expr_row ')'
  115     | • TK_FLOAT
  116     | • TK_PI
  117     | • TK_INFINITY
  118     | • TK_INT_CST
  119     | • interval
  120     | • TK_INF '(' expr ')'
  121     | • TK_MID '(' expr ')'
  122     | • TK_SUP '(' expr ')'
  123     | • TK_DIFF '(' expr_row ')'
  124     | • TK_UNARY_OP '(' expr ')'
  125     | • TK_BINARY_OP '(' expr ',' expr ')'

    TK_CONSTANT         shift, and go to state 7
    TK_FUNC_SYMBOL      shift, and go to state 9
    TK_EXPR_TMP_SYMBOL  shift, and go to state 10
    TK_ENTITY           shift, and go to state 11
    TK_ITERATOR         shift, and go to state 12
    TK_UNARY_OP         shift, and go to state 13
    TK_BINARY_OP        shift, and go to state 14
    TK_INT_CST          shift, and go to state 15
    TK_FLOAT            shift, and go to state 16
    TK_PI               shift, and go to state 17
    TK_INFINITY         shift, and go to state 18
    TK_DIFF             shift, and go to state 19
    TK_MIN              shift, and go to state 20
    TK_MAX              shift, and go to state 21
    TK_INF              shift, and go to state 22
    TK_MID              shift, and go to state 23
    TK_SUP              shift, and go to state 24
    TK_SIGN             shift, and go to state 25
    TK_ABS              shift, and go to state 26
    TK_SUM              shift, and go to state 27
    TK_SQRT             shift, and go to state 28
    TK_SQR              shift, and go to state 29
    TK_POW              shift, and go to state 30
    TK_EXPO             shift, and go to state 31
    TK_LOG              shift, and go to state 32
    TK_COS              shift, and go to state 33
    TK_SIN              shift, and go to state 34
    TK_TAN              shift, and go to state 35
    TK_ACOS             shift, and go to state 36
    TK_ASIN             shift, and go to state 37
    TK_ATAN             shift, and go to state 38
    TK_ATAN2            shift, and go to state 39
    TK_COSH             shift, and go to state 40
    TK_SINH             shift, and go to state 41
    TK_TANH             shift, and go to state 42
    TK_ACOSH            shift, and go to state 43
    TK_ASINH            shift, and go to state 44
    TK_ATANH            shift, and go to state 45
    TK_FLOOR            shift, and go to state 46
    TK_CEIL             shift, and go to state 47
    TK_CHI              shift, and go to state 49
    '<'                 shift, and go to state 51
    '+'                 shift, and go to state 52
    '-'                 shift, and go to state 53
    '['                 shift, and go to state 54
    '('                 shift, and go to state 105

    interval  go to state 57
    expr      go to state 173


State 101

   28 interval: • '[' expr ',' expr ']'
   67 expr: • expr '+' expr
   68     | • expr '*' expr
   69     | • expr '-' expr
   70     | • expr '/' expr
   71     | • TK_MAX '(' expr_row ')'
   72     | • TK_MIN '(' expr_row ')'
   74     | • TK_SUM '(' TK_NEW_SYMBOL TK_EQU expr ':' expr ',' $@6 expr ')'
   75     | • TK_ATAN2 '(' expr ',' expr ')'
   76     | • '-' expr
   77     | • TK_ABS '(' expr ')'
   78     | • TK_SIGN '(' expr ')'
   79     | • expr '\''
   80     | • TK_SQRT '(' expr ')'
   81     | • TK_SQR '(' expr ')'
   82     | • TK_POW '(' expr ',' expr ')'
   83     | • TK_EXPO '(' expr ')'
   84     | • TK_LOG '(' expr ')'
   85     | • TK_COS '(' expr ')'
   86     | • TK_SIN '(' expr ')'
   87     | • TK_TAN '(' expr ')'
   88     | • TK_ACOS '(' expr ')'
   89     | • TK_ASIN '(' expr ')'
   90     | • TK_ATAN '(' expr ')'
   91     | • TK_COSH '(' expr ')'
   92     | • TK_SINH '(' expr ')'
   93     | • TK_TANH '(' expr ')'
   94     | • TK_ACOSH '(' expr ')'
   95     | • TK_ASINH '(' expr ')'
   96     | • TK_ATANH '(' expr ')'
   97     | • TK_FLOOR '(' expr ')'
   98     | • TK_CEIL '(' expr ')'
   98     | TK_CEIL '(' • expr ')'
   99     | • TK_CHI '(' expr ',' expr ',' expr ')'
  100     | • '+' expr
  101     | • '(' expr ')'
  102     | • '<' expr ',' expr '>'
  103     | • expr '^' expr
  104     | • expr '[' expr_index ']'
  105     | • expr '(' expr_index ')'
  106     | • expr '(' expr_index ',' expr_index ')'
  107     | • '(' expr_row ')'
  108     | • '(' expr_col ')'
  109     | • TK_ENTITY
  110     | • TK_ITERATOR
  111     | • TK_EXPR_TMP_SYMBOL
  112     | • TK_CONSTANT
  113     | • TK_FUNC_SYMBOL '(' expr ')'
  114     | • TK_FUNC_SYMBOL '(' expr_row ')'
  115     | • TK_FLOAT
  116     | • TK_PI
  117     | • TK_INFINITY
  118     | • TK_INT_CST
  119     | • interval
  120     | • TK_INF '(' expr ')'
  121     | • TK_MID '(' expr ')'
  122     | • TK_SUP '(' expr ')'
  123     | • TK_DIFF '(' expr_row ')'
  124     | • TK_UNARY_OP '(' expr ')'
  125     | • TK_BINARY_OP '(' expr ',' expr ')'

    TK_CONSTANT         shift, and go to state 7
    TK_FUNC_SYMBOL      shift, and go to state 9
    TK_EXPR_TMP_SYMBOL  shift, and go to state 10
    TK_ENTITY           shift, and go to state 11
    TK_ITERATOR         shift, and go to state 12
    TK_UNARY_OP         shift, and go to state 13
    TK_BINARY_OP        shift, and go to state 14
    TK_INT_CST          shift, and go to state 15
    TK_FLOAT            shift, and go to state 16
    TK_PI               shift, and go to state 17
    TK_INFINITY         shift, and go to state 18
    TK_DIFF             shift, and go to state 19
    TK_MIN              shift, and go to state 20
    TK_MAX              shift, and go to state 21
    TK_INF              shift, and go to state 22
    TK_MID              shift, and go to state 23
    TK_SUP              shift, and go to state 24
    TK_SIGN             shift, and go to state 25
    TK_ABS              shift, and go to state 26
    TK_SUM              shift, and go to state 27
    TK_SQRT             shift, and go to state 28
    TK_SQR              shift, and go to state 29
    TK_POW              shift, and go to state 30
    TK_EXPO             shift, and go to state 31
    TK_LOG              shift, and go to state 32
    TK_COS              shift, and go to state 33
    TK_SIN              shift, and go to state 34
    TK_TAN              shift, and go to state 35
    TK_ACOS             shift, and go to state 36
    TK_ASIN             shift, and go to state 37
    TK_ATAN             shift, and go to state 38
    TK_ATAN2            shift, and go to state 39
    TK_COSH             shift, and go to state 40
    TK_SINH             shift, and go to state 41
    TK_TANH             shift, and go to state 42
    TK_ACOSH            shift, and go to state 43
    TK_ASINH            shift, and go to state 44
    TK_ATANH            shift, and go to state 45
    TK_FLOOR            shift, and go to state 46
    TK_CEIL             shift, and go to state 47
    TK_CHI              shift, and go to state 49
    '<'                 shift, and go to state 51
    '+'                 shift, and go to state 52
    '-'                 shift, and go to state 53
    '['                 shift, and go to state 54
    '('                 shift, and go to state 105

    interval  go to state 57
    expr      go to state 174


State 102

   28 interval: • '[' expr ',' expr ']'
   64 ctr: TK_INTEGER '(' • expr ')'
   67 expr: • expr '+' expr
   68     | • expr '*' expr
   69     | • expr '-' expr
   70     | • expr '/' expr
   71     | • TK_MAX '(' expr_row ')'
   72     | • TK_MIN '(' expr_row ')'
   74     | • TK_SUM '(' TK_NEW_SYMBOL TK_EQU expr ':' expr ',' $@6 expr ')'
   75     | • TK_ATAN2 '(' expr ',' expr ')'
   76     | • '-' expr
   77     | • TK_ABS '(' expr ')'
   78     | • TK_SIGN '(' expr ')'
   79     | • expr '\''
   80     | • TK_SQRT '(' expr ')'
   81     | • TK_SQR '(' expr ')'
   82     | • TK_POW '(' expr ',' expr ')'
   83     | • TK_EXPO '(' expr ')'
   84     | • TK_LOG '(' expr ')'
   85     | • TK_COS '(' expr ')'
   86     | • TK_SIN '(' expr ')'
   87     | • TK_TAN '(' expr ')'
   88     | • TK_ACOS '(' expr ')'
   89     | • TK_ASIN '(' expr ')'
   90     | • TK_ATAN '(' expr ')'
   91     | • TK_COSH '(' expr ')'
   92     | • TK_SINH '(' expr ')'
   93     | • TK_TANH '(' expr ')'
   94     | • TK_ACOSH '(' expr ')'
   95     | • TK_ASINH '(' expr ')'
   96     | • TK_ATANH '(' expr ')'
   97     | • TK_FLOOR '(' expr ')'
   98     | • TK_CEIL '(' expr ')'
   99     | • TK_CHI '(' expr ',' expr ',' expr ')'
  100     | • '+' expr
  101     | • '(' expr ')'
  102     | • '<' expr ',' expr '>'
  103     | • expr '^' expr
  104     | • expr '[' expr_index ']'
  105     | • expr '(' expr_index ')'
  106     | • expr '(' expr_index ',' expr_index ')'
  107     | • '(' expr_row ')'
  108     | • '(' expr_col ')'
  109     | • TK_ENTITY
  110     | • TK_ITERATOR
  111     | • TK_EXPR_TMP_SYMBOL
  112     | • TK_CONSTANT
  113     | • TK_FUNC_SYMBOL '(' expr ')'
  114     | • TK_FUNC_SYMBOL '(' expr_row ')'
  115     | • TK_FLOAT
  116     | • TK_PI
  117     | • TK_INFINITY
  118     | • TK_INT_CST
  119     | • interval
  120     | • TK_INF '(' expr ')'
  121     | • TK_MID '(' expr ')'
  122     | • TK_SUP '(' expr ')'
  123     | • TK_DIFF '(' expr_row ')'
  124     | • TK_UNARY_OP '(' expr ')'
  125     | • TK_BINARY_OP '(' expr ',' expr ')'

    TK_CONSTANT         shift, and go to state 7
    TK_FUNC_SYMBOL      shift, and go to state 9
    TK_EXPR_TMP_SYMBOL  shift, and go to state 10
    TK_ENTITY           shift, and go to state 11
    TK_ITERATOR         shift, and go to state 12
    TK_UNARY_OP         shift, and go to state 13
    TK_BINARY_OP        shift, and go to state 14
    TK_INT_CST          shift, and go to state 15
    TK_FLOAT            shift, and go to state 16
    TK_PI               shift, and go to state 17
    TK_INFINITY         shift, and go to state 18
    TK_DIFF             shift, and go to state 19
    TK_MIN              shift, and go to state 20
    TK_MAX              shift, and go to state 21
    TK_INF              shift, and go to state 22
    TK_MID              shift, and go to state 23
    TK_SUP              shift, and go to state 24
    TK_SIGN             shift, and go to state 25
    TK_ABS              shift, and go to state 26
    TK_SUM              shift, and go to state 27
    TK_SQRT             shift, and go to state 28
    TK_SQR              shift, and go to state 29
    TK_POW              shift, and go to state 30
    TK_EXPO             shift, and go to state 31
    TK_LOG              shift, and go to state 32
    TK_COS              shift, and go to state 33
    TK_SIN              shift, and go to state 34
    TK_TAN              shift, and go to state 35
    TK_ACOS             shift, and go to state 36
    TK_ASIN             shift, and go to state 37
    TK_ATAN             shift, and go to state 38
    TK_ATAN2            shift, and go to state 39
    TK_COSH             shift, and go to state 40
    TK_SINH             shift, and go to state 41
    TK_TANH             shift, and go to state 42
    TK_ACOSH            shift, and go to state 43
    TK_ASINH            shift, and go to state 44
    TK_ATANH            shift, and go to state 45
    TK_FLOOR            shift, and go to state 46
    TK_CEIL             shift, and go to state 47
    TK_CHI              shift, and go to state 49
    '<'                 shift, and go to state 51
    '+'                 shift, and go to state 52
    '-'                 shift, and go to state 53
    '['                 shift, and go to state 54
    '('                 shift, and go to state 105

    interval  go to state 57
    expr      go to state 175


State 103

   28 interval: • '[' expr ',' expr ']'
   67 expr: • expr '+' expr
   68     | • expr '*' expr
   69     | • expr '-' expr
   70     | • expr '/' expr
   71     | • TK_MAX '(' expr_row ')'
   72     | • TK_MIN '(' expr_row ')'
   74     | • TK_SUM '(' TK_NEW_SYMBOL TK_EQU expr ':' expr ',' $@6 expr ')'
   75     | • TK_ATAN2 '(' expr ',' expr ')'
   76     | • '-' expr
   77     | • TK_ABS '(' expr ')'
   78     | • TK_SIGN '(' expr ')'
   79     | • expr '\''
   80     | • TK_SQRT '(' expr ')'
   81     | • TK_SQR '(' expr ')'
   82     | • TK_POW '(' expr ',' expr ')'
   83     | • TK_EXPO '(' expr ')'
   84     | • TK_LOG '(' expr ')'
   85     | • TK_COS '(' expr ')'
   86     | • TK_SIN '(' expr ')'
   87     | • TK_TAN '(' expr ')'
   88     | • TK_ACOS '(' expr ')'
   89     | • TK_ASIN '(' expr ')'
   90     | • TK_ATAN '(' expr ')'
   91     | • TK_COSH '(' expr ')'
   92     | • TK_SINH '(' expr ')'
   93     | • TK_TANH '(' expr ')'
   94     | • TK_ACOSH '(' expr ')'
   95     | • TK_ASINH '(' expr ')'
   96     | • TK_ATANH '(' expr ')'
   97     | • TK_FLOOR '(' expr ')'
   98     | • TK_CEIL '(' expr ')'
   99     | • TK_CHI '(' expr ',' expr ',' expr ')'
   99     | TK_CHI '(' • expr ',' expr ',' expr ')'
  100     | • '+' expr
  101     | • '(' expr ')'
  102     | • '<' expr ',' expr '>'
  103     | • expr '^' expr
  104     | • expr '[' expr_index ']'
  105     | • expr '(' expr_index ')'
  106     | • expr '(' expr_index ',' expr_index ')'
  107     | • '(' expr_row ')'
  108     | • '(' expr_col ')'
  109     | • TK_ENTITY
  110     | • TK_ITERATOR
  111     | • TK_EXPR_TMP_SYMBOL
  112     | • TK_CONSTANT
  113     | • TK_FUNC_SYMBOL '(' expr ')'
  114     | • TK_FUNC_SYMBOL '(' expr_row ')'
  115     | • TK_FLOAT
  116     | • TK_PI
  117     | • TK_INFINITY
  118     | • TK_INT_CST
  119     | • interval
  120     | • TK_INF '(' expr ')'
  121     | • TK_MID '(' expr ')'
  122     | • TK_SUP '(' expr ')'
  123     | • TK_DIFF '(' expr_row ')'
  124     | • TK_UNARY_OP '(' expr ')'
  125     | • TK_BINARY_OP '(' expr ',' expr ')'

    TK_CONSTANT         shift, and go to state 7
    TK_FUNC_SYMBOL      shift, and go to state 9
    TK_EXPR_TMP_SYMBOL  shift, and go to state 10
    TK_ENTITY           shift, and go to state 11
    TK_ITERATOR         shift, and go to state 12
    TK_UNARY_OP         shift, and go to state 13
    TK_BINARY_OP        shift, and go to state 14
    TK_INT_CST          shift, and go to state 15
    TK_FLOAT            shift, and go to state 16
    TK_PI               shift, and go to state 17
    TK_INFINITY         shift, and go to state 18
    TK_DIFF             shift, and go to state 19
    TK_MIN              shift, and go to state 20
    TK_MAX              shift, and go to state 21
    TK_INF              shift, and go to state 22
    TK_MID              shift, and go to state 23
    TK_SUP              shift, and go to state 24
    TK_SIGN             shift, and go to state 25
    TK_ABS              shift, and go to state 26
    TK_SUM              shift, and go to state 27
    TK_SQRT             shift, and go to state 28
    TK_SQR              shift, and go to state 29
    TK_POW              shift, and go to state 30
    TK_EXPO             shift, and go to state 31
    TK_LOG              shift, and go to state 32
    TK_COS              shift, and go to state 33
    TK_SIN              shift, and go to state 34
    TK_TAN              shift, and go to state 35
    TK_ACOS             shift, and go to state 36
    TK_ASIN             shift, and go to state 37
    TK_ATAN             shift, and go to state 38
    TK_ATAN2            shift, and go to state 39
    TK_COSH             shift, and go to state 40
    TK_SINH             shift, and go to state 41
    TK_TANH             shift, and go to state 42
    TK_ACOSH            shift, and go to state 43
    TK_ASINH            shift, and go to state 44
    TK_ATANH            shift, and go to state 45
    TK_FLOOR            shift, and go to state 46
    TK_CEIL             shift, and go to state 47
    TK_CHI              shift, and go to state 49
    '<'                 shift, and go to state 51
    '+'                 shift, and go to state 52
    '-'                 shift, and go to state 53
    '['                 shift, and go to state 54
    '('                 shift, and go to state 105

    interval  go to state 57
    expr      go to state 176


State 104

   57 ctr_loop: TK_FOR TK_NEW_SYMBOL • TK_EQU expr ':' expr ';' $@5 ctr_blk_list TK_END

    TK_EQU  shift, and go to state 177


State 105

   28 interval: • '[' expr ',' expr ']'
   67 expr: • expr '+' expr
   68     | • expr '*' expr
   69     | • expr '-' expr
   70     | • expr '/' expr
   71     | • TK_MAX '(' expr_row ')'
   72     | • TK_MIN '(' expr_row ')'
   74     | • TK_SUM '(' TK_NEW_SYMBOL TK_EQU expr ':' expr ',' $@6 expr ')'
   75     | • TK_ATAN2 '(' expr ',' expr ')'
   76     | • '-' expr
   77     | • TK_ABS '(' expr ')'
   78     | • TK_SIGN '(' expr ')'
   79     | • expr '\''
   80     | • TK_SQRT '(' expr ')'
   81     | • TK_SQR '(' expr ')'
   82     | • TK_POW '(' expr ',' expr ')'
   83     | • TK_EXPO '(' expr ')'
   84     | • TK_LOG '(' expr ')'
   85     | • TK_COS '(' expr ')'
   86     | • TK_SIN '(' expr ')'
   87     | • TK_TAN '(' expr ')'
   88     | • TK_ACOS '(' expr ')'
   89     | • TK_ASIN '(' expr ')'
   90     | • TK_ATAN '(' expr ')'
   91     | • TK_COSH '(' expr ')'
   92     | • TK_SINH '(' expr ')'
   93     | • TK_TANH '(' expr ')'
   94     | • TK_ACOSH '(' expr ')'
   95     | • TK_ASINH '(' expr ')'
   96     | • TK_ATANH '(' expr ')'
   97     | • TK_FLOOR '(' expr ')'
   98     | • TK_CEIL '(' expr ')'
   99     | • TK_CHI '(' expr ',' expr ',' expr ')'
  100     | • '+' expr
  101     | • '(' expr ')'
  101     | '(' • expr ')'
  102     | • '<' expr ',' expr '>'
  103     | • expr '^' expr
  104     | • expr '[' expr_index ']'
  105     | • expr '(' expr_index ')'
  106     | • expr '(' expr_index ',' expr_index ')'
  107     | • '(' expr_row ')'
  107     | '(' • expr_row ')'
  108     | • '(' expr_col ')'
  108     | '(' • expr_col ')'
  109     | • TK_ENTITY
  110     | • TK_ITERATOR
  111     | • TK_EXPR_TMP_SYMBOL
  112     | • TK_CONSTANT
  113     | • TK_FUNC_SYMBOL '(' expr ')'
  114     | • TK_FUNC_SYMBOL '(' expr_row ')'
  115     | • TK_FLOAT
  116     | • TK_PI
  117     | • TK_INFINITY
  118     | • TK_INT_CST
  119     | • interval
  120     | • TK_INF '(' expr ')'
  121     | • TK_MID '(' expr ')'
  122     | • TK_SUP '(' expr ')'
  123     | • TK_DIFF '(' expr_row ')'
  124     | • TK_UNARY_OP '(' expr ')'
  125     | • TK_BINARY_OP '(' expr ',' expr ')'
  126 expr_row: • expr_row ',' expr
  127         | • expr ',' expr
  128 expr_col: • expr_col ';' expr
  129         | • expr ';' expr

    TK_CONSTANT         shift, and go to state 7
    TK_FUNC_SYMBOL      shift, and go to state 9
    TK_EXPR_TMP_SYMBOL  shift, and go to state 10
    TK_ENTITY           shift, and go to state 11
    TK_ITERATOR         shift, and go to state 12
    TK_UNARY_OP         shift, and go to state 13
    TK_BINARY_OP        shift, and go to state 14
    TK_INT_CST          shift, and go to state 15
    TK_FLOAT            shift, and go to state 16
    TK_PI               shift, and go to state 17
    TK_INFINITY         shift, and go to state 18
    TK_DIFF             shift, and go to state 19
    TK_MIN              shift, and go to state 20
    TK_MAX              shift, and go to state 21
    TK_INF              shift, and go to state 22
    TK_MID              shift, and go to state 23
    TK_SUP              shift, and go to state 24
    TK_SIGN             shift, and go to state 25
    TK_ABS              shift, and go to state 26
    TK_SUM              shift, and go to state 27
    TK_SQRT             shift, and go to state 28
    TK_SQR              shift, and go to state 29
    TK_POW              shift, and go to state 30
    TK_EXPO             shift, and go to state 31
    TK_LOG              shift, and go to state 32
    TK_COS              shift, and go to state 33
    TK_SIN              shift, and go to state 34
    TK_TAN              shift, and go to state 35
    TK_ACOS             shift, and go to state 36
    TK_ASIN             shift, and go to state 37
    TK_ATAN             shift, and go to state 38
    TK_ATAN2            shift, and go to state 39
    TK_COSH             shift, and go to state 40
    TK_SINH             shift, and go to state 41
    TK_TANH             shift, and go to state 42
    TK_ACOSH            shift, and go to state 43
    TK_ASINH            shift, and go to state 44
    TK_ATANH            shift, and go to state 45
    TK_FLOOR            shift, and go to state 46
    TK_CEIL             shift, and go to state 47
    TK_CHI              shift, and go to state 49
    '<'                 shift, and go to state 51
    '+'                 shift, and go to state 52
    '-'                 shift, and go to state 53
    '['                 shift, and go to state 54
    '('                 shift, and go to state 105

    interval  go to state 57
    expr      go to state 178
    expr_row  go to state 112
    expr_col  go to state 113


State 106

   67 expr: expr • '+' expr
   68     | expr • '*' expr
   69     | expr • '-' expr
   70     | expr • '/' expr
   79     | expr • '\''
  102     | '<' expr • ',' expr '>'
  103     | expr • '^' expr
  104     | expr • '[' expr_index ']'
  105     | expr • '(' expr_index ')'
  106     | expr • '(' expr_index ',' expr_index ')'

    '+'   shift, and go to state 124
    '-'   shift, and go to state 125
    '*'   shift, and go to state 126
    '/'   shift, and go to state 127
    '^'   shift, and go to state 128
    '\''  shift, and go to state 129
    '['   shift, and go to state 130
    '('   shift, and go to state 131
    ','   shift, and go to state 179


State 107

   67 expr: expr • '+' expr
   68     | expr • '*' expr
   69     | expr • '-' expr
   70     | expr • '/' expr
   79     | expr • '\''
  100     | '+' expr •  [$end, TK_LEQ, TK_GEQ, TK_EQU, TK_END, TK_CTRS, TK_IN, '<', '>', '+', '-', ';', ',', ']', ')', ':']
  103     | expr • '^' expr
  104     | expr • '[' expr_index ']'
  105     | expr • '(' expr_index ')'
  106     | expr • '(' expr_index ',' expr_index ')'

    '*'   shift, and go to state 126
    '/'   shift, and go to state 127
    '^'   shift, and go to state 128
    '\''  shift, and go to state 129
    '['   shift, and go to state 130
    '('   shift, and go to state 131

    $default  reduce using rule 100 (expr)

    Conflict between rule 100 and token '+' resolved as reduce (%left '+').
    Conflict between rule 100 and token '-' resolved as reduce (%left '-').
    Conflict between rule 100 and token '*' resolved as shift ('+' < '*').
    Conflict between rule 100 and token '/' resolved as shift ('+' < '/').
    Conflict between rule 100 and token '^' resolved as shift ('+' < '^').
    Conflict between rule 100 and token '\'' resolved as shift ('+' < '\'').
    Conflict between rule 100 and token '[' resolved as shift ('+' < '[').
    Conflict between rule 100 and token '(' resolved as shift ('+' < '(').


State 108

   67 expr: expr • '+' expr
   68     | expr • '*' expr
   69     | expr • '-' expr
   70     | expr • '/' expr
   76     | '-' expr •  [$end, TK_LEQ, TK_GEQ, TK_EQU, TK_END, TK_CTRS, TK_IN, '<', '>', '+', '-', ';', ',', ']', ')', ':']
   79     | expr • '\''
  103     | expr • '^' expr
  104     | expr • '[' expr_index ']'
  105     | expr • '(' expr_index ')'
  106     | expr • '(' expr_index ',' expr_index ')'

    '*'   shift, and go to state 126
    '/'   shift, and go to state 127
    '^'   shift, and go to state 128
    '\''  shift, and go to state 129
    '['   shift, and go to state 130
    '('   shift, and go to state 131

    $default  reduce using rule 76 (expr)

    Conflict between rule 76 and token '+' resolved as reduce (%left '+').
    Conflict between rule 76 and token '-' resolved as reduce (%left '-').
    Conflict between rule 76 and token '*' resolved as shift ('-' < '*').
    Conflict between rule 76 and token '/' resolved as shift ('-' < '/').
    Conflict between rule 76 and token '^' resolved as shift ('-' < '^').
    Conflict between rule 76 and token '\'' resolved as shift ('-' < '\'').
    Conflict between rule 76 and token '[' resolved as shift ('-' < '[').
    Conflict between rule 76 and token '(' resolved as shift ('-' < '(').


State 109

   28 interval: '[' expr • ',' expr ']'
   67 expr: expr • '+' expr
   68     | expr • '*' expr
   69     | expr • '-' expr
   70     | expr • '/' expr
   79     | expr • '\''
  103     | expr • '^' expr
  104     | expr • '[' expr_index ']'
  105     | expr • '(' expr_index ')'
  106     | expr • '(' expr_index ',' expr_index ')'

    '+'   shift, and go to state 124
    '-'   shift, and go to state 125
    '*'   shift, and go to state 126
    '/'   shift, and go to state 127
    '^'   shift, and go to state 128
    '\''  shift, and go to state 129
    '['   shift, and go to state 130
    '('   shift, and go to state 131
    ','   shift, and go to state 180


State 110

   65 ctr: '(' ctr • ')'

    ')'  shift, and go to state 181


State 111

   58 ctr: expr • TK_EQU expr
   59    | expr • TK_LEQ expr
   60    | expr • TK_GEQ expr
   61    | expr • '<' expr
   62    | expr • '>' expr
   63    | expr • TK_IN expr
   67 expr: expr • '+' expr
   68     | expr • '*' expr
   69     | expr • '-' expr
   70     | expr • '/' expr
   79     | expr • '\''
  101     | '(' expr • ')'
  103     | expr • '^' expr
  104     | expr • '[' expr_index ']'
  105     | expr • '(' expr_index ')'
  106     | expr • '(' expr_index ',' expr_index ')'
  127 expr_row: expr • ',' expr
  129 expr_col: expr • ';' expr

    TK_LEQ  shift, and go to state 118
    TK_GEQ  shift, and go to state 119
    TK_EQU  shift, and go to state 120
    TK_IN   shift, and go to state 121
    '<'     shift, and go to state 122
    '>'     shift, and go to state 123
    '+'     shift, and go to state 124
    '-'     shift, and go to state 125
    '*'     shift, and go to state 126
    '/'     shift, and go to state 127
    '^'     shift, and go to state 128
    '\''    shift, and go to state 129
    '['     shift, and go to state 130
    '('     shift, and go to state 131
    ';'     shift, and go to state 182
    ','     shift, and go to state 183
    ')'     shift, and go to state 184


State 112

  107 expr: '(' expr_row • ')'
  126 expr_row: expr_row • ',' expr

    ','  shift, and go to state 185
    ')'  shift, and go to state 186


State 113

  108 expr: '(' expr_col • ')'
  128 expr_col: expr_col • ';' expr

    ';'  shift, and go to state 187
    ')'  shift, and go to state 188


State 114

   28 interval: • '[' expr ',' expr ']'
   33 semicolon_opt: ';' •  [$end, TK_END]
   50 ctr_blk_list1: ctr_blk_list1 ';' • ctr
   53 ctr_blk_list2: ctr_blk_list1 ';' • ctr_loop
   57 ctr_loop: • TK_FOR TK_NEW_SYMBOL TK_EQU expr ':' expr ';' $@5 ctr_blk_list TK_END
   58 ctr: • expr TK_EQU expr
   59    | • expr TK_LEQ expr
   60    | • expr TK_GEQ expr
   61    | • expr '<' expr
   62    | • expr '>' expr
   63    | • expr TK_IN expr
   64    | • TK_INTEGER '(' expr ')'
   65    | • '(' ctr ')'
   66    | • TK_NEW_SYMBOL TK_EQU expr
   67 expr: • expr '+' expr
   68     | • expr '*' expr
   69     | • expr '-' expr
   70     | • expr '/' expr
   71     | • TK_MAX '(' expr_row ')'
   72     | • TK_MIN '(' expr_row ')'
   74     | • TK_SUM '(' TK_NEW_SYMBOL TK_EQU expr ':' expr ',' $@6 expr ')'
   75     | • TK_ATAN2 '(' expr ',' expr ')'
   76     | • '-' expr
   77     | • TK_ABS '(' expr ')'
   78     | • TK_SIGN '(' expr ')'
   79     | • expr '\''
   80     | • TK_SQRT '(' expr ')'
   81     | • TK_SQR '(' expr ')'
   82     | • TK_POW '(' expr ',' expr ')'
   83     | • TK_EXPO '(' expr ')'
   84     | • TK_LOG '(' expr ')'
   85     | • TK_COS '(' expr ')'
   86     | • TK_SIN '(' expr ')'
   87     | • TK_TAN '(' expr ')'
   88     | • TK_ACOS '(' expr ')'
   89     | • TK_ASIN '(' expr ')'
   90     | • TK_ATAN '(' expr ')'
   91     | • TK_COSH '(' expr ')'
   92     | • TK_SINH '(' expr ')'
   93     | • TK_TANH '(' expr ')'
   94     | • TK_ACOSH '(' expr ')'
   95     | • TK_ASINH '(' expr ')'
   96     | • TK_ATANH '(' expr ')'
   97     | • TK_FLOOR '(' expr ')'
   98     | • TK_CEIL '(' expr ')'
   99     | • TK_CHI '(' expr ',' expr ',' expr ')'
  100     | • '+' expr
  101     | • '(' expr ')'
  102     | • '<' expr ',' expr '>'
  103     | • expr '^' expr
  104     | • expr '[' expr_index ']'
  105     | • expr '(' expr_index ')'
  106     | • expr '(' expr_index ',' expr_index ')'
  107     | • '(' expr_row ')'
  108     | • '(' expr_col ')'
  109     | • TK_ENTITY
  110     | • TK_ITERATOR
  111     | • TK_EXPR_TMP_SYMBOL
  112     | • TK_CONSTANT
  113     | • TK_FUNC_SYMBOL '(' expr ')'
  114     | • TK_FUNC_SYMBOL '(' expr_row ')'
  115     | • TK_FLOAT
  116     | • TK_PI
  117     | • TK_INFINITY
  118     | • TK_INT_CST
  119     | • interval
  120     | • TK_INF '(' expr ')'
  121     | • TK_MID '(' expr ')'
  122     | • TK_SUP '(' expr ')'
  123     | • TK_DIFF '(' expr_row ')'
  124     | • TK_UNARY_OP '(' expr ')'
  125     | • TK_BINARY_OP '(' expr ',' expr ')'

    TK_CONSTANT         shift, and go to state 7
    TK_NEW_SYMBOL       shift, and go to state 8
    TK_FUNC_SYMBOL      shift, and go to state 9
    TK_EXPR_TMP_SYMBOL  shift, and go to state 10
    TK_ENTITY           shift, and go to state 11
    TK_ITERATOR         shift, and go to state 12
    TK_UNARY_OP         shift, and go to state 13
    TK_BINARY_OP        shift, and go to state 14
    TK_INT_CST          shift, and go to state 15
    TK_FLOAT            shift, and go to state 16
    TK_PI               shift, and go to state 17
    TK_INFINITY         shift, and go to state 18
    TK_DIFF             shift, and go to state 19
    TK_MIN              shift, and go to state 20
    TK_MAX              shift, and go to state 21
    TK_INF              shift, and go to state 22
    TK_MID              shift, and go to state 23
    TK_SUP              shift, and go to state 24
    TK_SIGN             shift, and go to state 25
    TK_ABS              shift, and go to state 26
    TK_SUM              shift, and go to state 27
    TK_SQRT             shift, and go to state 28
    TK_SQR              shift, and go to state 29
    TK_POW              shift, and go to state 30
    TK_EXPO             shift, and go to state 31
    TK_LOG              shift, and go to state 32
    TK_COS              shift, and go to state 33
    TK_SIN              shift, and go to state 34
    TK_TAN              shift, and go to state 35
    TK_ACOS             shift, and go to state 36
    TK_ASIN             shift, and go to state 37
    TK_ATAN             shift, and go to state 38
    TK_ATAN2            shift, and go to state 39
    TK_COSH             shift, and go to state 40
    TK_SINH             shift, and go to state 41
    TK_TANH             shift, and go to state 42
    TK_ACOSH            shift, and go to state 43
    TK_ASINH            shift, and go to state 44
    TK_ATANH            shift, and go to state 45
    TK_FLOOR            shift, and go to state 46
    TK_CEIL             shift, and go to state 47
    TK_INTEGER          shift, and go to state 48
    TK_CHI              shift, and go to state 49
    TK_FOR              shift, and go to state 50
    '<'                 shift, and go to state 51
    '+'                 shift, and go to state 52
    '-'                 shift, and go to state 53
    '['                 shift, and go to state 54
    '('                 shift, and go to state 55

    $default  reduce using rule 33 (semicolon_opt)

    interval  go to state 57
    ctr_loop  go to state 189
    ctr       go to state 190
    expr      go to state 63


State 115

   48 ctr_blk_list: ctr_blk_list1 semicolon_opt •

    $default  reduce using rule 48 (ctr_blk_list)


State 116

   33 semicolon_opt: ';' •

    $default  reduce using rule 33 (semicolon_opt)


State 117

   28 interval: • '[' expr ',' expr ']'
   49 ctr_blk_list: ctr_blk_list2 semicolon_opt •  [$end, TK_END]
   51 ctr_blk_list1: ctr_blk_list2 semicolon_opt • ctr
   54 ctr_blk_list2: ctr_blk_list2 semicolon_opt • ctr_loop
   57 ctr_loop: • TK_FOR TK_NEW_SYMBOL TK_EQU expr ':' expr ';' $@5 ctr_blk_list TK_END
   58 ctr: • expr TK_EQU expr
   59    | • expr TK_LEQ expr
   60    | • expr TK_GEQ expr
   61    | • expr '<' expr
   62    | • expr '>' expr
   63    | • expr TK_IN expr
   64    | • TK_INTEGER '(' expr ')'
   65    | • '(' ctr ')'
   66    | • TK_NEW_SYMBOL TK_EQU expr
   67 expr: • expr '+' expr
   68     | • expr '*' expr
   69     | • expr '-' expr
   70     | • expr '/' expr
   71     | • TK_MAX '(' expr_row ')'
   72     | • TK_MIN '(' expr_row ')'
   74     | • TK_SUM '(' TK_NEW_SYMBOL TK_EQU expr ':' expr ',' $@6 expr ')'
   75     | • TK_ATAN2 '(' expr ',' expr ')'
   76     | • '-' expr
   77     | • TK_ABS '(' expr ')'
   78     | • TK_SIGN '(' expr ')'
   79     | • expr '\''
   80     | • TK_SQRT '(' expr ')'
   81     | • TK_SQR '(' expr ')'
   82     | • TK_POW '(' expr ',' expr ')'
   83     | • TK_EXPO '(' expr ')'
   84     | • TK_LOG '(' expr ')'
   85     | • TK_COS '(' expr ')'
   86     | • TK_SIN '(' expr ')'
   87     | • TK_TAN '(' expr ')'
   88     | • TK_ACOS '(' expr ')'
   89     | • TK_ASIN '(' expr ')'
   90     | • TK_ATAN '(' expr ')'
   91     | • TK_COSH '(' expr ')'
   92     | • TK_SINH '(' expr ')'
   93     | • TK_TANH '(' expr ')'
   94     | • TK_ACOSH '(' expr ')'
   95     | • TK_ASINH '(' expr ')'
   96     | • TK_ATANH '(' expr ')'
   97     | • TK_FLOOR '(' expr ')'
   98     | • TK_CEIL '(' expr ')'
   99     | • TK_CHI '(' expr ',' expr ',' expr ')'
  100     | • '+' expr
  101     | • '(' expr ')'
  102     | • '<' expr ',' expr '>'
  103     | • expr '^' expr
  104     | • expr '[' expr_index ']'
  105     | • expr '(' expr_index ')'
  106     | • expr '(' expr_index ',' expr_index ')'
  107     | • '(' expr_row ')'
  108     | • '(' expr_col ')'
  109     | • TK_ENTITY
  110     | • TK_ITERATOR
  111     | • TK_EXPR_TMP_SYMBOL
  112     | • TK_CONSTANT
  113     | • TK_FUNC_SYMBOL '(' expr ')'
  114     | • TK_FUNC_SYMBOL '(' expr_row ')'
  115     | • TK_FLOAT
  116     | • TK_PI
  117     | • TK_INFINITY
  118     | • TK_INT_CST
  119     | • interval
  120     | • TK_INF '(' expr ')'
  121     | • TK_MID '(' expr ')'
  122     | • TK_SUP '(' expr ')'
  123     | • TK_DIFF '(' expr_row ')'
  124     | • TK_UNARY_OP '(' expr ')'
  125     | • TK_BINARY_OP '(' expr ',' expr ')'

    TK_CONSTANT         shift, and go to state 7
    TK_NEW_SYMBOL       shift, and go to state 8
    TK_FUNC_SYMBOL      shift, and go to state 9
    TK_EXPR_TMP_SYMBOL  shift, and go to state 10
    TK_ENTITY           shift, and go to state 11
    TK_ITERATOR         shift, and go to state 12
    TK_UNARY_OP         shift, and go to state 13
    TK_BINARY_OP        shift, and go to state 14
    TK_INT_CST          shift, and go to state 15
    TK_FLOAT            shift, and go to state 16
    TK_PI               shift, and go to state 17
    TK_INFINITY         shift, and go to state 18
    TK_DIFF             shift, and go to state 19
    TK_MIN              shift, and go to state 20
    TK_MAX              shift, and go to state 21
    TK_INF              shift, and go to state 22
    TK_MID              shift, and go to state 23
    TK_SUP              shift, and go to state 24
    TK_SIGN             shift, and go to state 25
    TK_ABS              shift, and go to state 26
    TK_SUM              shift, and go to state 27
    TK_SQRT             shift, and go to state 28
    TK_SQR              shift, and go to state 29
    TK_POW              shift, and go to state 30
    TK_EXPO             shift, and go to state 31
    TK_LOG              shift, and go to state 32
    TK_COS              shift, and go to state 33
    TK_SIN              shift, and go to state 34
    TK_TAN              shift, and go to state 35
    TK_ACOS             shift, and go to state 36
    TK_ASIN             shift, and go to state 37
    TK_ATAN             shift, and go to state 38
    TK_ATAN2            shift, and go to state 39
    TK_COSH             shift, and go to state 40
    TK_SINH             shift, and go to state 41
    TK_TANH             shift, and go to state 42
    TK_ACOSH            shift, and go to state 43
    TK_ASINH            shift, and go to state 44
    TK_ATANH            shift, and go to state 45
    TK_FLOOR            shift, and go to state 46
    TK_CEIL             shift, and go to state 47
    TK_INTEGER          shift, and go to state 48
    TK_CHI              shift, and go to state 49
    TK_FOR              shift, and go to state 50
    '<'                 shift, and go to state 51
    '+'                 shift, and go to state 52
    '-'                 shift, and go to state 53
    '['                 shift, and go to state 54
    '('                 shift, and go to state 55

    $default  reduce using rule 49 (ctr_blk_list)

    interval  go to state 57
    ctr_loop  go to state 191
    ctr       go to state 192
    expr      go to state 63


State 118

   28 interval: • '[' expr ',' expr ']'
   59 ctr: expr TK_LEQ • expr
   67 expr: • expr '+' expr
   68     | • expr '*' expr
   69     | • expr '-' expr
   70     | • expr '/' expr
   71     | • TK_MAX '(' expr_row ')'
   72     | • TK_MIN '(' expr_row ')'
   74     | • TK_SUM '(' TK_NEW_SYMBOL TK_EQU expr ':' expr ',' $@6 expr ')'
   75     | • TK_ATAN2 '(' expr ',' expr ')'
   76     | • '-' expr
   77     | • TK_ABS '(' expr ')'
   78     | • TK_SIGN '(' expr ')'
   79     | • expr '\''
   80     | • TK_SQRT '(' expr ')'
   81     | • TK_SQR '(' expr ')'
   82     | • TK_POW '(' expr ',' expr ')'
   83     | • TK_EXPO '(' expr ')'
   84     | • TK_LOG '(' expr ')'
   85     | • TK_COS '(' expr ')'
   86     | • TK_SIN '(' expr ')'
   87     | • TK_TAN '(' expr ')'
   88     | • TK_ACOS '(' expr ')'
   89     | • TK_ASIN '(' expr ')'
   90     | • TK_ATAN '(' expr ')'
   91     | • TK_COSH '(' expr ')'
   92     | • TK_SINH '(' expr ')'
   93     | • TK_TANH '(' expr ')'
   94     | • TK_ACOSH '(' expr ')'
   95     | • TK_ASINH '(' expr ')'
   96     | • TK_ATANH '(' expr ')'
   97     | • TK_FLOOR '(' expr ')'
   98     | • TK_CEIL '(' expr ')'
   99     | • TK_CHI '(' expr ',' expr ',' expr ')'
  100     | • '+' expr
  101     | • '(' expr ')'
  102     | • '<' expr ',' expr '>'
  103     | • expr '^' expr
  104     | • expr '[' expr_index ']'
  105     | • expr '(' expr_index ')'
  106     | • expr '(' expr_index ',' expr_index ')'
  107     | • '(' expr_row ')'
  108     | • '(' expr_col ')'
  109     | • TK_ENTITY
  110     | • TK_ITERATOR
  111     | • TK_EXPR_TMP_SYMBOL
  112     | • TK_CONSTANT
  113     | • TK_FUNC_SYMBOL '(' expr ')'
  114     | • TK_FUNC_SYMBOL '(' expr_row ')'
  115     | • TK_FLOAT
  116     | • TK_PI
  117     | • TK_INFINITY
  118     | • TK_INT_CST
  119     | • interval
  120     | • TK_INF '(' expr ')'
  121     | • TK_MID '(' expr ')'
  122     | • TK_SUP '(' expr ')'
  123     | • TK_DIFF '(' expr_row ')'
  124     | • TK_UNARY_OP '(' expr ')'
  125     | • TK_BINARY_OP '(' expr ',' expr ')'

    TK_CONSTANT         shift, and go to state 7
    TK_FUNC_SYMBOL      shift, and go to state 9
    TK_EXPR_TMP_SYMBOL  shift, and go to state 10
    TK_ENTITY           shift, and go to state 11
    TK_ITERATOR         shift, and go to state 12
    TK_UNARY_OP         shift, and go to state 13
    TK_BINARY_OP        shift, and go to state 14
    TK_INT_CST          shift, and go to state 15
    TK_FLOAT            shift, and go to state 16
    TK_PI               shift, and go to state 17
    TK_INFINITY         shift, and go to state 18
    TK_DIFF             shift, and go to state 19
    TK_MIN              shift, and go to state 20
    TK_MAX              shift, and go to state 21
    TK_INF              shift, and go to state 22
    TK_MID              shift, and go to state 23
    TK_SUP              shift, and go to state 24
    TK_SIGN             shift, and go to state 25
    TK_ABS              shift, and go to state 26
    TK_SUM              shift, and go to state 27
    TK_SQRT             shift, and go to state 28
    TK_SQR              shift, and go to state 29
    TK_POW              shift, and go to state 30
    TK_EXPO             shift, and go to state 31
    TK_LOG              shift, and go to state 32
    TK_COS              shift, and go to state 33
    TK_SIN              shift, and go to state 34
    TK_TAN              shift, and go to state 35
    TK_ACOS             shift, and go to state 36
    TK_ASIN             shift, and go to state 37
    TK_ATAN             shift, and go to state 38
    TK_ATAN2            shift, and go to state 39
    TK_COSH             shift, and go to state 40
    TK_SINH             shift, and go to state 41
    TK_TANH             shift, and go to state 42
    TK_ACOSH            shift, and go to state 43
    TK_ASINH            shift, and go to state 44
    TK_ATANH            shift, and go to state 45
    TK_FLOOR            shift, and go to state 46
    TK_CEIL             shift, and go to state 47
    TK_CHI              shift, and go to state 49
    '<'                 shift, and go to state 51
    '+'                 shift, and go to state 52
    '-'                 shift, and go to state 53
    '['                 shift, and go to state 54
    '('                 shift, and go to state 105

    interval  go to state 57
    expr      go to state 193


State 119

   28 interval: • '[' expr ',' expr ']'
   60 ctr: expr TK_GEQ • expr
   67 expr: • expr '+' expr
   68     | • expr '*' expr
   69     | • expr '-' expr
   70     | • expr '/' expr
   71     | • TK_MAX '(' expr_row ')'
   72     | • TK_MIN '(' expr_row ')'
   74     | • TK_SUM '(' TK_NEW_SYMBOL TK_EQU expr ':' expr ',' $@6 expr ')'
   75     | • TK_ATAN2 '(' expr ',' expr ')'
   76     | • '-' expr
   77     | • TK_ABS '(' expr ')'
   78     | • TK_SIGN '(' expr ')'
   79     | • expr '\''
   80     | • TK_SQRT '(' expr ')'
   81     | • TK_SQR '(' expr ')'
   82     | • TK_POW '(' expr ',' expr ')'
   83     | • TK_EXPO '(' expr ')'
   84     | • TK_LOG '(' expr ')'
   85     | • TK_COS '(' expr ')'
   86     | • TK_SIN '(' expr ')'
   87     | • TK_TAN '(' expr ')'
   88     | • TK_ACOS '(' expr ')'
   89     | • TK_ASIN '(' expr ')'
   90     | • TK_ATAN '(' expr ')'
   91     | • TK_COSH '(' expr ')'
   92     | • TK_SINH '(' expr ')'
   93     | • TK_TANH '(' expr ')'
   94     | • TK_ACOSH '(' expr ')'
   95     | • TK_ASINH '(' expr ')'
   96     | • TK_ATANH '(' expr ')'
   97     | • TK_FLOOR '(' expr ')'
   98     | • TK_CEIL '(' expr ')'
   99     | • TK_CHI '(' expr ',' expr ',' expr ')'
  100     | • '+' expr
  101     | • '(' expr ')'
  102     | • '<' expr ',' expr '>'
  103     | • expr '^' expr
  104     | • expr '[' expr_index ']'
  105     | • expr '(' expr_index ')'
  106     | • expr '(' expr_index ',' expr_index ')'
  107     | • '(' expr_row ')'
  108     | • '(' expr_col ')'
  109     | • TK_ENTITY
  110     | • TK_ITERATOR
  111     | • TK_EXPR_TMP_SYMBOL
  112     | • TK_CONSTANT
  113     | • TK_FUNC_SYMBOL '(' expr ')'
  114     | • TK_FUNC_SYMBOL '(' expr_row ')'
  115     | • TK_FLOAT
  116     | • TK_PI
  117     | • TK_INFINITY
  118     | • TK_INT_CST
  119     | • interval
  120     | • TK_INF '(' expr ')'
  121     | • TK_MID '(' expr ')'
  122     | • TK_SUP '(' expr ')'
  123     | • TK_DIFF '(' expr_row ')'
  124     | • TK_UNARY_OP '(' expr ')'
  125     | • TK_BINARY_OP '(' expr ',' expr ')'

    TK_CONSTANT         shift, and go to state 7
    TK_FUNC_SYMBOL      shift, and go to state 9
    TK_EXPR_TMP_SYMBOL  shift, and go to state 10
    TK_ENTITY           shift, and go to state 11
    TK_ITERATOR         shift, and go to state 12
    TK_UNARY_OP         shift, and go to state 13
    TK_BINARY_OP        shift, and go to state 14
    TK_INT_CST          shift, and go to state 15
    TK_FLOAT            shift, and go to state 16
    TK_PI               shift, and go to state 17
    TK_INFINITY         shift, and go to state 18
    TK_DIFF             shift, and go to state 19
    TK_MIN              shift, and go to state 20
    TK_MAX              shift, and go to state 21
    TK_INF              shift, and go to state 22
    TK_MID              shift, and go to state 23
    TK_SUP              shift, and go to state 24
    TK_SIGN             shift, and go to state 25
    TK_ABS              shift, and go to state 26
    TK_SUM              shift, and go to state 27
    TK_SQRT             shift, and go to state 28
    TK_SQR              shift, and go to state 29
    TK_POW              shift, and go to state 30
    TK_EXPO             shift, and go to state 31
    TK_LOG              shift, and go to state 32
    TK_COS              shift, and go to state 33
    TK_SIN              shift, and go to state 34
    TK_TAN              shift, and go to state 35
    TK_ACOS             shift, and go to state 36
    TK_ASIN             shift, and go to state 37
    TK_ATAN             shift, and go to state 38
    TK_ATAN2            shift, and go to state 39
    TK_COSH             shift, and go to state 40
    TK_SINH             shift, and go to state 41
    TK_TANH             shift, and go to state 42
    TK_ACOSH            shift, and go to state 43
    TK_ASINH            shift, and go to state 44
    TK_ATANH            shift, and go to state 45
    TK_FLOOR            shift, and go to state 46
    TK_CEIL             shift, and go to state 47
    TK_CHI              shift, and go to state 49
    '<'                 shift, and go to state 51
    '+'                 shift, and go to state 52
    '-'                 shift, and go to state 53
    '['                 shift, and go to state 54
    '('                 shift, and go to state 105

    interval  go to state 57
    expr      go to state 194


State 120

   28 interval: • '[' expr ',' expr ']'
   58 ctr: expr TK_EQU • expr
   67 expr: • expr '+' expr
   68     | • expr '*' expr
   69     | • expr '-' expr
   70     | • expr '/' expr
   71     | • TK_MAX '(' expr_row ')'
   72     | • TK_MIN '(' expr_row ')'
   74     | • TK_SUM '(' TK_NEW_SYMBOL TK_EQU expr ':' expr ',' $@6 expr ')'
   75     | • TK_ATAN2 '(' expr ',' expr ')'
   76     | • '-' expr
   77     | • TK_ABS '(' expr ')'
   78     | • TK_SIGN '(' expr ')'
   79     | • expr '\''
   80     | • TK_SQRT '(' expr ')'
   81     | • TK_SQR '(' expr ')'
   82     | • TK_POW '(' expr ',' expr ')'
   83     | • TK_EXPO '(' expr ')'
   84     | • TK_LOG '(' expr ')'
   85     | • TK_COS '(' expr ')'
   86     | • TK_SIN '(' expr ')'
   87     | • TK_TAN '(' expr ')'
   88     | • TK_ACOS '(' expr ')'
   89     | • TK_ASIN '(' expr ')'
   90     | • TK_ATAN '(' expr ')'
   91     | • TK_COSH '(' expr ')'
   92     | • TK_SINH '(' expr ')'
   93     | • TK_TANH '(' expr ')'
   94     | • TK_ACOSH '(' expr ')'
   95     | • TK_ASINH '(' expr ')'
   96     | • TK_ATANH '(' expr ')'
   97     | • TK_FLOOR '(' expr ')'
   98     | • TK_CEIL '(' expr ')'
   99     | • TK_CHI '(' expr ',' expr ',' expr ')'
  100     | • '+' expr
  101     | • '(' expr ')'
  102     | • '<' expr ',' expr '>'
  103     | • expr '^' expr
  104     | • expr '[' expr_index ']'
  105     | • expr '(' expr_index ')'
  106     | • expr '(' expr_index ',' expr_index ')'
  107     | • '(' expr_row ')'
  108     | • '(' expr_col ')'
  109     | • TK_ENTITY
  110     | • TK_ITERATOR
  111     | • TK_EXPR_TMP_SYMBOL
  112     | • TK_CONSTANT
  113     | • TK_FUNC_SYMBOL '(' expr ')'
  114     | • TK_FUNC_SYMBOL '(' expr_row ')'
  115     | • TK_FLOAT
  116     | • TK_PI
  117     | • TK_INFINITY
  118     | • TK_INT_CST
  119     | • interval
  120     | • TK_INF '(' expr ')'
  121     | • TK_MID '(' expr ')'
  122     | • TK_SUP '(' expr ')'
  123     | • TK_DIFF '(' expr_row ')'
  124     | • TK_UNARY_OP '(' expr ')'
  125     | • TK_BINARY_OP '(' expr ',' expr ')'

    TK_CONSTANT         shift, and go to state 7
    TK_FUNC_SYMBOL      shift, and go to state 9
    TK_EXPR_TMP_SYMBOL  shift, and go to state 10
    TK_ENTITY           shift, and go to state 11
    TK_ITERATOR         shift, and go to state 12
    TK_UNARY_OP         shift, and go to state 13
    TK_BINARY_OP        shift, and go to state 14
    TK_INT_CST          shift, and go to state 15
    TK_FLOAT            shift, and go to state 16
    TK_PI               shift, and go to state 17
    TK_INFINITY         shift, and go to state 18
    TK_DIFF             shift, and go to state 19
    TK_MIN              shift, and go to state 20
    TK_MAX              shift, and go to state 21
    TK_INF              shift, and go to state 22
    TK_MID              shift, and go to state 23
    TK_SUP              shift, and go to state 24
    TK_SIGN             shift, and go to state 25
    TK_ABS              shift, and go to state 26
    TK_SUM              shift, and go to state 27
    TK_SQRT             shift, and go to state 28
    TK_SQR              shift, and go to state 29
    TK_POW              shift, and go to state 30
    TK_EXPO             shift, and go to state 31
    TK_LOG              shift, and go to state 32
    TK_COS              shift, and go to state 33
    TK_SIN              shift, and go to state 34
    TK_TAN              shift, and go to state 35
    TK_ACOS             shift, and go to state 36
    TK_ASIN             shift, and go to state 37
    TK_ATAN             shift, and go to state 38
    TK_ATAN2            shift, and go to state 39
    TK_COSH             shift, and go to state 40
    TK_SINH             shift, and go to state 41
    TK_TANH             shift, and go to state 42
    TK_ACOSH            shift, and go to state 43
    TK_ASINH            shift, and go to state 44
    TK_ATANH            shift, and go to state 45
    TK_FLOOR            shift, and go to state 46
    TK_CEIL             shift, and go to state 47
    TK_CHI              shift, and go to state 49
    '<'                 shift, and go to state 51
    '+'                 shift, and go to state 52
    '-'                 shift, and go to state 53
    '['                 shift, and go to state 54
    '('                 shift, and go to state 105

    interval  go to state 57
    expr      go to state 195


State 121

   28 interval: • '[' expr ',' expr ']'
   63 ctr: expr TK_IN • expr
   67 expr: • expr '+' expr
   68     | • expr '*' expr
   69     | • expr '-' expr
   70     | • expr '/' expr
   71     | • TK_MAX '(' expr_row ')'
   72     | • TK_MIN '(' expr_row ')'
   74     | • TK_SUM '(' TK_NEW_SYMBOL TK_EQU expr ':' expr ',' $@6 expr ')'
   75     | • TK_ATAN2 '(' expr ',' expr ')'
   76     | • '-' expr
   77     | • TK_ABS '(' expr ')'
   78     | • TK_SIGN '(' expr ')'
   79     | • expr '\''
   80     | • TK_SQRT '(' expr ')'
   81     | • TK_SQR '(' expr ')'
   82     | • TK_POW '(' expr ',' expr ')'
   83     | • TK_EXPO '(' expr ')'
   84     | • TK_LOG '(' expr ')'
   85     | • TK_COS '(' expr ')'
   86     | • TK_SIN '(' expr ')'
   87     | • TK_TAN '(' expr ')'
   88     | • TK_ACOS '(' expr ')'
   89     | • TK_ASIN '(' expr ')'
   90     | • TK_ATAN '(' expr ')'
   91     | • TK_COSH '(' expr ')'
   92     | • TK_SINH '(' expr ')'
   93     | • TK_TANH '(' expr ')'
   94     | • TK_ACOSH '(' expr ')'
   95     | • TK_ASINH '(' expr ')'
   96     | • TK_ATANH '(' expr ')'
   97     | • TK_FLOOR '(' expr ')'
   98     | • TK_CEIL '(' expr ')'
   99     | • TK_CHI '(' expr ',' expr ',' expr ')'
  100     | • '+' expr
  101     | • '(' expr ')'
  102     | • '<' expr ',' expr '>'
  103     | • expr '^' expr
  104     | • expr '[' expr_index ']'
  105     | • expr '(' expr_index ')'
  106     | • expr '(' expr_index ',' expr_index ')'
  107     | • '(' expr_row ')'
  108     | • '(' expr_col ')'
  109     | • TK_ENTITY
  110     | • TK_ITERATOR
  111     | • TK_EXPR_TMP_SYMBOL
  112     | • TK_CONSTANT
  113     | • TK_FUNC_SYMBOL '(' expr ')'
  114     | • TK_FUNC_SYMBOL '(' expr_row ')'
  115     | • TK_FLOAT
  116     | • TK_PI
  117     | • TK_INFINITY
  118     | • TK_INT_CST
  119     | • interval
  120     | • TK_INF '(' expr ')'
  121     | • TK_MID '(' expr ')'
  122     | • TK_SUP '(' expr ')'
  123     | • TK_DIFF '(' expr_row ')'
  124     | • TK_UNARY_OP '(' expr ')'
  125     | • TK_BINARY_OP '(' expr ',' expr ')'

    TK_CONSTANT         shift, and go to state 7
    TK_FUNC_SYMBOL      shift, and go to state 9
    TK_EXPR_TMP_SYMBOL  shift, and go to state 10
    TK_ENTITY           shift, and go to state 11
    TK_ITERATOR         shift, and go to state 12
    TK_UNARY_OP         shift, and go to state 13
    TK_BINARY_OP        shift, and go to state 14
    TK_INT_CST          shift, and go to state 15
    TK_FLOAT            shift, and go to state 16
    TK_PI               shift, and go to state 17
    TK_INFINITY         shift, and go to state 18
    TK_DIFF             shift, and go to state 19
    TK_MIN              shift, and go to state 20
    TK_MAX              shift, and go to state 21
    TK_INF              shift, and go to state 22
    TK_MID              shift, and go to state 23
    TK_SUP              shift, and go to state 24
    TK_SIGN             shift, and go to state 25
    TK_ABS              shift, and go to state 26
    TK_SUM              shift, and go to state 27
    TK_SQRT             shift, and go to state 28
    TK_SQR              shift, and go to state 29
    TK_POW              shift, and go to state 30
    TK_EXPO             shift, and go to state 31
    TK_LOG              shift, and go to state 32
    TK_COS              shift, and go to state 33
    TK_SIN              shift, and go to state 34
    TK_TAN              shift, and go to state 35
    TK_ACOS             shift, and go to state 36
    TK_ASIN             shift, and go to state 37
    TK_ATAN             shift, and go to state 38
    TK_ATAN2            shift, and go to state 39
    TK_COSH             shift, and go to state 40
    TK_SINH             shift, and go to state 41
    TK_TANH             shift, and go to state 42
    TK_ACOSH            shift, and go to state 43
    TK_ASINH            shift, and go to state 44
    TK_ATANH            shift, and go to state 45
    TK_FLOOR            shift, and go to state 46
    TK_CEIL             shift, and go to state 47
    TK_CHI              shift, and go to state 49
    '<'                 shift, and go to state 51
    '+'                 shift, and go to state 52
    '-'                 shift, and go to state 53
    '['                 shift, and go to state 54
    '('                 shift, and go to state 105

    interval  go to state 57
    expr      go to state 196


State 122

   28 interval: • '[' expr ',' expr ']'
   61 ctr: expr '<' • expr
   67 expr: • expr '+' expr
   68     | • expr '*' expr
   69     | • expr '-' expr
   70     | • expr '/' expr
   71     | • TK_MAX '(' expr_row ')'
   72     | • TK_MIN '(' expr_row ')'
   74     | • TK_SUM '(' TK_NEW_SYMBOL TK_EQU expr ':' expr ',' $@6 expr ')'
   75     | • TK_ATAN2 '(' expr ',' expr ')'
   76     | • '-' expr
   77     | • TK_ABS '(' expr ')'
   78     | • TK_SIGN '(' expr ')'
   79     | • expr '\''
   80     | • TK_SQRT '(' expr ')'
   81     | • TK_SQR '(' expr ')'
   82     | • TK_POW '(' expr ',' expr ')'
   83     | • TK_EXPO '(' expr ')'
   84     | • TK_LOG '(' expr ')'
   85     | • TK_COS '(' expr ')'
   86     | • TK_SIN '(' expr ')'
   87     | • TK_TAN '(' expr ')'
   88     | • TK_ACOS '(' expr ')'
   89     | • TK_ASIN '(' expr ')'
   90     | • TK_ATAN '(' expr ')'
   91     | • TK_COSH '(' expr ')'
   92     | • TK_SINH '(' expr ')'
   93     | • TK_TANH '(' expr ')'
   94     | • TK_ACOSH '(' expr ')'
   95     | • TK_ASINH '(' expr ')'
   96     | • TK_ATANH '(' expr ')'
   97     | • TK_FLOOR '(' expr ')'
   98     | • TK_CEIL '(' expr ')'
   99     | • TK_CHI '(' expr ',' expr ',' expr ')'
  100     | • '+' expr
  101     | • '(' expr ')'
  102     | • '<' expr ',' expr '>'
  103     | • expr '^' expr
  104     | • expr '[' expr_index ']'
  105     | • expr '(' expr_index ')'
  106     | • expr '(' expr_index ',' expr_index ')'
  107     | • '(' expr_row ')'
  108     | • '(' expr_col ')'
  109     | • TK_ENTITY
  110     | • TK_ITERATOR
  111     | • TK_EXPR_TMP_SYMBOL
  112     | • TK_CONSTANT
  113     | • TK_FUNC_SYMBOL '(' expr ')'
  114     | • TK_FUNC_SYMBOL '(' expr_row ')'
  115     | • TK_FLOAT
  116     | • TK_PI
  117     | • TK_INFINITY
  118     | • TK_INT_CST
  119     | • interval
  120     | • TK_INF '(' expr ')'
  121     | • TK_MID '(' expr ')'
  122     | • TK_SUP '(' expr ')'
  123     | • TK_DIFF '(' expr_row ')'
  124     | • TK_UNARY_OP '(' expr ')'
  125     | • TK_BINARY_OP '(' expr ',' expr ')'

    TK_CONSTANT         shift, and go to state 7
    TK_FUNC_SYMBOL      shift, and go to state 9
    TK_EXPR_TMP_SYMBOL  shift, and go to state 10
    TK_ENTITY           shift, and go to state 11
    TK_ITERATOR         shift, and go to state 12
    TK_UNARY_OP         shift, and go to state 13
    TK_BINARY_OP        shift, and go to state 14
    TK_INT_CST          shift, and go to state 15
    TK_FLOAT            shift, and go to state 16
    TK_PI               shift, and go to state 17
    TK_INFINITY         shift, and go to state 18
    TK_DIFF             shift, and go to state 19
    TK_MIN              shift, and go to state 20
    TK_MAX              shift, and go to state 21
    TK_INF              shift, and go to state 22
    TK_MID              shift, and go to state 23
    TK_SUP              shift, and go to state 24
    TK_SIGN             shift, and go to state 25
    TK_ABS              shift, and go to state 26
    TK_SUM              shift, and go to state 27
    TK_SQRT             shift, and go to state 28
    TK_SQR              shift, and go to state 29
    TK_POW              shift, and go to state 30
    TK_EXPO             shift, and go to state 31
    TK_LOG              shift, and go to state 32
    TK_COS              shift, and go to state 33
    TK_SIN              shift, and go to state 34
    TK_TAN              shift, and go to state 35
    TK_ACOS             shift, and go to state 36
    TK_ASIN             shift, and go to state 37
    TK_ATAN             shift, and go to state 38
    TK_ATAN2            shift, and go to state 39
    TK_COSH             shift, and go to state 40
    TK_SINH             shift, and go to state 41
    TK_TANH             shift, and go to state 42
    TK_ACOSH            shift, and go to state 43
    TK_ASINH            shift, and go to state 44
    TK_ATANH            shift, and go to state 45
    TK_FLOOR            shift, and go to state 46
    TK_CEIL             shift, and go to state 47
    TK_CHI              shift, and go to state 49
    '<'                 shift, and go to state 51
    '+'                 shift, and go to state 52
    '-'                 shift, and go to state 53
    '['                 shift, and go to state 54
    '('                 shift, and go to state 105

    interval  go to state 57
    expr      go to state 197


State 123

   28 interval: • '[' expr ',' expr ']'
   62 ctr: expr '>' • expr
   67 expr: • expr '+' expr
   68     | • expr '*' expr
   69     | • expr '-' expr
   70     | • expr '/' expr
   71     | • TK_MAX '(' expr_row ')'
   72     | • TK_MIN '(' expr_row ')'
   74     | • TK_SUM '(' TK_NEW_SYMBOL TK_EQU expr ':' expr ',' $@6 expr ')'
   75     | • TK_ATAN2 '(' expr ',' expr ')'
   76     | • '-' expr
   77     | • TK_ABS '(' expr ')'
   78     | • TK_SIGN '(' expr ')'
   79     | • expr '\''
   80     | • TK_SQRT '(' expr ')'
   81     | • TK_SQR '(' expr ')'
   82     | • TK_POW '(' expr ',' expr ')'
   83     | • TK_EXPO '(' expr ')'
   84     | • TK_LOG '(' expr ')'
   85     | • TK_COS '(' expr ')'
   86     | • TK_SIN '(' expr ')'
   87     | • TK_TAN '(' expr ')'
   88     | • TK_ACOS '(' expr ')'
   89     | • TK_ASIN '(' expr ')'
   90     | • TK_ATAN '(' expr ')'
   91     | • TK_COSH '(' expr ')'
   92     | • TK_SINH '(' expr ')'
   93     | • TK_TANH '(' expr ')'
   94     | • TK_ACOSH '(' expr ')'
   95     | • TK_ASINH '(' expr ')'
   96     | • TK_ATANH '(' expr ')'
   97     | • TK_FLOOR '(' expr ')'
   98     | • TK_CEIL '(' expr ')'
   99     | • TK_CHI '(' expr ',' expr ',' expr ')'
  100     | • '+' expr
  101     | • '(' expr ')'
  102     | • '<' expr ',' expr '>'
  103     | • expr '^' expr
  104     | • expr '[' expr_index ']'
  105     | • expr '(' expr_index ')'
  106     | • expr '(' expr_index ',' expr_index ')'
  107     | • '(' expr_row ')'
  108     | • '(' expr_col ')'
  109     | • TK_ENTITY
  110     | • TK_ITERATOR
  111     | • TK_EXPR_TMP_SYMBOL
  112     | • TK_CONSTANT
  113     | • TK_FUNC_SYMBOL '(' expr ')'
  114     | • TK_FUNC_SYMBOL '(' expr_row ')'
  115     | • TK_FLOAT
  116     | • TK_PI
  117     | • TK_INFINITY
  118     | • TK_INT_CST
  119     | • interval
  120     | • TK_INF '(' expr ')'
  121     | • TK_MID '(' expr ')'
  122     | • TK_SUP '(' expr ')'
  123     | • TK_DIFF '(' expr_row ')'
  124     | • TK_UNARY_OP '(' expr ')'
  125     | • TK_BINARY_OP '(' expr ',' expr ')'

    TK_CONSTANT         shift, and go to state 7
    TK_FUNC_SYMBOL      shift, and go to state 9
    TK_EXPR_TMP_SYMBOL  shift, and go to state 10
    TK_ENTITY           shift, and go to state 11
    TK_ITERATOR         shift, and go to state 12
    TK_UNARY_OP         shift, and go to state 13
    TK_BINARY_OP        shift, and go to state 14
    TK_INT_CST          shift, and go to state 15
    TK_FLOAT            shift, and go to state 16
    TK_PI               shift, and go to state 17
    TK_INFINITY         shift, and go to state 18
    TK_DIFF             shift, and go to state 19
    TK_MIN              shift, and go to state 20
    TK_MAX              shift, and go to state 21
    TK_INF              shift, and go to state 22
    TK_MID              shift, and go to state 23
    TK_SUP              shift, and go to state 24
    TK_SIGN             shift, and go to state 25
    TK_ABS              shift, and go to state 26
    TK_SUM              shift, and go to state 27
    TK_SQRT             shift, and go to state 28
    TK_SQR              shift, and go to state 29
    TK_POW              shift, and go to state 30
    TK_EXPO             shift, and go to state 31
    TK_LOG              shift, and go to state 32
    TK_COS              shift, and go to state 33
    TK_SIN              shift, and go to state 34
    TK_TAN              shift, and go to state 35
    TK_ACOS             shift, and go to state 36
    TK_ASIN             shift, and go to state 37
    TK_ATAN             shift, and go to state 38
    TK_ATAN2            shift, and go to state 39
    TK_COSH             shift, and go to state 40
    TK_SINH             shift, and go to state 41
    TK_TANH             shift, and go to state 42
    TK_ACOSH            shift, and go to state 43
    TK_ASINH            shift, and go to state 44
    TK_ATANH            shift, and go to state 45
    TK_FLOOR            shift, and go to state 46
    TK_CEIL             shift, and go to state 47
    TK_CHI              shift, and go to state 49
    '<'                 shift, and go to state 51
    '+'                 shift, and go to state 52
    '-'                 shift, and go to state 53
    '['                 shift, and go to state 54
    '('                 shift, and go to state 105

    interval  go to state 57
    expr      go to state 198


State 124

   28 interval: • '[' expr ',' expr ']'
   67 expr: • expr '+' expr
   67     | expr '+' • expr
   68     | • expr '*' expr
   69     | • expr '-' expr
   70     | • expr '/' expr
   71     | • TK_MAX '(' expr_row ')'
   72     | • TK_MIN '(' expr_row ')'
   74     | • TK_SUM '(' TK_NEW_SYMBOL TK_EQU expr ':' expr ',' $@6 expr ')'
   75     | • TK_ATAN2 '(' expr ',' expr ')'
   76     | • '-' expr
   77     | • TK_ABS '(' expr ')'
   78     | • TK_SIGN '(' expr ')'
   79     | • expr '\''
   80     | • TK_SQRT '(' expr ')'
   81     | • TK_SQR '(' expr ')'
   82     | • TK_POW '(' expr ',' expr ')'
   83     | • TK_EXPO '(' expr ')'
   84     | • TK_LOG '(' expr ')'
   85     | • TK_COS '(' expr ')'
   86     | • TK_SIN '(' expr ')'
   87     | • TK_TAN '(' expr ')'
   88     | • TK_ACOS '(' expr ')'
   89     | • TK_ASIN '(' expr ')'
   90     | • TK_ATAN '(' expr ')'
   91     | • TK_COSH '(' expr ')'
   92     | • TK_SINH '(' expr ')'
   93     | • TK_TANH '(' expr ')'
   94     | • TK_ACOSH '(' expr ')'
   95     | • TK_ASINH '(' expr ')'
   96     | • TK_ATANH '(' expr ')'
   97     | • TK_FLOOR '(' expr ')'
   98     | • TK_CEIL '(' expr ')'
   99     | • TK_CHI '(' expr ',' expr ',' expr ')'
  100     | • '+' expr
  101     | • '(' expr ')'
  102     | • '<' expr ',' expr '>'
  103     | • expr '^' expr
  104     | • expr '[' expr_index ']'
  105     | • expr '(' expr_index ')'
  106     | • expr '(' expr_index ',' expr_index ')'
  107     | • '(' expr_row ')'
  108     | • '(' expr_col ')'
  109     | • TK_ENTITY
  110     | • TK_ITERATOR
  111     | • TK_EXPR_TMP_SYMBOL
  112     | • TK_CONSTANT
  113     | • TK_FUNC_SYMBOL '(' expr ')'
  114     | • TK_FUNC_SYMBOL '(' expr_row ')'
  115     | • TK_FLOAT
  116     | • TK_PI
  117     | • TK_INFINITY
  118     | • TK_INT_CST
  119     | • interval
  120     | • TK_INF '(' expr ')'
  121     | • TK_MID '(' expr ')'
  122     | • TK_SUP '(' expr ')'
  123     | • TK_DIFF '(' expr_row ')'
  124     | • TK_UNARY_OP '(' expr ')'
  125     | • TK_BINARY_OP '(' expr ',' expr ')'

    TK_CONSTANT         shift, and go to state 7
    TK_FUNC_SYMBOL      shift, and go to state 9
    TK_EXPR_TMP_SYMBOL  shift, and go to state 10
    TK_ENTITY           shift, and go to state 11
    TK_ITERATOR         shift, and go to state 12
    TK_UNARY_OP         shift, and go to state 13
    TK_BINARY_OP        shift, and go to state 14
    TK_INT_CST          shift, and go to state 15
    TK_FLOAT            shift, and go to state 16
    TK_PI               shift, and go to state 17
    TK_INFINITY         shift, and go to state 18
    TK_DIFF             shift, and go to state 19
    TK_MIN              shift, and go to state 20
    TK_MAX              shift, and go to state 21
    TK_INF              shift, and go to state 22
    TK_MID              shift, and go to state 23
    TK_SUP              shift, and go to state 24
    TK_SIGN             shift, and go to state 25
    TK_ABS              shift, and go to state 26
    TK_SUM              shift, and go to state 27
    TK_SQRT             shift, and go to state 28
    TK_SQR              shift, and go to state 29
    TK_POW              shift, and go to state 30
    TK_EXPO             shift, and go to state 31
    TK_LOG              shift, and go to state 32
    TK_COS              shift, and go to state 33
    TK_SIN              shift, and go to state 34
    TK_TAN              shift, and go to state 35
    TK_ACOS             shift, and go to state 36
    TK_ASIN             shift, and go to state 37
    TK_ATAN             shift, and go to state 38
    TK_ATAN2            shift, and go to state 39
    TK_COSH             shift, and go to state 40
    TK_SINH             shift, and go to state 41
    TK_TANH             shift, and go to state 42
    TK_ACOSH            shift, and go to state 43
    TK_ASINH            shift, and go to state 44
    TK_ATANH            shift, and go to state 45
    TK_FLOOR            shift, and go to state 46
    TK_CEIL             shift, and go to state 47
    TK_CHI              shift, and go to state 49
    '<'                 shift, and go to state 51
    '+'                 shift, and go to state 52
    '-'                 shift, and go to state 53
    '['                 shift, and go to state 54
    '('                 shift, and go to state 105

    interval  go to state 57
    expr      go to state 199


State 125

   28 interval: • '[' expr ',' expr ']'
   67 expr: • expr '+' expr
   68     | • expr '*' expr
   69     | • expr '-' expr
   69     | expr '-' • expr
   70     | • expr '/' expr
   71     | • TK_MAX '(' expr_row ')'
   72     | • TK_MIN '(' expr_row ')'
   74     | • TK_SUM '(' TK_NEW_SYMBOL TK_EQU expr ':' expr ',' $@6 expr ')'
   75     | • TK_ATAN2 '(' expr ',' expr ')'
   76     | • '-' expr
   77     | • TK_ABS '(' expr ')'
   78     | • TK_SIGN '(' expr ')'
   79     | • expr '\''
   80     | • TK_SQRT '(' expr ')'
   81     | • TK_SQR '(' expr ')'
   82     | • TK_POW '(' expr ',' expr ')'
   83     | • TK_EXPO '(' expr ')'
   84     | • TK_LOG '(' expr ')'
   85     | • TK_COS '(' expr ')'
   86     | • TK_SIN '(' expr ')'
   87     | • TK_TAN '(' expr ')'
   88     | • TK_ACOS '(' expr ')'
   89     | • TK_ASIN '(' expr ')'
   90     | • TK_ATAN '(' expr ')'
   91     | • TK_COSH '(' expr ')'
   92     | • TK_SINH '(' expr ')'
   93     | • TK_TANH '(' expr ')'
   94     | • TK_ACOSH '(' expr ')'
   95     | • TK_ASINH '(' expr ')'
   96     | • TK_ATANH '(' expr ')'
   97     | • TK_FLOOR '(' expr ')'
   98     | • TK_CEIL '(' expr ')'
   99     | • TK_CHI '(' expr ',' expr ',' expr ')'
  100     | • '+' expr
  101     | • '(' expr ')'
  102     | • '<' expr ',' expr '>'
  103     | • expr '^' expr
  104     | • expr '[' expr_index ']'
  105     | • expr '(' expr_index ')'
  106     | • expr '(' expr_index ',' expr_index ')'
  107     | • '(' expr_row ')'
  108     | • '(' expr_col ')'
  109     | • TK_ENTITY
  110     | • TK_ITERATOR
  111     | • TK_EXPR_TMP_SYMBOL
  112     | • TK_CONSTANT
  113     | • TK_FUNC_SYMBOL '(' expr ')'
  114     | • TK_FUNC_SYMBOL '(' expr_row ')'
  115     | • TK_FLOAT
  116     | • TK_PI
  117     | • TK_INFINITY
  118     | • TK_INT_CST
  119     | • interval
  120     | • TK_INF '(' expr ')'
  121     | • TK_MID '(' expr ')'
  122     | • TK_SUP '(' expr ')'
  123     | • TK_DIFF '(' expr_row ')'
  124     | • TK_UNARY_OP '(' expr ')'
  125     | • TK_BINARY_OP '(' expr ',' expr ')'

    TK_CONSTANT         shift, and go to state 7
    TK_FUNC_SYMBOL      shift, and go to state 9
    TK_EXPR_TMP_SYMBOL  shift, and go to state 10
    TK_ENTITY           shift, and go to state 11
    TK_ITERATOR         shift, and go to state 12
    TK_UNARY_OP         shift, and go to state 13
    TK_BINARY_OP        shift, and go to state 14
    TK_INT_CST          shift, and go to state 15
    TK_FLOAT            shift, and go to state 16
    TK_PI               shift, and go to state 17
    TK_INFINITY         shift, and go to state 18
    TK_DIFF             shift, and go to state 19
    TK_MIN              shift, and go to state 20
    TK_MAX              shift, and go to state 21
    TK_INF              shift, and go to state 22
    TK_MID              shift, and go to state 23
    TK_SUP              shift, and go to state 24
    TK_SIGN             shift, and go to state 25
    TK_ABS              shift, and go to state 26
    TK_SUM              shift, and go to state 27
    TK_SQRT             shift, and go to state 28
    TK_SQR              shift, and go to state 29
    TK_POW              shift, and go to state 30
    TK_EXPO             shift, and go to state 31
    TK_LOG              shift, and go to state 32
    TK_COS              shift, and go to state 33
    TK_SIN              shift, and go to state 34
    TK_TAN              shift, and go to state 35
    TK_ACOS             shift, and go to state 36
    TK_ASIN             shift, and go to state 37
    TK_ATAN             shift, and go to state 38
    TK_ATAN2            shift, and go to state 39
    TK_COSH             shift, and go to state 40
    TK_SINH             shift, and go to state 41
    TK_TANH             shift, and go to state 42
    TK_ACOSH            shift, and go to state 43
    TK_ASINH            shift, and go to state 44
    TK_ATANH            shift, and go to state 45
    TK_FLOOR            shift, and go to state 46
    TK_CEIL             shift, and go to state 47
    TK_CHI              shift, and go to state 49
    '<'                 shift, and go to state 51
    '+'                 shift, and go to state 52
    '-'                 shift, and go to state 53
    '['                 shift, and go to state 54
    '('                 shift, and go to state 105

    interval  go to state 57
    expr      go to state 200


State 126

   28 interval: • '[' expr ',' expr ']'
   67 expr: • expr '+' expr
   68     | • expr '*' expr
   68     | expr '*' • expr
   69     | • expr '-' expr
   70     | • expr '/' expr
   71     | • TK_MAX '(' expr_row ')'
   72     | • TK_MIN '(' expr_row ')'
   74     | • TK_SUM '(' TK_NEW_SYMBOL TK_EQU expr ':' expr ',' $@6 expr ')'
   75     | • TK_ATAN2 '(' expr ',' expr ')'
   76     | • '-' expr
   77     | • TK_ABS '(' expr ')'
   78     | • TK_SIGN '(' expr ')'
   79     | • expr '\''
   80     | • TK_SQRT '(' expr ')'
   81     | • TK_SQR '(' expr ')'
   82     | • TK_POW '(' expr ',' expr ')'
   83     | • TK_EXPO '(' expr ')'
   84     | • TK_LOG '(' expr ')'
   85     | • TK_COS '(' expr ')'
   86     | • TK_SIN '(' expr ')'
   87     | • TK_TAN '(' expr ')'
   88     | • TK_ACOS '(' expr ')'
   89     | • TK_ASIN '(' expr ')'
   90     | • TK_ATAN '(' expr ')'
   91     | • TK_COSH '(' expr ')'
   92     | • TK_SINH '(' expr ')'
   93     | • TK_TANH '(' expr ')'
   94     | • TK_ACOSH '(' expr ')'
   95     | • TK_ASINH '(' expr ')'
   96     | • TK_ATANH '(' expr ')'
   97     | • TK_FLOOR '(' expr ')'
   98     | • TK_CEIL '(' expr ')'
   99     | • TK_CHI '(' expr ',' expr ',' expr ')'
  100     | • '+' expr
  101     | • '(' expr ')'
  102     | • '<' expr ',' expr '>'
  103     | • expr '^' expr
  104     | • expr '[' expr_index ']'
  105     | • expr '(' expr_index ')'
  106     | • expr '(' expr_index ',' expr_index ')'
  107     | • '(' expr_row ')'
  108     | • '(' expr_col ')'
  109     | • TK_ENTITY
  110     | • TK_ITERATOR
  111     | • TK_EXPR_TMP_SYMBOL
  112     | • TK_CONSTANT
  113     | • TK_FUNC_SYMBOL '(' expr ')'
  114     | • TK_FUNC_SYMBOL '(' expr_row ')'
  115     | • TK_FLOAT
  116     | • TK_PI
  117     | • TK_INFINITY
  118     | • TK_INT_CST
  119     | • interval
  120     | • TK_INF '(' expr ')'
  121     | • TK_MID '(' expr ')'
  122     | • TK_SUP '(' expr ')'
  123     | • TK_DIFF '(' expr_row ')'
  124     | • TK_UNARY_OP '(' expr ')'
  125     | • TK_BINARY_OP '(' expr ',' expr ')'

    TK_CONSTANT         shift, and go to state 7
    TK_FUNC_SYMBOL      shift, and go to state 9
    TK_EXPR_TMP_SYMBOL  shift, and go to state 10
    TK_ENTITY           shift, and go to state 11
    TK_ITERATOR         shift, and go to state 12
    TK_UNARY_OP         shift, and go to state 13
    TK_BINARY_OP        shift, and go to state 14
    TK_INT_CST          shift, and go to state 15
    TK_FLOAT            shift, and go to state 16
    TK_PI               shift, and go to state 17
    TK_INFINITY         shift, and go to state 18
    TK_DIFF             shift, and go to state 19
    TK_MIN              shift, and go to state 20
    TK_MAX              shift, and go to state 21
    TK_INF              shift, and go to state 22
    TK_MID              shift, and go to state 23
    TK_SUP              shift, and go to state 24
    TK_SIGN             shift, and go to state 25
    TK_ABS              shift, and go to state 26
    TK_SUM              shift, and go to state 27
    TK_SQRT             shift, and go to state 28
    TK_SQR              shift, and go to state 29
    TK_POW              shift, and go to state 30
    TK_EXPO             shift, and go to state 31
    TK_LOG              shift, and go to state 32
    TK_COS              shift, and go to state 33
    TK_SIN              shift, and go to state 34
    TK_TAN              shift, and go to state 35
    TK_ACOS             shift, and go to state 36
    TK_ASIN             shift, and go to state 37
    TK_ATAN             shift, and go to state 38
    TK_ATAN2            shift, and go to state 39
    TK_COSH             shift, and go to state 40
    TK_SINH             shift, and go to state 41
    TK_TANH             shift, and go to state 42
    TK_ACOSH            shift, and go to state 43
    TK_ASINH            shift, and go to state 44
    TK_ATANH            shift, and go to state 45
    TK_FLOOR            shift, and go to state 46
    TK_CEIL             shift, and go to state 47
    TK_CHI              shift, and go to state 49
    '<'                 shift, and go to state 51
    '+'                 shift, and go to state 52
    '-'                 shift, and go to state 53
    '['                 shift, and go to state 54
    '('                 shift, and go to state 105

    interval  go to state 57
    expr      go to state 201


State 127

   28 interval: • '[' expr ',' expr ']'
   67 expr: • expr '+' expr
   68     | • expr '*' expr
   69     | • expr '-' expr
   70     | • expr '/' expr
   70     | expr '/' • expr
   71     | • TK_MAX '(' expr_row ')'
   72     | • TK_MIN '(' expr_row ')'
   74     | • TK_SUM '(' TK_NEW_SYMBOL TK_EQU expr ':' expr ',' $@6 expr ')'
   75     | • TK_ATAN2 '(' expr ',' expr ')'
   76     | • '-' expr
   77     | • TK_ABS '(' expr ')'
   78     | • TK_SIGN '(' expr ')'
   79     | • expr '\''
   80     | • TK_SQRT '(' expr ')'
   81     | • TK_SQR '(' expr ')'
   82     | • TK_POW '(' expr ',' expr ')'
   83     | • TK_EXPO '(' expr ')'
   84     | • TK_LOG '(' expr ')'
   85     | • TK_COS '(' expr ')'
   86     | • TK_SIN '(' expr ')'
   87     | • TK_TAN '(' expr ')'
   88     | • TK_ACOS '(' expr ')'
   89     | • TK_ASIN '(' expr ')'
   90     | • TK_ATAN '(' expr ')'
   91     | • TK_COSH '(' expr ')'
   92     | • TK_SINH '(' expr ')'
   93     | • TK_TANH '(' expr ')'
   94     | • TK_ACOSH '(' expr ')'
   95     | • TK_ASINH '(' expr ')'
   96     | • TK_ATANH '(' expr ')'
   97     | • TK_FLOOR '(' expr ')'
   98     | • TK_CEIL '(' expr ')'
   99     | • TK_CHI '(' expr ',' expr ',' expr ')'
  100     | • '+' expr
  101     | • '(' expr ')'
  102     | • '<' expr ',' expr '>'
  103     | • expr '^' expr
  104     | • expr '[' expr_index ']'
  105     | • expr '(' expr_index ')'
  106     | • expr '(' expr_index ',' expr_index ')'
  107     | • '(' expr_row ')'
  108     | • '(' expr_col ')'
  109     | • TK_ENTITY
  110     | • TK_ITERATOR
  111     | • TK_EXPR_TMP_SYMBOL
  112     | • TK_CONSTANT
  113     | • TK_FUNC_SYMBOL '(' expr ')'
  114     | • TK_FUNC_SYMBOL '(' expr_row ')'
  115     | • TK_FLOAT
  116     | • TK_PI
  117     | • TK_INFINITY
  118     | • TK_INT_CST
  119     | • interval
  120     | • TK_INF '(' expr ')'
  121     | • TK_MID '(' expr ')'
  122     | • TK_SUP '(' expr ')'
  123     | • TK_DIFF '(' expr_row ')'
  124     | • TK_UNARY_OP '(' expr ')'
  125     | • TK_BINARY_OP '(' expr ',' expr ')'

    TK_CONSTANT         shift, and go to state 7
    TK_FUNC_SYMBOL      shift, and go to state 9
    TK_EXPR_TMP_SYMBOL  shift, and go to state 10
    TK_ENTITY           shift, and go to state 11
    TK_ITERATOR         shift, and go to state 12
    TK_UNARY_OP         shift, and go to state 13
    TK_BINARY_OP        shift, and go to state 14
    TK_INT_CST          shift, and go to state 15
    TK_FLOAT            shift, and go to state 16
    TK_PI               shift, and go to state 17
    TK_INFINITY         shift, and go to state 18
    TK_DIFF             shift, and go to state 19
    TK_MIN              shift, and go to state 20
    TK_MAX              shift, and go to state 21
    TK_INF              shift, and go to state 22
    TK_MID              shift, and go to state 23
    TK_SUP              shift, and go to state 24
    TK_SIGN             shift, and go to state 25
    TK_ABS              shift, and go to state 26
    TK_SUM              shift, and go to state 27
    TK_SQRT             shift, and go to state 28
    TK_SQR              shift, and go to state 29
    TK_POW              shift, and go to state 30
    TK_EXPO             shift, and go to state 31
    TK_LOG              shift, and go to state 32
    TK_COS              shift, and go to state 33
    TK_SIN              shift, and go to state 34
    TK_TAN              shift, and go to state 35
    TK_ACOS             shift, and go to state 36
    TK_ASIN             shift, and go to state 37
    TK_ATAN             shift, and go to state 38
    TK_ATAN2            shift, and go to state 39
    TK_COSH             shift, and go to state 40
    TK_SINH             shift, and go to state 41
    TK_TANH             shift, and go to state 42
    TK_ACOSH            shift, and go to state 43
    TK_ASINH            shift, and go to state 44
    TK_ATANH            shift, and go to state 45
    TK_FLOOR            shift, and go to state 46
    TK_CEIL             shift, and go to state 47
    TK_CHI              shift, and go to state 49
    '<'                 shift, and go to state 51
    '+'                 shift, and go to state 52
    '-'                 shift, and go to state 53
    '['                 shift, and go to state 54
    '('                 shift, and go to state 105

    interval  go to state 57
    expr      go to state 202


State 128

   28 interval: • '[' expr ',' expr ']'
   67 expr: • expr '+' expr
   68     | • expr '*' expr
   69     | • expr '-' expr
   70     | • expr '/' expr
   71     | • TK_MAX '(' expr_row ')'
   72     | • TK_MIN '(' expr_row ')'
   74     | • TK_SUM '(' TK_NEW_SYMBOL TK_EQU expr ':' expr ',' $@6 expr ')'
   75     | • TK_ATAN2 '(' expr ',' expr ')'
   76     | • '-' expr
   77     | • TK_ABS '(' expr ')'
   78     | • TK_SIGN '(' expr ')'
   79     | • expr '\''
   80     | • TK_SQRT '(' expr ')'
   81     | • TK_SQR '(' expr ')'
   82     | • TK_POW '(' expr ',' expr ')'
   83     | • TK_EXPO '(' expr ')'
   84     | • TK_LOG '(' expr ')'
   85     | • TK_COS '(' expr ')'
   86     | • TK_SIN '(' expr ')'
   87     | • TK_TAN '(' expr ')'
   88     | • TK_ACOS '(' expr ')'
   89     | • TK_ASIN '(' expr ')'
   90     | • TK_ATAN '(' expr ')'
   91     | • TK_COSH '(' expr ')'
   92     | • TK_SINH '(' expr ')'
   93     | • TK_TANH '(' expr ')'
   94     | • TK_ACOSH '(' expr ')'
   95     | • TK_ASINH '(' expr ')'
   96     | • TK_ATANH '(' expr ')'
   97     | • TK_FLOOR '(' expr ')'
   98     | • TK_CEIL '(' expr ')'
   99     | • TK_CHI '(' expr ',' expr ',' expr ')'
  100     | • '+' expr
  101     | • '(' expr ')'
  102     | • '<' expr ',' expr '>'
  103     | • expr '^' expr
  103     | expr '^' • expr
  104     | • expr '[' expr_index ']'
  105     | • expr '(' expr_index ')'
  106     | • expr '(' expr_index ',' expr_index ')'
  107     | • '(' expr_row ')'
  108     | • '(' expr_col ')'
  109     | • TK_ENTITY
  110     | • TK_ITERATOR
  111     | • TK_EXPR_TMP_SYMBOL
  112     | • TK_CONSTANT
  113     | • TK_FUNC_SYMBOL '(' expr ')'
  114     | • TK_FUNC_SYMBOL '(' expr_row ')'
  115     | • TK_FLOAT
  116     | • TK_PI
  117     | • TK_INFINITY
  118     | • TK_INT_CST
  119     | • interval
  120     | • TK_INF '(' expr ')'
  121     | • TK_MID '(' expr ')'
  122     | • TK_SUP '(' expr ')'
  123     | • TK_DIFF '(' expr_row ')'
  124     | • TK_UNARY_OP '(' expr ')'
  125     | • TK_BINARY_OP '(' expr ',' expr ')'

    TK_CONSTANT         shift, and go to state 7
    TK_FUNC_SYMBOL      shift, and go to state 9
    TK_EXPR_TMP_SYMBOL  shift, and go to state 10
    TK_ENTITY           shift, and go to state 11
    TK_ITERATOR         shift, and go to state 12
    TK_UNARY_OP         shift, and go to state 13
    TK_BINARY_OP        shift, and go to state 14
    TK_INT_CST          shift, and go to state 15
    TK_FLOAT            shift, and go to state 16
    TK_PI               shift, and go to state 17
    TK_INFINITY         shift, and go to state 18
    TK_DIFF             shift, and go to state 19
    TK_MIN              shift, and go to state 20
    TK_MAX              shift, and go to state 21
    TK_INF              shift, and go to state 22
    TK_MID              shift, and go to state 23
    TK_SUP              shift, and go to state 24
    TK_SIGN             shift, and go to state 25
    TK_ABS              shift, and go to state 26
    TK_SUM              shift, and go to state 27
    TK_SQRT             shift, and go to state 28
    TK_SQR              shift, and go to state 29
    TK_POW              shift, and go to state 30
    TK_EXPO             shift, and go to state 31
    TK_LOG              shift, and go to state 32
    TK_COS              shift, and go to state 33
    TK_SIN              shift, and go to state 34
    TK_TAN              shift, and go to state 35
    TK_ACOS             shift, and go to state 36
    TK_ASIN             shift, and go to state 37
    TK_ATAN             shift, and go to state 38
    TK_ATAN2            shift, and go to state 39
    TK_COSH             shift, and go to state 40
    TK_SINH             shift, and go to state 41
    TK_TANH             shift, and go to state 42
    TK_ACOSH            shift, and go to state 43
    TK_ASINH            shift, and go to state 44
    TK_ATANH            shift, and go to state 45
    TK_FLOOR            shift, and go to state 46
    TK_CEIL             shift, and go to state 47
    TK_CHI              shift, and go to state 49
    '<'                 shift, and go to state 51
    '+'                 shift, and go to state 52
    '-'                 shift, and go to state 53
    '['                 shift, and go to state 54
    '('                 shift, and go to state 105

    interval  go to state 57
    expr      go to state 203


State 129

   79 expr: expr '\'' •

    $default  reduce using rule 79 (expr)


State 130

   28 interval: • '[' expr ',' expr ']'
   67 expr: • expr '+' expr
   68     | • expr '*' expr
   69     | • expr '-' expr
   70     | • expr '/' expr
   71     | • TK_MAX '(' expr_row ')'
   72     | • TK_MIN '(' expr_row ')'
   74     | • TK_SUM '(' TK_NEW_SYMBOL TK_EQU expr ':' expr ',' $@6 expr ')'
   75     | • TK_ATAN2 '(' expr ',' expr ')'
   76     | • '-' expr
   77     | • TK_ABS '(' expr ')'
   78     | • TK_SIGN '(' expr ')'
   79     | • expr '\''
   80     | • TK_SQRT '(' expr ')'
   81     | • TK_SQR '(' expr ')'
   82     | • TK_POW '(' expr ',' expr ')'
   83     | • TK_EXPO '(' expr ')'
   84     | • TK_LOG '(' expr ')'
   85     | • TK_COS '(' expr ')'
   86     | • TK_SIN '(' expr ')'
   87     | • TK_TAN '(' expr ')'
   88     | • TK_ACOS '(' expr ')'
   89     | • TK_ASIN '(' expr ')'
   90     | • TK_ATAN '(' expr ')'
   91     | • TK_COSH '(' expr ')'
   92     | • TK_SINH '(' expr ')'
   93     | • TK_TANH '(' expr ')'
   94     | • TK_ACOSH '(' expr ')'
   95     | • TK_ASINH '(' expr ')'
   96     | • TK_ATANH '(' expr ')'
   97     | • TK_FLOOR '(' expr ')'
   98     | • TK_CEIL '(' expr ')'
   99     | • TK_CHI '(' expr ',' expr ',' expr ')'
  100     | • '+' expr
  101     | • '(' expr ')'
  102     | • '<' expr ',' expr '>'
  103     | • expr '^' expr
  104     | • expr '[' expr_index ']'
  104     | expr '[' • expr_index ']'
  105     | • expr '(' expr_index ')'
  106     | • expr '(' expr_index ',' expr_index ')'
  107     | • '(' expr_row ')'
  108     | • '(' expr_col ')'
  109     | • TK_ENTITY
  110     | • TK_ITERATOR
  111     | • TK_EXPR_TMP_SYMBOL
  112     | • TK_CONSTANT
  113     | • TK_FUNC_SYMBOL '(' expr ')'
  114     | • TK_FUNC_SYMBOL '(' expr_row ')'
  115     | • TK_FLOAT
  116     | • TK_PI
  117     | • TK_INFINITY
  118     | • TK_INT_CST
  119     | • interval
  120     | • TK_INF '(' expr ')'
  121     | • TK_MID '(' expr ')'
  122     | • TK_SUP '(' expr ')'
  123     | • TK_DIFF '(' expr_row ')'
  124     | • TK_UNARY_OP '(' expr ')'
  125     | • TK_BINARY_OP '(' expr ',' expr ')'
  130 expr_index: • ':'
  131           | • expr
  132           | • expr ':' expr

    TK_CONSTANT         shift, and go to state 7
    TK_FUNC_SYMBOL      shift, and go to state 9
    TK_EXPR_TMP_SYMBOL  shift, and go to state 10
    TK_ENTITY           shift, and go to state 11
    TK_ITERATOR         shift, and go to state 12
    TK_UNARY_OP         shift, and go to state 13
    TK_BINARY_OP        shift, and go to state 14
    TK_INT_CST          shift, and go to state 15
    TK_FLOAT            shift, and go to state 16
    TK_PI               shift, and go to state 17
    TK_INFINITY         shift, and go to state 18
    TK_DIFF             shift, and go to state 19
    TK_MIN              shift, and go to state 20
    TK_MAX              shift, and go to state 21
    TK_INF              shift, and go to state 22
    TK_MID              shift, and go to state 23
    TK_SUP              shift, and go to state 24
    TK_SIGN             shift, and go to state 25
    TK_ABS              shift, and go to state 26
    TK_SUM              shift, and go to state 27
    TK_SQRT             shift, and go to state 28
    TK_SQR              shift, and go to state 29
    TK_POW              shift, and go to state 30
    TK_EXPO             shift, and go to state 31
    TK_LOG              shift, and go to state 32
    TK_COS              shift, and go to state 33
    TK_SIN              shift, and go to state 34
    TK_TAN              shift, and go to state 35
    TK_ACOS             shift, and go to state 36
    TK_ASIN             shift, and go to state 37
    TK_ATAN             shift, and go to state 38
    TK_ATAN2            shift, and go to state 39
    TK_COSH             shift, and go to state 40
    TK_SINH             shift, and go to state 41
    TK_TANH             shift, and go to state 42
    TK_ACOSH            shift, and go to state 43
    TK_ASINH            shift, and go to state 44
    TK_ATANH            shift, and go to state 45
    TK_FLOOR            shift, and go to state 46
    TK_CEIL             shift, and go to state 47
    TK_CHI              shift, and go to state 49
    '<'                 shift, and go to state 51
    '+'                 shift, and go to state 52
    '-'                 shift, and go to state 53
    '['                 shift, and go to state 54
    '('                 shift, and go to state 105
    ':'                 shift, and go to state 204

    interval    go to state 57
    expr        go to state 205
    expr_index  go to state 206


State 131

   28 interval: • '[' expr ',' expr ']'
   67 expr: • expr '+' expr
   68     | • expr '*' expr
   69     | • expr '-' expr
   70     | • expr '/' expr
   71     | • TK_MAX '(' expr_row ')'
   72     | • TK_MIN '(' expr_row ')'
   74     | • TK_SUM '(' TK_NEW_SYMBOL TK_EQU expr ':' expr ',' $@6 expr ')'
   75     | • TK_ATAN2 '(' expr ',' expr ')'
   76     | • '-' expr
   77     | • TK_ABS '(' expr ')'
   78     | • TK_SIGN '(' expr ')'
   79     | • expr '\''
   80     | • TK_SQRT '(' expr ')'
   81     | • TK_SQR '(' expr ')'
   82     | • TK_POW '(' expr ',' expr ')'
   83     | • TK_EXPO '(' expr ')'
   84     | • TK_LOG '(' expr ')'
   85     | • TK_COS '(' expr ')'
   86     | • TK_SIN '(' expr ')'
   87     | • TK_TAN '(' expr ')'
   88     | • TK_ACOS '(' expr ')'
   89     | • TK_ASIN '(' expr ')'
   90     | • TK_ATAN '(' expr ')'
   91     | • TK_COSH '(' expr ')'
   92     | • TK_SINH '(' expr ')'
   93     | • TK_TANH '(' expr ')'
   94     | • TK_ACOSH '(' expr ')'
   95     | • TK_ASINH '(' expr ')'
   96     | • TK_ATANH '(' expr ')'
   97     | • TK_FLOOR '(' expr ')'
   98     | • TK_CEIL '(' expr ')'
   99     | • TK_CHI '(' expr ',' expr ',' expr ')'
  100     | • '+' expr
  101     | • '(' expr ')'
  102     | • '<' expr ',' expr '>'
  103     | • expr '^' expr
  104     | • expr '[' expr_index ']'
  105     | • expr '(' expr_index ')'
  105     | expr '(' • expr_index ')'
  106     | • expr '(' expr_index ',' expr_index ')'
  106     | expr '(' • expr_index ',' expr_index ')'
  107     | • '(' expr_row ')'
  108     | • '(' expr_col ')'
  109     | • TK_ENTITY
  110     | • TK_ITERATOR
  111     | • TK_EXPR_TMP_SYMBOL
  112     | • TK_CONSTANT
  113     | • TK_FUNC_SYMBOL '(' expr ')'
  114     | • TK_FUNC_SYMBOL '(' expr_row ')'
  115     | • TK_FLOAT
  116     | • TK_PI
  117     | • TK_INFINITY
  118     | • TK_INT_CST
  119     | • interval
  120     | • TK_INF '(' expr ')'
  121     | • TK_MID '(' expr ')'
  122     | • TK_SUP '(' expr ')'
  123     | • TK_DIFF '(' expr_row ')'
  124     | • TK_UNARY_OP '(' expr ')'
  125     | • TK_BINARY_OP '(' expr ',' expr ')'
  130 expr_index: • ':'
  131           | • expr
  132           | • expr ':' expr

    TK_CONSTANT         shift, and go to state 7
    TK_FUNC_SYMBOL      shift, and go to state 9
    TK_EXPR_TMP_SYMBOL  shift, and go to state 10
    TK_ENTITY           shift, and go to state 11
    TK_ITERATOR         shift, and go to state 12
    TK_UNARY_OP         shift, and go to state 13
    TK_BINARY_OP        shift, and go to state 14
    TK_INT_CST          shift, and go to state 15
    TK_FLOAT            shift, and go to state 16
    TK_PI               shift, and go to state 17
    TK_INFINITY         shift, and go to state 18
    TK_DIFF             shift, and go to state 19
    TK_MIN              shift, and go to state 20
    TK_MAX              shift, and go to state 21
    TK_INF              shift, and go to state 22
    TK_MID              shift, and go to state 23
    TK_SUP              shift, and go to state 24
    TK_SIGN             shift, and go to state 25
    TK_ABS              shift, and go to state 26
    TK_SUM              shift, and go to state 27
    TK_SQRT             shift, and go to state 28
    TK_SQR              shift, and go to state 29
    TK_POW              shift, and go to state 30
    TK_EXPO             shift, and go to state 31
    TK_LOG              shift, and go to state 32
    TK_COS              shift, and go to state 33
    TK_SIN              shift, and go to state 34
    TK_TAN              shift, and go to state 35
    TK_ACOS             shift, and go to state 36
    TK_ASIN             shift, and go to state 37
    TK_ATAN             shift, and go to state 38
    TK_ATAN2            shift, and go to state 39
    TK_COSH             shift, and go to state 40
    TK_SINH             shift, and go to state 41
    TK_TANH             shift, and go to state 42
    TK_ACOSH            shift, and go to state 43
    TK_ASINH            shift, and go to state 44
    TK_ATANH            shift, and go to state 45
    TK_FLOOR            shift, and go to state 46
    TK_CEIL             shift, and go to state 47
    TK_CHI              shift, and go to state 49
    '<'                 shift, and go to state 51
    '+'                 shift, and go to state 52
    '-'                 shift, and go to state 53
    '['                 shift, and go to state 54
    '('                 shift, and go to state 105
    ':'                 shift, and go to state 204

    interval    go to state 57
    expr        go to state 205
    expr_index  go to state 207


State 132

   26 dimension: '[' • expr ']'
   27          | '[' • expr ']' '[' expr ']'
   28 interval: • '[' expr ',' expr ']'
   67 expr: • expr '+' expr
   68     | • expr '*' expr
   69     | • expr '-' expr
   70     | • expr '/' expr
   71     | • TK_MAX '(' expr_row ')'
   72     | • TK_MIN '(' expr_row ')'
   74     | • TK_SUM '(' TK_NEW_SYMBOL TK_EQU expr ':' expr ',' $@6 expr ')'
   75     | • TK_ATAN2 '(' expr ',' expr ')'
   76     | • '-' expr
   77     | • TK_ABS '(' expr ')'
   78     | • TK_SIGN '(' expr ')'
   79     | • expr '\''
   80     | • TK_SQRT '(' expr ')'
   81     | • TK_SQR '(' expr ')'
   82     | • TK_POW '(' expr ',' expr ')'
   83     | • TK_EXPO '(' expr ')'
   84     | • TK_LOG '(' expr ')'
   85     | • TK_COS '(' expr ')'
   86     | • TK_SIN '(' expr ')'
   87     | • TK_TAN '(' expr ')'
   88     | • TK_ACOS '(' expr ')'
   89     | • TK_ASIN '(' expr ')'
   90     | • TK_ATAN '(' expr ')'
   91     | • TK_COSH '(' expr ')'
   92     | • TK_SINH '(' expr ')'
   93     | • TK_TANH '(' expr ')'
   94     | • TK_ACOSH '(' expr ')'
   95     | • TK_ASINH '(' expr ')'
   96     | • TK_ATANH '(' expr ')'
   97     | • TK_FLOOR '(' expr ')'
   98     | • TK_CEIL '(' expr ')'
   99     | • TK_CHI '(' expr ',' expr ',' expr ')'
  100     | • '+' expr
  101     | • '(' expr ')'
  102     | • '<' expr ',' expr '>'
  103     | • expr '^' expr
  104     | • expr '[' expr_index ']'
  105     | • expr '(' expr_index ')'
  106     | • expr '(' expr_index ',' expr_index ')'
  107     | • '(' expr_row ')'
  108     | • '(' expr_col ')'
  109     | • TK_ENTITY
  110     | • TK_ITERATOR
  111     | • TK_EXPR_TMP_SYMBOL
  112     | • TK_CONSTANT
  113     | • TK_FUNC_SYMBOL '(' expr ')'
  114     | • TK_FUNC_SYMBOL '(' expr_row ')'
  115     | • TK_FLOAT
  116     | • TK_PI
  117     | • TK_INFINITY
  118     | • TK_INT_CST
  119     | • interval
  120     | • TK_INF '(' expr ')'
  121     | • TK_MID '(' expr ')'
  122     | • TK_SUP '(' expr ')'
  123     | • TK_DIFF '(' expr_row ')'
  124     | • TK_UNARY_OP '(' expr ')'
  125     | • TK_BINARY_OP '(' expr ',' expr ')'

    TK_CONSTANT         shift, and go to state 7
    TK_FUNC_SYMBOL      shift, and go to state 9
    TK_EXPR_TMP_SYMBOL  shift, and go to state 10
    TK_ENTITY           shift, and go to state 11
    TK_ITERATOR         shift, and go to state 12
    TK_UNARY_OP         shift, and go to state 13
    TK_BINARY_OP        shift, and go to state 14
    TK_INT_CST          shift, and go to state 15
    TK_FLOAT            shift, and go to state 16
    TK_PI               shift, and go to state 17
    TK_INFINITY         shift, and go to state 18
    TK_DIFF             shift, and go to state 19
    TK_MIN              shift, and go to state 20
    TK_MAX              shift, and go to state 21
    TK_INF              shift, and go to state 22
    TK_MID              shift, and go to state 23
    TK_SUP              shift, and go to state 24
    TK_SIGN             shift, and go to state 25
    TK_ABS              shift, and go to state 26
    TK_SUM              shift, and go to state 27
    TK_SQRT             shift, and go to state 28
    TK_SQR              shift, and go to state 29
    TK_POW              shift, and go to state 30
    TK_EXPO             shift, and go to state 31
    TK_LOG              shift, and go to state 32
    TK_COS              shift, and go to state 33
    TK_SIN              shift, and go to state 34
    TK_TAN              shift, and go to state 35
    TK_ACOS             shift, and go to state 36
    TK_ASIN             shift, and go to state 37
    TK_ATAN             shift, and go to state 38
    TK_ATAN2            shift, and go to state 39
    TK_COSH             shift, and go to state 40
    TK_SINH             shift, and go to state 41
    TK_TANH             shift, and go to state 42
    TK_ACOSH            shift, and go to state 43
    TK_ASINH            shift, and go to state 44
    TK_ATANH            shift, and go to state 45
    TK_FLOOR            shift, and go to state 46
    TK_CEIL             shift, and go to state 47
    TK_CHI              shift, and go to state 49
    '<'                 shift, and go to state 51
    '+'                 shift, and go to state 52
    '-'                 shift, and go to state 53
    '['                 shift, and go to state 54
    '('                 shift, and go to state 105

    interval  go to state 57
    expr      go to state 208


State 133

   13 decl_cst: TK_NEW_SYMBOL dimension • equ_or_in expr
   17 equ_or_in: • TK_EQU
   18          | • TK_IN

    TK_EQU  shift, and go to state 209
    TK_IN   shift, and go to state 210

    equ_or_in  go to state 211


State 134

   14 decl_cst: '*' TK_NEW_SYMBOL • dimension equ_or_in expr
   25 dimension: ε •  [TK_EQU, TK_IN]
   26          | • '[' expr ']'
   27          | • '[' expr ']' '[' expr ']'

    '['  shift, and go to state 132

    $default  reduce using rule 25 (dimension)

    dimension  go to state 212


State 135

   10 decl_opt_cst: TK_CONST decl_cst_list ';' •  [$end, TK_VARS, TK_FUNCTION]
   12 decl_cst_list: decl_cst_list ';' • decl_cst
   13 decl_cst: • TK_NEW_SYMBOL dimension equ_or_in expr
   14         | • '*' TK_NEW_SYMBOL dimension equ_or_in expr

    TK_NEW_SYMBOL  shift, and go to state 64
    '*'            shift, and go to state 65

    $default  reduce using rule 10 (decl_opt_cst)

    decl_cst  go to state 213


State 136

    5 system_or_func: TK_VARS • decl_var_list ';' decl_opt_fncs decl_opt_goal decl_opt_ctrs
   19 decl_var_list: • decl_var
   20              | • decl_var_list ';' decl_var
   21              | • decl_var_list ',' decl_var
   22 decl_var: • TK_NEW_SYMBOL dimension
   23         | • TK_NEW_SYMBOL dimension TK_IN expr
   24         | • TK_NEW_SYMBOL dimension decl_var_integer TK_IN expr

    TK_NEW_SYMBOL  shift, and go to state 214

    decl_var_list  go to state 215
    decl_var       go to state 216


State 137

   31 $@3: ε •
   32 function: TK_FUNCTION • $@3 TK_NEW_SYMBOL '(' fnc_inpt_list ')' fnc_code TK_RETURN expr semicolon_opt TK_END

    $default  reduce using rule 31 ($@3)

    $@3  go to state 217


State 138

    2 program: $@1 decl_opt_cst decl_opt_fncs system_or_func •

    $default  reduce using rule 2 (program)


State 139

   29 decl_opt_fncs: decl_opt_fncs function •

    $default  reduce using rule 29 (decl_opt_fncs)


State 140

   66 ctr: TK_NEW_SYMBOL TK_EQU expr •  [$end, TK_END, ';', ')']
   67 expr: expr • '+' expr
   68     | expr • '*' expr
   69     | expr • '-' expr
   70     | expr • '/' expr
   79     | expr • '\''
  103     | expr • '^' expr
  104     | expr • '[' expr_index ']'
  105     | expr • '(' expr_index ')'
  106     | expr • '(' expr_index ',' expr_index ')'

    '+'   shift, and go to state 124
    '-'   shift, and go to state 125
    '*'   shift, and go to state 126
    '/'   shift, and go to state 127
    '^'   shift, and go to state 128
    '\''  shift, and go to state 129
    '['   shift, and go to state 130
    '('   shift, and go to state 131

    $default  reduce using rule 66 (ctr)


State 141

   67 expr: expr • '+' expr
   68     | expr • '*' expr
   69     | expr • '-' expr
   70     | expr • '/' expr
   79     | expr • '\''
  103     | expr • '^' expr
  104     | expr • '[' expr_index ']'
  105     | expr • '(' expr_index ')'
  106     | expr • '(' expr_index ',' expr_index ')'
  113     | TK_FUNC_SYMBOL '(' expr • ')'
  127 expr_row: expr • ',' expr

    '+'   shift, and go to state 124
    '-'   shift, and go to state 125
    '*'   shift, and go to state 126
    '/'   shift, and go to state 127
    '^'   shift, and go to state 128
    '\''  shift, and go to state 129
    '['   shift, and go to state 130
    '('   shift, and go to state 131
    ','   shift, and go to state 183
    ')'   shift, and go to state 218


State 142

  114 expr: TK_FUNC_SYMBOL '(' expr_row • ')'
  126 expr_row: expr_row • ',' expr

    ','  shift, and go to state 185
    ')'  shift, and go to state 219


State 143

   67 expr: expr • '+' expr
   68     | expr • '*' expr
   69     | expr • '-' expr
   70     | expr • '/' expr
   79     | expr • '\''
  103     | expr • '^' expr
  104     | expr • '[' expr_index ']'
  105     | expr • '(' expr_index ')'
  106     | expr • '(' expr_index ',' expr_index ')'
  124     | TK_UNARY_OP '(' expr • ')'

    '+'   shift, and go to state 124
    '-'   shift, and go to state 125
    '*'   shift, and go to state 126
    '/'   shift, and go to state 127
    '^'   shift, and go to state 128
    '\''  shift, and go to state 129
    '['   shift, and go to state 130
    '('   shift, and go to state 131
    ')'   shift, and go to state 220


State 144

   67 expr: expr • '+' expr
   68     | expr • '*' expr
   69     | expr • '-' expr
   70     | expr • '/' expr
   79     | expr • '\''
  103     | expr • '^' expr
  104     | expr • '[' expr_index ']'
  105     | expr • '(' expr_index ')'
  106     | expr • '(' expr_index ',' expr_index ')'
  125     | TK_BINARY_OP '(' expr • ',' expr ')'

    '+'   shift, and go to state 124
    '-'   shift, and go to state 125
    '*'   shift, and go to state 126
    '/'   shift, and go to state 127
    '^'   shift, and go to state 128
    '\''  shift, and go to state 129
    '['   shift, and go to state 130
    '('   shift, and go to state 131
    ','   shift, and go to state 221


State 145

   67 expr: expr • '+' expr
   68     | expr • '*' expr
   69     | expr • '-' expr
   70     | expr • '/' expr
   79     | expr • '\''
  103     | expr • '^' expr
  104     | expr • '[' expr_index ']'
  105     | expr • '(' expr_index ')'
  106     | expr • '(' expr_index ',' expr_index ')'
  127 expr_row: expr • ',' expr

    '+'   shift, and go to state 124
    '-'   shift, and go to state 125
    '*'   shift, and go to state 126
    '/'   shift, and go to state 127
    '^'   shift, and go to state 128
    '\''  shift, and go to state 129
    '['   shift, and go to state 130
    '('   shift, and go to state 131
    ','   shift, and go to state 183


State 146

  123 expr: TK_DIFF '(' expr_row • ')'
  126 expr_row: expr_row • ',' expr

    ','  shift, and go to state 185
    ')'  shift, and go to state 222


State 147

   72 expr: TK_MIN '(' expr_row • ')'
  126 expr_row: expr_row • ',' expr

    ','  shift, and go to state 185
    ')'  shift, and go to state 223


State 148

   71 expr: TK_MAX '(' expr_row • ')'
  126 expr_row: expr_row • ',' expr

    ','  shift, and go to state 185
    ')'  shift, and go to state 224


State 149

   67 expr: expr • '+' expr
   68     | expr • '*' expr
   69     | expr • '-' expr
   70     | expr • '/' expr
   79     | expr • '\''
  103     | expr • '^' expr
  104     | expr • '[' expr_index ']'
  105     | expr • '(' expr_index ')'
  106     | expr • '(' expr_index ',' expr_index ')'
  120     | TK_INF '(' expr • ')'

    '+'   shift, and go to state 124
    '-'   shift, and go to state 125
    '*'   shift, and go to state 126
    '/'   shift, and go to state 127
    '^'   shift, and go to state 128
    '\''  shift, and go to state 129
    '['   shift, and go to state 130
    '('   shift, and go to state 131
    ')'   shift, and go to state 225


State 150

   67 expr: expr • '+' expr
   68     | expr • '*' expr
   69     | expr • '-' expr
   70     | expr • '/' expr
   79     | expr • '\''
  103     | expr • '^' expr
  104     | expr • '[' expr_index ']'
  105     | expr • '(' expr_index ')'
  106     | expr • '(' expr_index ',' expr_index ')'
  121     | TK_MID '(' expr • ')'

    '+'   shift, and go to state 124
    '-'   shift, and go to state 125
    '*'   shift, and go to state 126
    '/'   shift, and go to state 127
    '^'   shift, and go to state 128
    '\''  shift, and go to state 129
    '['   shift, and go to state 130
    '('   shift, and go to state 131
    ')'   shift, and go to state 226


State 151

   67 expr: expr • '+' expr
   68     | expr • '*' expr
   69     | expr • '-' expr
   70     | expr • '/' expr
   79     | expr • '\''
  103     | expr • '^' expr
  104     | expr • '[' expr_index ']'
  105     | expr • '(' expr_index ')'
  106     | expr • '(' expr_index ',' expr_index ')'
  122     | TK_SUP '(' expr • ')'

    '+'   shift, and go to state 124
    '-'   shift, and go to state 125
    '*'   shift, and go to state 126
    '/'   shift, and go to state 127
    '^'   shift, and go to state 128
    '\''  shift, and go to state 129
    '['   shift, and go to state 130
    '('   shift, and go to state 131
    ')'   shift, and go to state 227


State 152

   67 expr: expr • '+' expr
   68     | expr • '*' expr
   69     | expr • '-' expr
   70     | expr • '/' expr
   78     | TK_SIGN '(' expr • ')'
   79     | expr • '\''
  103     | expr • '^' expr
  104     | expr • '[' expr_index ']'
  105     | expr • '(' expr_index ')'
  106     | expr • '(' expr_index ',' expr_index ')'

    '+'   shift, and go to state 124
    '-'   shift, and go to state 125
    '*'   shift, and go to state 126
    '/'   shift, and go to state 127
    '^'   shift, and go to state 128
    '\''  shift, and go to state 129
    '['   shift, and go to state 130
    '('   shift, and go to state 131
    ')'   shift, and go to state 228


State 153

   67 expr: expr • '+' expr
   68     | expr • '*' expr
   69     | expr • '-' expr
   70     | expr • '/' expr
   77     | TK_ABS '(' expr • ')'
   79     | expr • '\''
  103     | expr • '^' expr
  104     | expr • '[' expr_index ']'
  105     | expr • '(' expr_index ')'
  106     | expr • '(' expr_index ',' expr_index ')'

    '+'   shift, and go to state 124
    '-'   shift, and go to state 125
    '*'   shift, and go to state 126
    '/'   shift, and go to state 127
    '^'   shift, and go to state 128
    '\''  shift, and go to state 129
    '['   shift, and go to state 130
    '('   shift, and go to state 131
    ')'   shift, and go to state 229


State 154

   74 expr: TK_SUM '(' TK_NEW_SYMBOL • TK_EQU expr ':' expr ',' $@6 expr ')'

    TK_EQU  shift, and go to state 230


State 155

   67 expr: expr • '+' expr
   68     | expr • '*' expr
   69     | expr • '-' expr
   70     | expr • '/' expr
   79     | expr • '\''
   80     | TK_SQRT '(' expr • ')'
  103     | expr • '^' expr
  104     | expr • '[' expr_index ']'
  105     | expr • '(' expr_index ')'
  106     | expr • '(' expr_index ',' expr_index ')'

    '+'   shift, and go to state 124
    '-'   shift, and go to state 125
    '*'   shift, and go to state 126
    '/'   shift, and go to state 127
    '^'   shift, and go to state 128
    '\''  shift, and go to state 129
    '['   shift, and go to state 130
    '('   shift, and go to state 131
    ')'   shift, and go to state 231


State 156

   67 expr: expr • '+' expr
   68     | expr • '*' expr
   69     | expr • '-' expr
   70     | expr • '/' expr
   79     | expr • '\''
   81     | TK_SQR '(' expr • ')'
  103     | expr • '^' expr
  104     | expr • '[' expr_index ']'
  105     | expr • '(' expr_index ')'
  106     | expr • '(' expr_index ',' expr_index ')'

    '+'   shift, and go to state 124
    '-'   shift, and go to state 125
    '*'   shift, and go to state 126
    '/'   shift, and go to state 127
    '^'   shift, and go to state 128
    '\''  shift, and go to state 129
    '['   shift, and go to state 130
    '('   shift, and go to state 131
    ')'   shift, and go to state 232


State 157

   67 expr: expr • '+' expr
   68     | expr • '*' expr
   69     | expr • '-' expr
   70     | expr • '/' expr
   79     | expr • '\''
   82     | TK_POW '(' expr • ',' expr ')'
  103     | expr • '^' expr
  104     | expr • '[' expr_index ']'
  105     | expr • '(' expr_index ')'
  106     | expr • '(' expr_index ',' expr_index ')'

    '+'   shift, and go to state 124
    '-'   shift, and go to state 125
    '*'   shift, and go to state 126
    '/'   shift, and go to state 127
    '^'   shift, and go to state 128
    '\''  shift, and go to state 129
    '['   shift, and go to state 130
    '('   shift, and go to state 131
    ','   shift, and go to state 233


State 158

   67 expr: expr • '+' expr
   68     | expr • '*' expr
   69     | expr • '-' expr
   70     | expr • '/' expr
   79     | expr • '\''
   83     | TK_EXPO '(' expr • ')'
  103     | expr • '^' expr
  104     | expr • '[' expr_index ']'
  105     | expr • '(' expr_index ')'
  106     | expr • '(' expr_index ',' expr_index ')'

    '+'   shift, and go to state 124
    '-'   shift, and go to state 125
    '*'   shift, and go to state 126
    '/'   shift, and go to state 127
    '^'   shift, and go to state 128
    '\''  shift, and go to state 129
    '['   shift, and go to state 130
    '('   shift, and go to state 131
    ')'   shift, and go to state 234


State 159

   67 expr: expr • '+' expr
   68     | expr • '*' expr
   69     | expr • '-' expr
   70     | expr • '/' expr
   79     | expr • '\''
   84     | TK_LOG '(' expr • ')'
  103     | expr • '^' expr
  104     | expr • '[' expr_index ']'
  105     | expr • '(' expr_index ')'
  106     | expr • '(' expr_index ',' expr_index ')'

    '+'   shift, and go to state 124
    '-'   shift, and go to state 125
    '*'   shift, and go to state 126
    '/'   shift, and go to state 127
    '^'   shift, and go to state 128
    '\''  shift, and go to state 129
    '['   shift, and go to state 130
    '('   shift, and go to state 131
    ')'   shift, and go to state 235


State 160

   67 expr: expr • '+' expr
   68     | expr • '*' expr
   69     | expr • '-' expr
   70     | expr • '/' expr
   79     | expr • '\''
   85     | TK_COS '(' expr • ')'
  103     | expr • '^' expr
  104     | expr • '[' expr_index ']'
  105     | expr • '(' expr_index ')'
  106     | expr • '(' expr_index ',' expr_index ')'

    '+'   shift, and go to state 124
    '-'   shift, and go to state 125
    '*'   shift, and go to state 126
    '/'   shift, and go to state 127
    '^'   shift, and go to state 128
    '\''  shift, and go to state 129
    '['   shift, and go to state 130
    '('   shift, and go to state 131
    ')'   shift, and go to state 236


State 161

   67 expr: expr • '+' expr
   68     | expr • '*' expr
   69     | expr • '-' expr
   70     | expr • '/' expr
   79     | expr • '\''
   86     | TK_SIN '(' expr • ')'
  103     | expr • '^' expr
  104     | expr • '[' expr_index ']'
  105     | expr • '(' expr_index ')'
  106     | expr • '(' expr_index ',' expr_index ')'

    '+'   shift, and go to state 124
    '-'   shift, and go to state 125
    '*'   shift, and go to state 126
    '/'   shift, and go to state 127
    '^'   shift, and go to state 128
    '\''  shift, and go to state 129
    '['   shift, and go to state 130
    '('   shift, and go to state 131
    ')'   shift, and go to state 237


State 162

   67 expr: expr • '+' expr
   68     | expr • '*' expr
   69     | expr • '-' expr
   70     | expr • '/' expr
   79     | expr • '\''
   87     | TK_TAN '(' expr • ')'
  103     | expr • '^' expr
  104     | expr • '[' expr_index ']'
  105     | expr • '(' expr_index ')'
  106     | expr • '(' expr_index ',' expr_index ')'

    '+'   shift, and go to state 124
    '-'   shift, and go to state 125
    '*'   shift, and go to state 126
    '/'   shift, and go to state 127
    '^'   shift, and go to state 128
    '\''  shift, and go to state 129
    '['   shift, and go to state 130
    '('   shift, and go to state 131
    ')'   shift, and go to state 238


State 163

   67 expr: expr • '+' expr
   68     | expr • '*' expr
   69     | expr • '-' expr
   70     | expr • '/' expr
   79     | expr • '\''
   88     | TK_ACOS '(' expr • ')'
  103     | expr • '^' expr
  104     | expr • '[' expr_index ']'
  105     | expr • '(' expr_index ')'
  106     | expr • '(' expr_index ',' expr_index ')'

    '+'   shift, and go to state 124
    '-'   shift, and go to state 125
    '*'   shift, and go to state 126
    '/'   shift, and go to state 127
    '^'   shift, and go to state 128
    '\''  shift, and go to state 129
    '['   shift, and go to state 130
    '('   shift, and go to state 131
    ')'   shift, and go to state 239


State 164

   67 expr: expr • '+' expr
   68     | expr • '*' expr
   69     | expr • '-' expr
   70     | expr • '/' expr
   79     | expr • '\''
   89     | TK_ASIN '(' expr • ')'
  103     | expr • '^' expr
  104     | expr • '[' expr_index ']'
  105     | expr • '(' expr_index ')'
  106     | expr • '(' expr_index ',' expr_index ')'

    '+'   shift, and go to state 124
    '-'   shift, and go to state 125
    '*'   shift, and go to state 126
    '/'   shift, and go to state 127
    '^'   shift, and go to state 128
    '\''  shift, and go to state 129
    '['   shift, and go to state 130
    '('   shift, and go to state 131
    ')'   shift, and go to state 240


State 165

   67 expr: expr • '+' expr
   68     | expr • '*' expr
   69     | expr • '-' expr
   70     | expr • '/' expr
   79     | expr • '\''
   90     | TK_ATAN '(' expr • ')'
  103     | expr • '^' expr
  104     | expr • '[' expr_index ']'
  105     | expr • '(' expr_index ')'
  106     | expr • '(' expr_index ',' expr_index ')'

    '+'   shift, and go to state 124
    '-'   shift, and go to state 125
    '*'   shift, and go to state 126
    '/'   shift, and go to state 127
    '^'   shift, and go to state 128
    '\''  shift, and go to state 129
    '['   shift, and go to state 130
    '('   shift, and go to state 131
    ')'   shift, and go to state 241


State 166

   67 expr: expr • '+' expr
   68     | expr • '*' expr
   69     | expr • '-' expr
   70     | expr • '/' expr
   75     | TK_ATAN2 '(' expr • ',' expr ')'
   79     | expr • '\''
  103     | expr • '^' expr
  104     | expr • '[' expr_index ']'
  105     | expr • '(' expr_index ')'
  106     | expr • '(' expr_index ',' expr_index ')'

    '+'   shift, and go to state 124
    '-'   shift, and go to state 125
    '*'   shift, and go to state 126
    '/'   shift, and go to state 127
    '^'   shift, and go to state 128
    '\''  shift, and go to state 129
    '['   shift, and go to state 130
    '('   shift, and go to state 131
    ','   shift, and go to state 242


State 167

   67 expr: expr • '+' expr
   68     | expr • '*' expr
   69     | expr • '-' expr
   70     | expr • '/' expr
   79     | expr • '\''
   91     | TK_COSH '(' expr • ')'
  103     | expr • '^' expr
  104     | expr • '[' expr_index ']'
  105     | expr • '(' expr_index ')'
  106     | expr • '(' expr_index ',' expr_index ')'

    '+'   shift, and go to state 124
    '-'   shift, and go to state 125
    '*'   shift, and go to state 126
    '/'   shift, and go to state 127
    '^'   shift, and go to state 128
    '\''  shift, and go to state 129
    '['   shift, and go to state 130
    '('   shift, and go to state 131
    ')'   shift, and go to state 243


State 168

   67 expr: expr • '+' expr
   68     | expr • '*' expr
   69     | expr • '-' expr
   70     | expr • '/' expr
   79     | expr • '\''
   92     | TK_SINH '(' expr • ')'
  103     | expr • '^' expr
  104     | expr • '[' expr_index ']'
  105     | expr • '(' expr_index ')'
  106     | expr • '(' expr_index ',' expr_index ')'

    '+'   shift, and go to state 124
    '-'   shift, and go to state 125
    '*'   shift, and go to state 126
    '/'   shift, and go to state 127
    '^'   shift, and go to state 128
    '\''  shift, and go to state 129
    '['   shift, and go to state 130
    '('   shift, and go to state 131
    ')'   shift, and go to state 244


State 169

   67 expr: expr • '+' expr
   68     | expr • '*' expr
   69     | expr • '-' expr
   70     | expr • '/' expr
   79     | expr • '\''
   93     | TK_TANH '(' expr • ')'
  103     | expr • '^' expr
  104     | expr • '[' expr_index ']'
  105     | expr • '(' expr_index ')'
  106     | expr • '(' expr_index ',' expr_index ')'

    '+'   shift, and go to state 124
    '-'   shift, and go to state 125
    '*'   shift, and go to state 126
    '/'   shift, and go to state 127
    '^'   shift, and go to state 128
    '\''  shift, and go to state 129
    '['   shift, and go to state 130
    '('   shift, and go to state 131
    ')'   shift, and go to state 245


State 170

   67 expr: expr • '+' expr
   68     | expr • '*' expr
   69     | expr • '-' expr
   70     | expr • '/' expr
   79     | expr • '\''
   94     | TK_ACOSH '(' expr • ')'
  103     | expr • '^' expr
  104     | expr • '[' expr_index ']'
  105     | expr • '(' expr_index ')'
  106     | expr • '(' expr_index ',' expr_index ')'

    '+'   shift, and go to state 124
    '-'   shift, and go to state 125
    '*'   shift, and go to state 126
    '/'   shift, and go to state 127
    '^'   shift, and go to state 128
    '\''  shift, and go to state 129
    '['   shift, and go to state 130
    '('   shift, and go to state 131
    ')'   shift, and go to state 246


State 171

   67 expr: expr • '+' expr
   68     | expr • '*' expr
   69     | expr • '-' expr
   70     | expr • '/' expr
   79     | expr • '\''
   95     | TK_ASINH '(' expr • ')'
  103     | expr • '^' expr
  104     | expr • '[' expr_index ']'
  105     | expr • '(' expr_index ')'
  106     | expr • '(' expr_index ',' expr_index ')'

    '+'   shift, and go to state 124
    '-'   shift, and go to state 125
    '*'   shift, and go to state 126
    '/'   shift, and go to state 127
    '^'   shift, and go to state 128
    '\''  shift, and go to state 129
    '['   shift, and go to state 130
    '('   shift, and go to state 131
    ')'   shift, and go to state 247


State 172

   67 expr: expr • '+' expr
   68     | expr • '*' expr
   69     | expr • '-' expr
   70     | expr • '/' expr
   79     | expr • '\''
   96     | TK_ATANH '(' expr • ')'
  103     | expr • '^' expr
  104     | expr • '[' expr_index ']'
  105     | expr • '(' expr_index ')'
  106     | expr • '(' expr_index ',' expr_index ')'

    '+'   shift, and go to state 124
    '-'   shift, and go to state 125
    '*'   shift, and go to state 126
    '/'   shift, and go to state 127
    '^'   shift, and go to state 128
    '\''  shift, and go to state 129
    '['   shift, and go to state 130
    '('   shift, and go to state 131
    ')'   shift, and go to state 248


State 173

   67 expr: expr • '+' expr
   68     | expr • '*' expr
   69     | expr • '-' expr
   70     | expr • '/' expr
   79     | expr • '\''
   97     | TK_FLOOR '(' expr • ')'
  103     | expr • '^' expr
  104     | expr • '[' expr_index ']'
  105     | expr • '(' expr_index ')'
  106     | expr • '(' expr_index ',' expr_index ')'

    '+'   shift, and go to state 124
    '-'   shift, and go to state 125
    '*'   shift, and go to state 126
    '/'   shift, and go to state 127
    '^'   shift, and go to state 128
    '\''  shift, and go to state 129
    '['   shift, and go to state 130
    '('   shift, and go to state 131
    ')'   shift, and go to state 249


State 174

   67 expr: expr • '+' expr
   68     | expr • '*' expr
   69     | expr • '-' expr
   70     | expr • '/' expr
   79     | expr • '\''
   98     | TK_CEIL '(' expr • ')'
  103     | expr • '^' expr
  104     | expr • '[' expr_index ']'
  105     | expr • '(' expr_index ')'
  106     | expr • '(' expr_index ',' expr_index ')'

    '+'   shift, and go to state 124
    '-'   shift, and go to state 125
    '*'   shift, and go to state 126
    '/'   shift, and go to state 127
    '^'   shift, and go to state 128
    '\''  shift, and go to state 129
    '['   shift, and go to state 130
    '('   shift, and go to state 131
    ')'   shift, and go to state 250


State 175

   64 ctr: TK_INTEGER '(' expr • ')'
   67 expr: expr • '+' expr
   68     | expr • '*' expr
   69     | expr • '-' expr
   70     | expr • '/' expr
   79     | expr • '\''
  103     | expr • '^' expr
  104     | expr • '[' expr_index ']'
  105     | expr • '(' expr_index ')'
  106     | expr • '(' expr_index ',' expr_index ')'

    '+'   shift, and go to state 124
    '-'   shift, and go to state 125
    '*'   shift, and go to state 126
    '/'   shift, and go to state 127
    '^'   shift, and go to state 128
    '\''  shift, and go to state 129
    '['   shift, and go to state 130
    '('   shift, and go to state 131
    ')'   shift, and go to state 251


State 176

   67 expr: expr • '+' expr
   68     | expr • '*' expr
   69     | expr • '-' expr
   70     | expr • '/' expr
   79     | expr • '\''
   99     | TK_CHI '(' expr • ',' expr ',' expr ')'
  103     | expr • '^' expr
  104     | expr • '[' expr_index ']'
  105     | expr • '(' expr_index ')'
  106     | expr • '(' expr_index ',' expr_index ')'

    '+'   shift, and go to state 124
    '-'   shift, and go to state 125
    '*'   shift, and go to state 126
    '/'   shift, and go to state 127
    '^'   shift, and go to state 128
    '\''  shift, and go to state 129
    '['   shift, and go to state 130
    '('   shift, and go to state 131
    ','   shift, and go to state 252


State 177

   28 interval: • '[' expr ',' expr ']'
   57 ctr_loop: TK_FOR TK_NEW_SYMBOL TK_EQU • expr ':' expr ';' $@5 ctr_blk_list TK_END
   67 expr: • expr '+' expr
   68     | • expr '*' expr
   69     | • expr '-' expr
   70     | • expr '/' expr
   71     | • TK_MAX '(' expr_row ')'
   72     | • TK_MIN '(' expr_row ')'
   74     | • TK_SUM '(' TK_NEW_SYMBOL TK_EQU expr ':' expr ',' $@6 expr ')'
   75     | • TK_ATAN2 '(' expr ',' expr ')'
   76     | • '-' expr
   77     | • TK_ABS '(' expr ')'
   78     | • TK_SIGN '(' expr ')'
   79     | • expr '\''
   80     | • TK_SQRT '(' expr ')'
   81     | • TK_SQR '(' expr ')'
   82     | • TK_POW '(' expr ',' expr ')'
   83     | • TK_EXPO '(' expr ')'
   84     | • TK_LOG '(' expr ')'
   85     | • TK_COS '(' expr ')'
   86     | • TK_SIN '(' expr ')'
   87     | • TK_TAN '(' expr ')'
   88     | • TK_ACOS '(' expr ')'
   89     | • TK_ASIN '(' expr ')'
   90     | • TK_ATAN '(' expr ')'
   91     | • TK_COSH '(' expr ')'
   92     | • TK_SINH '(' expr ')'
   93     | • TK_TANH '(' expr ')'
   94     | • TK_ACOSH '(' expr ')'
   95     | • TK_ASINH '(' expr ')'
   96     | • TK_ATANH '(' expr ')'
   97     | • TK_FLOOR '(' expr ')'
   98     | • TK_CEIL '(' expr ')'
   99     | • TK_CHI '(' expr ',' expr ',' expr ')'
  100     | • '+' expr
  101     | • '(' expr ')'
  102     | • '<' expr ',' expr '>'
  103     | • expr '^' expr
  104     | • expr '[' expr_index ']'
  105     | • expr '(' expr_index ')'
  106     | • expr '(' expr_index ',' expr_index ')'
  107     | • '(' expr_row ')'
  108     | • '(' expr_col ')'
  109     | • TK_ENTITY
  110     | • TK_ITERATOR
  111     | • TK_EXPR_TMP_SYMBOL
  112     | • TK_CONSTANT
  113     | • TK_FUNC_SYMBOL '(' expr ')'
  114     | • TK_FUNC_SYMBOL '(' expr_row ')'
  115     | • TK_FLOAT
  116     | • TK_PI
  117     | • TK_INFINITY
  118     | • TK_INT_CST
  119     | • interval
  120     | • TK_INF '(' expr ')'
  121     | • TK_MID '(' expr ')'
  122     | • TK_SUP '(' expr ')'
  123     | • TK_DIFF '(' expr_row ')'
  124     | • TK_UNARY_OP '(' expr ')'
  125     | • TK_BINARY_OP '(' expr ',' expr ')'

    TK_CONSTANT         shift, and go to state 7
    TK_FUNC_SYMBOL      shift, and go to state 9
    TK_EXPR_TMP_SYMBOL  shift, and go to state 10
    TK_ENTITY           shift, and go to state 11
    TK_ITERATOR         shift, and go to state 12
    TK_UNARY_OP         shift, and go to state 13
    TK_BINARY_OP        shift, and go to state 14
    TK_INT_CST          shift, and go to state 15
    TK_FLOAT            shift, and go to state 16
    TK_PI               shift, and go to state 17
    TK_INFINITY         shift, and go to state 18
    TK_DIFF             shift, and go to state 19
    TK_MIN              shift, and go to state 20
    TK_MAX              shift, and go to state 21
    TK_INF              shift, and go to state 22
    TK_MID              shift, and go to state 23
    TK_SUP              shift, and go to state 24
    TK_SIGN             shift, and go to state 25
    TK_ABS              shift, and go to state 26
    TK_SUM              shift, and go to state 27
    TK_SQRT             shift, and go to state 28
    TK_SQR              shift, and go to state 29
    TK_POW              shift, and go to state 30
    TK_EXPO             shift, and go to state 31
    TK_LOG              shift, and go to state 32
    TK_COS              shift, and go to state 33
    TK_SIN              shift, and go to state 34
    TK_TAN              shift, and go to state 35
    TK_ACOS             shift, and go to state 36
    TK_ASIN             shift, and go to state 37
    TK_ATAN             shift, and go to state 38
    TK_ATAN2            shift, and go to state 39
    TK_COSH             shift, and go to state 40
    TK_SINH             shift, and go to state 41
    TK_TANH             shift, and go to state 42
    TK_ACOSH            shift, and go to state 43
    TK_ASINH            shift, and go to state 44
    TK_ATANH            shift, and go to state 45
    TK_FLOOR            shift, and go to state 46
    TK_CEIL             shift, and go to state 47
    TK_CHI              shift, and go to state 49
    '<'                 shift, and go to state 51
    '+'                 shift, and go to state 52
    '-'                 shift, and go to state 53
    '['                 shift, and go to state 54
    '('                 shift, and go to state 105

    interval  go to state 57
    expr      go to state 253


State 178

   67 expr: expr • '+' expr
   68     | expr • '*' expr
   69     | expr • '-' expr
   70     | expr • '/' expr
   79     | expr • '\''
  101     | '(' expr • ')'
  103     | expr • '^' expr
  104     | expr • '[' expr_index ']'
  105     | expr • '(' expr_index ')'
  106     | expr • '(' expr_index ',' expr_index ')'
  127 expr_row: expr • ',' expr
  129 expr_col: expr • ';' expr

    '+'   shift, and go to state 124
    '-'   shift, and go to state 125
    '*'   shift, and go to state 126
    '/'   shift, and go to state 127
    '^'   shift, and go to state 128
    '\''  shift, and go to state 129
    '['   shift, and go to state 130
    '('   shift, and go to state 131
    ';'   shift, and go to state 182
    ','   shift, and go to state 183
    ')'   shift, and go to state 184


State 179

   28 interval: • '[' expr ',' expr ']'
   67 expr: • expr '+' expr
   68     | • expr '*' expr
   69     | • expr '-' expr
   70     | • expr '/' expr
   71     | • TK_MAX '(' expr_row ')'
   72     | • TK_MIN '(' expr_row ')'
   74     | • TK_SUM '(' TK_NEW_SYMBOL TK_EQU expr ':' expr ',' $@6 expr ')'
   75     | • TK_ATAN2 '(' expr ',' expr ')'
   76     | • '-' expr
   77     | • TK_ABS '(' expr ')'
   78     | • TK_SIGN '(' expr ')'
   79     | • expr '\''
   80     | • TK_SQRT '(' expr ')'
   81     | • TK_SQR '(' expr ')'
   82     | • TK_POW '(' expr ',' expr ')'
   83     | • TK_EXPO '(' expr ')'
   84     | • TK_LOG '(' expr ')'
   85     | • TK_COS '(' expr ')'
   86     | • TK_SIN '(' expr ')'
   87     | • TK_TAN '(' expr ')'
   88     | • TK_ACOS '(' expr ')'
   89     | • TK_ASIN '(' expr ')'
   90     | • TK_ATAN '(' expr ')'
   91     | • TK_COSH '(' expr ')'
   92     | • TK_SINH '(' expr ')'
   93     | • TK_TANH '(' expr ')'
   94     | • TK_ACOSH '(' expr ')'
   95     | • TK_ASINH '(' expr ')'
   96     | • TK_ATANH '(' expr ')'
   97     | • TK_FLOOR '(' expr ')'
   98     | • TK_CEIL '(' expr ')'
   99     | • TK_CHI '(' expr ',' expr ',' expr ')'
  100     | • '+' expr
  101     | • '(' expr ')'
  102     | • '<' expr ',' expr '>'
  102     | '<' expr ',' • expr '>'
  103     | • expr '^' expr
  104     | • expr '[' expr_index ']'
  105     | • expr '(' expr_index ')'
  106     | • expr '(' expr_index ',' expr_index ')'
  107     | • '(' expr_row ')'
  108     | • '(' expr_col ')'
  109     | • TK_ENTITY
  110     | • TK_ITERATOR
  111     | • TK_EXPR_TMP_SYMBOL
  112     | • TK_CONSTANT
  113     | • TK_FUNC_SYMBOL '(' expr ')'
  114     | • TK_FUNC_SYMBOL '(' expr_row ')'
  115     | • TK_FLOAT
  116     | • TK_PI
  117     | • TK_INFINITY
  118     | • TK_INT_CST
  119     | • interval
  120     | • TK_INF '(' expr ')'
  121     | • TK_MID '(' expr ')'
  122     | • TK_SUP '(' expr ')'
  123     | • TK_DIFF '(' expr_row ')'
  124     | • TK_UNARY_OP '(' expr ')'
  125     | • TK_BINARY_OP '(' expr ',' expr ')'

    TK_CONSTANT         shift, and go to state 7
    TK_FUNC_SYMBOL      shift, and go to state 9
    TK_EXPR_TMP_SYMBOL  shift, and go to state 10
    TK_ENTITY           shift, and go to state 11
    TK_ITERATOR         shift, and go to state 12
    TK_UNARY_OP         shift, and go to state 13
    TK_BINARY_OP        shift, and go to state 14
    TK_INT_CST          shift, and go to state 15
    TK_FLOAT            shift, and go to state 16
    TK_PI               shift, and go to state 17
    TK_INFINITY         shift, and go to state 18
    TK_DIFF             shift, and go to state 19
    TK_MIN              shift, and go to state 20
    TK_MAX              shift, and go to state 21
    TK_INF              shift, and go to state 22
    TK_MID              shift, and go to state 23
    TK_SUP              shift, and go to state 24
    TK_SIGN             shift, and go to state 25
    TK_ABS              shift, and go to state 26
    TK_SUM              shift, and go to state 27
    TK_SQRT             shift, and go to state 28
    TK_SQR              shift, and go to state 29
    TK_POW              shift, and go to state 30
    TK_EXPO             shift, and go to state 31
    TK_LOG              shift, and go to state 32
    TK_COS              shift, and go to state 33
    TK_SIN              shift, and go to state 34
    TK_TAN              shift, and go to state 35
    TK_ACOS             shift, and go to state 36
    TK_ASIN             shift, and go to state 37
    TK_ATAN             shift, and go to state 38
    TK_ATAN2            shift, and go to state 39
    TK_COSH             shift, and go to state 40
    TK_SINH             shift, and go to state 41
    TK_TANH             shift, and go to state 42
    TK_ACOSH            shift, and go to state 43
    TK_ASINH            shift, and go to state 44
    TK_ATANH            shift, and go to state 45
    TK_FLOOR            shift, and go to state 46
    TK_CEIL             shift, and go to state 47
    TK_CHI              shift, and go to state 49
    '<'                 shift, and go to state 51
    '+'                 shift, and go to state 52
    '-'                 shift, and go to state 53
    '['                 shift, and go to state 54
    '('                 shift, and go to state 105

    interval  go to state 57
    expr      go to state 254


State 180

   28 interval: • '[' expr ',' expr ']'
   28         | '[' expr ',' • expr ']'
   67 expr: • expr '+' expr
   68     | • expr '*' expr
   69     | • expr '-' expr
   70     | • expr '/' expr
   71     | • TK_MAX '(' expr_row ')'
   72     | • TK_MIN '(' expr_row ')'
   74     | • TK_SUM '(' TK_NEW_SYMBOL TK_EQU expr ':' expr ',' $@6 expr ')'
   75     | • TK_ATAN2 '(' expr ',' expr ')'
   76     | • '-' expr
   77     | • TK_ABS '(' expr ')'
   78     | • TK_SIGN '(' expr ')'
   79     | • expr '\''
   80     | • TK_SQRT '(' expr ')'
   81     | • TK_SQR '(' expr ')'
   82     | • TK_POW '(' expr ',' expr ')'
   83     | • TK_EXPO '(' expr ')'
   84     | • TK_LOG '(' expr ')'
   85     | • TK_COS '(' expr ')'
   86     | • TK_SIN '(' expr ')'
   87     | • TK_TAN '(' expr ')'
   88     | • TK_ACOS '(' expr ')'
   89     | • TK_ASIN '(' expr ')'
   90     | • TK_ATAN '(' expr ')'
   91     | • TK_COSH '(' expr ')'
   92     | • TK_SINH '(' expr ')'
   93     | • TK_TANH '(' expr ')'
   94     | • TK_ACOSH '(' expr ')'
   95     | • TK_ASINH '(' expr ')'
   96     | • TK_ATANH '(' expr ')'
   97     | • TK_FLOOR '(' expr ')'
   98     | • TK_CEIL '(' expr ')'
   99     | • TK_CHI '(' expr ',' expr ',' expr ')'
  100     | • '+' expr
  101     | • '(' expr ')'
  102     | • '<' expr ',' expr '>'
  103     | • expr '^' expr
  104     | • expr '[' expr_index ']'
  105     | • expr '(' expr_index ')'
  106     | • expr '(' expr_index ',' expr_index ')'
  107     | • '(' expr_row ')'
  108     | • '(' expr_col ')'
  109     | • TK_ENTITY
  110     | • TK_ITERATOR
  111     | • TK_EXPR_TMP_SYMBOL
  112     | • TK_CONSTANT
  113     | • TK_FUNC_SYMBOL '(' expr ')'
  114     | • TK_FUNC_SYMBOL '(' expr_row ')'
  115     | • TK_FLOAT
  116     | • TK_PI
  117     | • TK_INFINITY
  118     | • TK_INT_CST
  119     | • interval
  120     | • TK_INF '(' expr ')'
  121     | • TK_MID '(' expr ')'
  122     | • TK_SUP '(' expr ')'
  123     | • TK_DIFF '(' expr_row ')'
  124     | • TK_UNARY_OP '(' expr ')'
  125     | • TK_BINARY_OP '(' expr ',' expr ')'

    TK_CONSTANT         shift, and go to state 7
    TK_FUNC_SYMBOL      shift, and go to state 9
    TK_EXPR_TMP_SYMBOL  shift, and go to state 10
    TK_ENTITY           shift, and go to state 11
    TK_ITERATOR         shift, and go to state 12
    TK_UNARY_OP         shift, and go to state 13
    TK_BINARY_OP        shift, and go to state 14
    TK_INT_CST          shift, and go to state 15
    TK_FLOAT            shift, and go to state 16
    TK_PI               shift, and go to state 17
    TK_INFINITY         shift, and go to state 18
    TK_DIFF             shift, and go to state 19
    TK_MIN              shift, and go to state 20
    TK_MAX              shift, and go to state 21
    TK_INF              shift, and go to state 22
    TK_MID              shift, and go to state 23
    TK_SUP              shift, and go to state 24
    TK_SIGN             shift, and go to state 25
    TK_ABS              shift, and go to state 26
    TK_SUM              shift, and go to state 27
    TK_SQRT             shift, and go to state 28
    TK_SQR              shift, and go to state 29
    TK_POW              shift, and go to state 30
    TK_EXPO             shift, and go to state 31
    TK_LOG              shift, and go to state 32
    TK_COS              shift, and go to state 33
    TK_SIN              shift, and go to state 34
    TK_TAN              shift, and go to state 35
    TK_ACOS             shift, and go to state 36
    TK_ASIN             shift, and go to state 37
    TK_ATAN             shift, and go to state 38
    TK_ATAN2            shift, and go to state 39
    TK_COSH             shift, and go to state 40
    TK_SINH             shift, and go to state 41
    TK_TANH             shift, and go to state 42
    TK_ACOSH            shift, and go to state 43
    TK_ASINH            shift, and go to state 44
    TK_ATANH            shift, and go to state 45
    TK_FLOOR            shift, and go to state 46
    TK_CEIL             shift, and go to state 47
    TK_CHI              shift, and go to state 49
    '<'                 shift, and go to state 51
    '+'                 shift, and go to state 52
    '-'                 shift, and go to state 53
    '['                 shift, and go to state 54
    '('                 shift, and go to state 105

    interval  go to state 57
    expr      go to state 255


State 181

   65 ctr: '(' ctr ')' •

    $default  reduce using rule 65 (ctr)


State 182

   28 interval: • '[' expr ',' expr ']'
   67 expr: • expr '+' expr
   68     | • expr '*' expr
   69     | • expr '-' expr
   70     | • expr '/' expr
   71     | • TK_MAX '(' expr_row ')'
   72     | • TK_MIN '(' expr_row ')'
   74     | • TK_SUM '(' TK_NEW_SYMBOL TK_EQU expr ':' expr ',' $@6 expr ')'
   75     | • TK_ATAN2 '(' expr ',' expr ')'
   76     | • '-' expr
   77     | • TK_ABS '(' expr ')'
   78     | • TK_SIGN '(' expr ')'
   79     | • expr '\''
   80     | • TK_SQRT '(' expr ')'
   81     | • TK_SQR '(' expr ')'
   82     | • TK_POW '(' expr ',' expr ')'
   83     | • TK_EXPO '(' expr ')'
   84     | • TK_LOG '(' expr ')'
   85     | • TK_COS '(' expr ')'
   86     | • TK_SIN '(' expr ')'
   87     | • TK_TAN '(' expr ')'
   88     | • TK_ACOS '(' expr ')'
   89     | • TK_ASIN '(' expr ')'
   90     | • TK_ATAN '(' expr ')'
   91     | • TK_COSH '(' expr ')'
   92     | • TK_SINH '(' expr ')'
   93     | • TK_TANH '(' expr ')'
   94     | • TK_ACOSH '(' expr ')'
   95     | • TK_ASINH '(' expr ')'
   96     | • TK_ATANH '(' expr ')'
   97     | • TK_FLOOR '(' expr ')'
   98     | • TK_CEIL '(' expr ')'
   99     | • TK_CHI '(' expr ',' expr ',' expr ')'
  100     | • '+' expr
  101     | • '(' expr ')'
  102     | • '<' expr ',' expr '>'
  103     | • expr '^' expr
  104     | • expr '[' expr_index ']'
  105     | • expr '(' expr_index ')'
  106     | • expr '(' expr_index ',' expr_index ')'
  107     | • '(' expr_row ')'
  108     | • '(' expr_col ')'
  109     | • TK_ENTITY
  110     | • TK_ITERATOR
  111     | • TK_EXPR_TMP_SYMBOL
  112     | • TK_CONSTANT
  113     | • TK_FUNC_SYMBOL '(' expr ')'
  114     | • TK_FUNC_SYMBOL '(' expr_row ')'
  115     | • TK_FLOAT
  116     | • TK_PI
  117     | • TK_INFINITY
  118     | • TK_INT_CST
  119     | • interval
  120     | • TK_INF '(' expr ')'
  121     | • TK_MID '(' expr ')'
  122     | • TK_SUP '(' expr ')'
  123     | • TK_DIFF '(' expr_row ')'
  124     | • TK_UNARY_OP '(' expr ')'
  125     | • TK_BINARY_OP '(' expr ',' expr ')'
  129 expr_col: expr ';' • expr

    TK_CONSTANT         shift, and go to state 7
    TK_FUNC_SYMBOL      shift, and go to state 9
    TK_EXPR_TMP_SYMBOL  shift, and go to state 10
    TK_ENTITY           shift, and go to state 11
    TK_ITERATOR         shift, and go to state 12
    TK_UNARY_OP         shift, and go to state 13
    TK_BINARY_OP        shift, and go to state 14
    TK_INT_CST          shift, and go to state 15
    TK_FLOAT            shift, and go to state 16
    TK_PI               shift, and go to state 17
    TK_INFINITY         shift, and go to state 18
    TK_DIFF             shift, and go to state 19
    TK_MIN              shift, and go to state 20
    TK_MAX              shift, and go to state 21
    TK_INF              shift, and go to state 22
    TK_MID              shift, and go to state 23
    TK_SUP              shift, and go to state 24
    TK_SIGN             shift, and go to state 25
    TK_ABS              shift, and go to state 26
    TK_SUM              shift, and go to state 27
    TK_SQRT             shift, and go to state 28
    TK_SQR              shift, and go to state 29
    TK_POW              shift, and go to state 30
    TK_EXPO             shift, and go to state 31
    TK_LOG              shift, and go to state 32
    TK_COS              shift, and go to state 33
    TK_SIN              shift, and go to state 34
    TK_TAN              shift, and go to state 35
    TK_ACOS             shift, and go to state 36
    TK_ASIN             shift, and go to state 37
    TK_ATAN             shift, and go to state 38
    TK_ATAN2            shift, and go to state 39
    TK_COSH             shift, and go to state 40
    TK_SINH             shift, and go to state 41
    TK_TANH             shift, and go to state 42
    TK_ACOSH            shift, and go to state 43
    TK_ASINH            shift, and go to state 44
    TK_ATANH            shift, and go to state 45
    TK_FLOOR            shift, and go to state 46
    TK_CEIL             shift, and go to state 47
    TK_CHI              shift, and go to state 49
    '<'                 shift, and go to state 51
    '+'                 shift, and go to state 52
    '-'                 shift, and go to state 53
    '['                 shift, and go to state 54
    '('                 shift, and go to state 105

    interval  go to state 57
    expr      go to state 256


State 183

   28 interval: • '[' expr ',' expr ']'
   67 expr: • expr '+' expr
   68     | • expr '*' expr
   69     | • expr '-' expr
   70     | • expr '/' expr
   71     | • TK_MAX '(' expr_row ')'
   72     | • TK_MIN '(' expr_row ')'
   74     | • TK_SUM '(' TK_NEW_SYMBOL TK_EQU expr ':' expr ',' $@6 expr ')'
   75     | • TK_ATAN2 '(' expr ',' expr ')'
   76     | • '-' expr
   77     | • TK_ABS '(' expr ')'
   78     | • TK_SIGN '(' expr ')'
   79     | • expr '\''
   80     | • TK_SQRT '(' expr ')'
   81     | • TK_SQR '(' expr ')'
   82     | • TK_POW '(' expr ',' expr ')'
   83     | • TK_EXPO '(' expr ')'
   84     | • TK_LOG '(' expr ')'
   85     | • TK_COS '(' expr ')'
   86     | • TK_SIN '(' expr ')'
   87     | • TK_TAN '(' expr ')'
   88     | • TK_ACOS '(' expr ')'
   89     | • TK_ASIN '(' expr ')'
   90     | • TK_ATAN '(' expr ')'
   91     | • TK_COSH '(' expr ')'
   92     | • TK_SINH '(' expr ')'
   93     | • TK_TANH '(' expr ')'
   94     | • TK_ACOSH '(' expr ')'
   95     | • TK_ASINH '(' expr ')'
   96     | • TK_ATANH '(' expr ')'
   97     | • TK_FLOOR '(' expr ')'
   98     | • TK_CEIL '(' expr ')'
   99     | • TK_CHI '(' expr ',' expr ',' expr ')'
  100     | • '+' expr
  101     | • '(' expr ')'
  102     | • '<' expr ',' expr '>'
  103     | • expr '^' expr
  104     | • expr '[' expr_index ']'
  105     | • expr '(' expr_index ')'
  106     | • expr '(' expr_index ',' expr_index ')'
  107     | • '(' expr_row ')'
  108     | • '(' expr_col ')'
  109     | • TK_ENTITY
  110     | • TK_ITERATOR
  111     | • TK_EXPR_TMP_SYMBOL
  112     | • TK_CONSTANT
  113     | • TK_FUNC_SYMBOL '(' expr ')'
  114     | • TK_FUNC_SYMBOL '(' expr_row ')'
  115     | • TK_FLOAT
  116     | • TK_PI
  117     | • TK_INFINITY
  118     | • TK_INT_CST
  119     | • interval
  120     | • TK_INF '(' expr ')'
  121     | • TK_MID '(' expr ')'
  122     | • TK_SUP '(' expr ')'
  123     | • TK_DIFF '(' expr_row ')'
  124     | • TK_UNARY_OP '(' expr ')'
  125     | • TK_BINARY_OP '(' expr ',' expr ')'
  127 expr_row: expr ',' • expr

    TK_CONSTANT         shift, and go to state 7
    TK_FUNC_SYMBOL      shift, and go to state 9
    TK_EXPR_TMP_SYMBOL  shift, and go to state 10
    TK_ENTITY           shift, and go to state 11
    TK_ITERATOR         shift, and go to state 12
    TK_UNARY_OP         shift, and go to state 13
    TK_BINARY_OP        shift, and go to state 14
    TK_INT_CST          shift, and go to state 15
    TK_FLOAT            shift, and go to state 16
    TK_PI               shift, and go to state 17
    TK_INFINITY         shift, and go to state 18
    TK_DIFF             shift, and go to state 19
    TK_MIN              shift, and go to state 20
    TK_MAX              shift, and go to state 21
    TK_INF              shift, and go to state 22
    TK_MID              shift, and go to state 23
    TK_SUP              shift, and go to state 24
    TK_SIGN             shift, and go to state 25
    TK_ABS              shift, and go to state 26
    TK_SUM              shift, and go to state 27
    TK_SQRT             shift, and go to state 28
    TK_SQR              shift, and go to state 29
    TK_POW              shift, and go to state 30
    TK_EXPO             shift, and go to state 31
    TK_LOG              shift, and go to state 32
    TK_COS              shift, and go to state 33
    TK_SIN              shift, and go to state 34
    TK_TAN              shift, and go to state 35
    TK_ACOS             shift, and go to state 36
    TK_ASIN             shift, and go to state 37
    TK_ATAN             shift, and go to state 38
    TK_ATAN2            shift, and go to state 39
    TK_COSH             shift, and go to state 40
    TK_SINH             shift, and go to state 41
    TK_TANH             shift, and go to state 42
    TK_ACOSH            shift, and go to state 43
    TK_ASINH            shift, and go to state 44
    TK_ATANH            shift, and go to state 45
    TK_FLOOR            shift, and go to state 46
    TK_CEIL             shift, and go to state 47
    TK_CHI              shift, and go to state 49
    '<'                 shift, and go to state 51
    '+'                 shift, and go to state 52
    '-'                 shift, and go to state 53
    '['                 shift, and go to state 54
    '('                 shift, and go to state 105

    interval  go to state 57
    expr      go to state 257


State 184

  101 expr: '(' expr ')' •

    $default  reduce using rule 101 (expr)


State 185

   28 interval: • '[' expr ',' expr ']'
   67 expr: • expr '+' expr
   68     | • expr '*' expr
   69     | • expr '-' expr
   70     | • expr '/' expr
   71     | • TK_MAX '(' expr_row ')'
   72     | • TK_MIN '(' expr_row ')'
   74     | • TK_SUM '(' TK_NEW_SYMBOL TK_EQU expr ':' expr ',' $@6 expr ')'
   75     | • TK_ATAN2 '(' expr ',' expr ')'
   76     | • '-' expr
   77     | • TK_ABS '(' expr ')'
   78     | • TK_SIGN '(' expr ')'
   79     | • expr '\''
   80     | • TK_SQRT '(' expr ')'
   81     | • TK_SQR '(' expr ')'
   82     | • TK_POW '(' expr ',' expr ')'
   83     | • TK_EXPO '(' expr ')'
   84     | • TK_LOG '(' expr ')'
   85     | • TK_COS '(' expr ')'
   86     | • TK_SIN '(' expr ')'
   87     | • TK_TAN '(' expr ')'
   88     | • TK_ACOS '(' expr ')'
   89     | • TK_ASIN '(' expr ')'
   90     | • TK_ATAN '(' expr ')'
   91     | • TK_COSH '(' expr ')'
   92     | • TK_SINH '(' expr ')'
   93     | • TK_TANH '(' expr ')'
   94     | • TK_ACOSH '(' expr ')'
   95     | • TK_ASINH '(' expr ')'
   96     | • TK_ATANH '(' expr ')'
   97     | • TK_FLOOR '(' expr ')'
   98     | • TK_CEIL '(' expr ')'
   99     | • TK_CHI '(' expr ',' expr ',' expr ')'
  100     | • '+' expr
  101     | • '(' expr ')'
  102     | • '<' expr ',' expr '>'
  103     | • expr '^' expr
  104     | • expr '[' expr_index ']'
  105     | • expr '(' expr_index ')'
  106     | • expr '(' expr_index ',' expr_index ')'
  107     | • '(' expr_row ')'
  108     | • '(' expr_col ')'
  109     | • TK_ENTITY
  110     | • TK_ITERATOR
  111     | • TK_EXPR_TMP_SYMBOL
  112     | • TK_CONSTANT
  113     | • TK_FUNC_SYMBOL '(' expr ')'
  114     | • TK_FUNC_SYMBOL '(' expr_row ')'
  115     | • TK_FLOAT
  116     | • TK_PI
  117     | • TK_INFINITY
  118     | • TK_INT_CST
  119     | • interval
  120     | • TK_INF '(' expr ')'
  121     | • TK_MID '(' expr ')'
  122     | • TK_SUP '(' expr ')'
  123     | • TK_DIFF '(' expr_row ')'
  124     | • TK_UNARY_OP '(' expr ')'
  125     | • TK_BINARY_OP '(' expr ',' expr ')'
  126 expr_row: expr_row ',' • expr

    TK_CONSTANT         shift, and go to state 7
    TK_FUNC_SYMBOL      shift, and go to state 9
    TK_EXPR_TMP_SYMBOL  shift, and go to state 10
    TK_ENTITY           shift, and go to state 11
    TK_ITERATOR         shift, and go to state 12
    TK_UNARY_OP         shift, and go to state 13
    TK_BINARY_OP        shift, and go to state 14
    TK_INT_CST          shift, and go to state 15
    TK_FLOAT            shift, and go to state 16
    TK_PI               shift, and go to state 17
    TK_INFINITY         shift, and go to state 18
    TK_DIFF             shift, and go to state 19
    TK_MIN              shift, and go to state 20
    TK_MAX              shift, and go to state 21
    TK_INF              shift, and go to state 22
    TK_MID              shift, and go to state 23
    TK_SUP              shift, and go to state 24
    TK_SIGN             shift, and go to state 25
    TK_ABS              shift, and go to state 26
    TK_SUM              shift, and go to state 27
    TK_SQRT             shift, and go to state 28
    TK_SQR              shift, and go to state 29
    TK_POW              shift, and go to state 30
    TK_EXPO             shift, and go to state 31
    TK_LOG              shift, and go to state 32
    TK_COS              shift, and go to state 33
    TK_SIN              shift, and go to state 34
    TK_TAN              shift, and go to state 35
    TK_ACOS             shift, and go to state 36
    TK_ASIN             shift, and go to state 37
    TK_ATAN             shift, and go to state 38
    TK_ATAN2            shift, and go to state 39
    TK_COSH             shift, and go to state 40
    TK_SINH             shift, and go to state 41
    TK_TANH             shift, and go to state 42
    TK_ACOSH            shift, and go to state 43
    TK_ASINH            shift, and go to state 44
    TK_ATANH            shift, and go to state 45
    TK_FLOOR            shift, and go to state 46
    TK_CEIL             shift, and go to state 47
    TK_CHI              shift, and go to state 49
    '<'                 shift, and go to state 51
    '+'                 shift, and go to state 52
    '-'                 shift, and go to state 53
    '['                 shift, and go to state 54
    '('                 shift, and go to state 105

    interval  go to state 57
    expr      go to state 258


State 186

  107 expr: '(' expr_row ')' •

    $default  reduce using rule 107 (expr)


State 187

   28 interval: • '[' expr ',' expr ']'
   67 expr: • expr '+' expr
   68     | • expr '*' expr
   69     | • expr '-' expr
   70     | • expr '/' expr
   71     | • TK_MAX '(' expr_row ')'
   72     | • TK_MIN '(' expr_row ')'
   74     | • TK_SUM '(' TK_NEW_SYMBOL TK_EQU expr ':' expr ',' $@6 expr ')'
   75     | • TK_ATAN2 '(' expr ',' expr ')'
   76     | • '-' expr
   77     | • TK_ABS '(' expr ')'
   78     | • TK_SIGN '(' expr ')'
   79     | • expr '\''
   80     | • TK_SQRT '(' expr ')'
   81     | • TK_SQR '(' expr ')'
   82     | • TK_POW '(' expr ',' expr ')'
   83     | • TK_EXPO '(' expr ')'
   84     | • TK_LOG '(' expr ')'
   85     | • TK_COS '(' expr ')'
   86     | • TK_SIN '(' expr ')'
   87     | • TK_TAN '(' expr ')'
   88     | • TK_ACOS '(' expr ')'
   89     | • TK_ASIN '(' expr ')'
   90     | • TK_ATAN '(' expr ')'
   91     | • TK_COSH '(' expr ')'
   92     | • TK_SINH '(' expr ')'
   93     | • TK_TANH '(' expr ')'
   94     | • TK_ACOSH '(' expr ')'
   95     | • TK_ASINH '(' expr ')'
   96     | • TK_ATANH '(' expr ')'
   97     | • TK_FLOOR '(' expr ')'
   98     | • TK_CEIL '(' expr ')'
   99     | • TK_CHI '(' expr ',' expr ',' expr ')'
  100     | • '+' expr
  101     | • '(' expr ')'
  102     | • '<' expr ',' expr '>'
  103     | • expr '^' expr
  104     | • expr '[' expr_index ']'
  105     | • expr '(' expr_index ')'
  106     | • expr '(' expr_index ',' expr_index ')'
  107     | • '(' expr_row ')'
  108     | • '(' expr_col ')'
  109     | • TK_ENTITY
  110     | • TK_ITERATOR
  111     | • TK_EXPR_TMP_SYMBOL
  112     | • TK_CONSTANT
  113     | • TK_FUNC_SYMBOL '(' expr ')'
  114     | • TK_FUNC_SYMBOL '(' expr_row ')'
  115     | • TK_FLOAT
  116     | • TK_PI
  117     | • TK_INFINITY
  118     | • TK_INT_CST
  119     | • interval
  120     | • TK_INF '(' expr ')'
  121     | • TK_MID '(' expr ')'
  122     | • TK_SUP '(' expr ')'
  123     | • TK_DIFF '(' expr_row ')'
  124     | • TK_UNARY_OP '(' expr ')'
  125     | • TK_BINARY_OP '(' expr ',' expr ')'
  128 expr_col: expr_col ';' • expr

    TK_CONSTANT         shift, and go to state 7
    TK_FUNC_SYMBOL      shift, and go to state 9
    TK_EXPR_TMP_SYMBOL  shift, and go to state 10
    TK_ENTITY           shift, and go to state 11
    TK_ITERATOR         shift, and go to state 12
    TK_UNARY_OP         shift, and go to state 13
    TK_BINARY_OP        shift, and go to state 14
    TK_INT_CST          shift, and go to state 15
    TK_FLOAT            shift, and go to state 16
    TK_PI               shift, and go to state 17
    TK_INFINITY         shift, and go to state 18
    TK_DIFF             shift, and go to state 19
    TK_MIN              shift, and go to state 20
    TK_MAX              shift, and go to state 21
    TK_INF              shift, and go to state 22
    TK_MID              shift, and go to state 23
    TK_SUP              shift, and go to state 24
    TK_SIGN             shift, and go to state 25
    TK_ABS              shift, and go to state 26
    TK_SUM              shift, and go to state 27
    TK_SQRT             shift, and go to state 28
    TK_SQR              shift, and go to state 29
    TK_POW              shift, and go to state 30
    TK_EXPO             shift, and go to state 31
    TK_LOG              shift, and go to state 32
    TK_COS              shift, and go to state 33
    TK_SIN              shift, and go to state 34
    TK_TAN              shift, and go to state 35
    TK_ACOS             shift, and go to state 36
    TK_ASIN             shift, and go to state 37
    TK_ATAN             shift, and go to state 38
    TK_ATAN2            shift, and go to state 39
    TK_COSH             shift, and go to state 40
    TK_SINH             shift, and go to state 41
    TK_TANH             shift, and go to state 42
    TK_ACOSH            shift, and go to state 43
    TK_ASINH            shift, and go to state 44
    TK_ATANH            shift, and go to state 45
    TK_FLOOR            shift, and go to state 46
    TK_CEIL             shift, and go to state 47
    TK_CHI              shift, and go to state 49
    '<'                 shift, and go to state 51
    '+'                 shift, and go to state 52
    '-'                 shift, and go to state 53
    '['                 shift, and go to state 54
    '('                 shift, and go to state 105

    interval  go to state 57
    expr      go to state 259


State 188

  108 expr: '(' expr_col ')' •

    $default  reduce using rule 108 (expr)


State 189

   53 ctr_blk_list2: ctr_blk_list1 ';' ctr_loop •

    $default  reduce using rule 53 (ctr_blk_list2)


State 190

   50 ctr_blk_list1: ctr_blk_list1 ';' ctr •

    $default  reduce using rule 50 (ctr_blk_list1)


State 191

   54 ctr_blk_list2: ctr_blk_list2 semicolon_opt ctr_loop •

    $default  reduce using rule 54 (ctr_blk_list2)


State 192

   51 ctr_blk_list1: ctr_blk_list2 semicolon_opt ctr •

    $default  reduce using rule 51 (ctr_blk_list1)


State 193

   59 ctr: expr TK_LEQ expr •  [$end, TK_END, ';', ')']
   67 expr: expr • '+' expr
   68     | expr • '*' expr
   69     | expr • '-' expr
   70     | expr • '/' expr
   79     | expr • '\''
  103     | expr • '^' expr
  104     | expr • '[' expr_index ']'
  105     | expr • '(' expr_index ')'
  106     | expr • '(' expr_index ',' expr_index ')'

    '+'   shift, and go to state 124
    '-'   shift, and go to state 125
    '*'   shift, and go to state 126
    '/'   shift, and go to state 127
    '^'   shift, and go to state 128
    '\''  shift, and go to state 129
    '['   shift, and go to state 130
    '('   shift, and go to state 131

    $default  reduce using rule 59 (ctr)


State 194

   60 ctr: expr TK_GEQ expr •  [$end, TK_END, ';', ')']
   67 expr: expr • '+' expr
   68     | expr • '*' expr
   69     | expr • '-' expr
   70     | expr • '/' expr
   79     | expr • '\''
  103     | expr • '^' expr
  104     | expr • '[' expr_index ']'
  105     | expr • '(' expr_index ')'
  106     | expr • '(' expr_index ',' expr_index ')'

    '+'   shift, and go to state 124
    '-'   shift, and go to state 125
    '*'   shift, and go to state 126
    '/'   shift, and go to state 127
    '^'   shift, and go to state 128
    '\''  shift, and go to state 129
    '['   shift, and go to state 130
    '('   shift, and go to state 131

    $default  reduce using rule 60 (ctr)


State 195

   58 ctr: expr TK_EQU expr •  [$end, TK_END, ';', ')']
   67 expr: expr • '+' expr
   68     | expr • '*' expr
   69     | expr • '-' expr
   70     | expr • '/' expr
   79     | expr • '\''
  103     | expr • '^' expr
  104     | expr • '[' expr_index ']'
  105     | expr • '(' expr_index ')'
  106     | expr • '(' expr_index ',' expr_index ')'

    '+'   shift, and go to state 124
    '-'   shift, and go to state 125
    '*'   shift, and go to state 126
    '/'   shift, and go to state 127
    '^'   shift, and go to state 128
    '\''  shift, and go to state 129
    '['   shift, and go to state 130
    '('   shift, and go to state 131

    $default  reduce using rule 58 (ctr)


State 196

   63 ctr: expr TK_IN expr •  [$end, TK_END, ';', ')']
   67 expr: expr • '+' expr
   68     | expr • '*' expr
   69     | expr • '-' expr
   70     | expr • '/' expr
   79     | expr • '\''
  103     | expr • '^' expr
  104     | expr • '[' expr_index ']'
  105     | expr • '(' expr_index ')'
  106     | expr • '(' expr_index ',' expr_index ')'

    '+'   shift, and go to state 124
    '-'   shift, and go to state 125
    '*'   shift, and go to state 126
    '/'   shift, and go to state 127
    '^'   shift, and go to state 128
    '\''  shift, and go to state 129
    '['   shift, and go to state 130
    '('   shift, and go to state 131

    $default  reduce using rule 63 (ctr)


State 197

   61 ctr: expr '<' expr •  [$end, TK_END, ';', ')']
   67 expr: expr • '+' expr
   68     | expr • '*' expr
   69     | expr • '-' expr
   70     | expr • '/' expr
   79     | expr • '\''
  103     | expr • '^' expr
  104     | expr • '[' expr_index ']'
  105     | expr • '(' expr_index ')'
  106     | expr • '(' expr_index ',' expr_index ')'

    '+'   shift, and go to state 124
    '-'   shift, and go to state 125
    '*'   shift, and go to state 126
    '/'   shift, and go to state 127
    '^'   shift, and go to state 128
    '\''  shift, and go to state 129
    '['   shift, and go to state 130
    '('   shift, and go to state 131

    $default  reduce using rule 61 (ctr)


State 198

   62 ctr: expr '>' expr •  [$end, TK_END, ';', ')']
   67 expr: expr • '+' expr
   68     | expr • '*' expr
   69     | expr • '-' expr
   70     | expr • '/' expr
   79     | expr • '\''
  103     | expr • '^' expr
  104     | expr • '[' expr_index ']'
  105     | expr • '(' expr_index ')'
  106     | expr • '(' expr_index ',' expr_index ')'

    '+'   shift, and go to state 124
    '-'   shift, and go to state 125
    '*'   shift, and go to state 126
    '/'   shift, and go to state 127
    '^'   shift, and go to state 128
    '\''  shift, and go to state 129
    '['   shift, and go to state 130
    '('   shift, and go to state 131

    $default  reduce using rule 62 (ctr)


State 199

   67 expr: expr • '+' expr
   67     | expr '+' expr •  [$end, TK_LEQ, TK_GEQ, TK_EQU, TK_END, TK_CTRS, TK_IN, '<', '>', '+', '-', ';', ',', ']', ')', ':']
   68     | expr • '*' expr
   69     | expr • '-' expr
   70     | expr • '/' expr
   79     | expr • '\''
  103     | expr • '^' expr
  104     | expr • '[' expr_index ']'
  105     | expr • '(' expr_index ')'
  106     | expr • '(' expr_index ',' expr_index ')'

    '*'   shift, and go to state 126
    '/'   shift, and go to state 127
    '^'   shift, and go to state 128
    '\''  shift, and go to state 129
    '['   shift, and go to state 130
    '('   shift, and go to state 131

    $default  reduce using rule 67 (expr)

    Conflict between rule 67 and token '+' resolved as reduce (%left '+').
    Conflict between rule 67 and token '-' resolved as reduce (%left '-').
    Conflict between rule 67 and token '*' resolved as shift ('+' < '*').
    Conflict between rule 67 and token '/' resolved as shift ('+' < '/').
    Conflict between rule 67 and token '^' resolved as shift ('+' < '^').
    Conflict between rule 67 and token '\'' resolved as shift ('+' < '\'').
    Conflict between rule 67 and token '[' resolved as shift ('+' < '[').
    Conflict between rule 67 and token '(' resolved as shift ('+' < '(').


State 200

   67 expr: expr • '+' expr
   68     | expr • '*' expr
   69     | expr • '-' expr
   69     | expr '-' expr •  [$end, TK_LEQ, TK_GEQ, TK_EQU, TK_END, TK_CTRS, TK_IN, '<', '>', '+', '-', ';', ',', ']', ')', ':']
   70     | expr • '/' expr
   79     | expr • '\''
  103     | expr • '^' expr
  104     | expr • '[' expr_index ']'
  105     | expr • '(' expr_index ')'
  106     | expr • '(' expr_index ',' expr_index ')'

    '*'   shift, and go to state 126
    '/'   shift, and go to state 127
    '^'   shift, and go to state 128
    '\''  shift, and go to state 129
    '['   shift, and go to state 130
    '('   shift, and go to state 131

    $default  reduce using rule 69 (expr)

    Conflict between rule 69 and token '+' resolved as reduce (%left '+').
    Conflict between rule 69 and token '-' resolved as reduce (%left '-').
    Conflict between rule 69 and token '*' resolved as shift ('-' < '*').
    Conflict between rule 69 and token '/' resolved as shift ('-' < '/').
    Conflict between rule 69 and token '^' resolved as shift ('-' < '^').
    Conflict between rule 69 and token '\'' resolved as shift ('-' < '\'').
    Conflict between rule 69 and token '[' resolved as shift ('-' < '[').
    Conflict between rule 69 and token '(' resolved as shift ('-' < '(').


State 201

   67 expr: expr • '+' expr
   68     | expr • '*' expr
   68     | expr '*' expr •  [$end, TK_LEQ, TK_GEQ, TK_EQU, TK_END, TK_CTRS, TK_IN, '<', '>', '+', '-', '*', '/', ';', ',', ']', ')', ':']
   69     | expr • '-' expr
   70     | expr • '/' expr
   79     | expr • '\''
  103     | expr • '^' expr
  104     | expr • '[' expr_index ']'
  105     | expr • '(' expr_index ')'
  106     | expr • '(' expr_index ',' expr_index ')'

    '^'   shift, and go to state 128
    '\''  shift, and go to state 129
    '['   shift, and go to state 130
    '('   shift, and go to state 131

    $default  reduce using rule 68 (expr)

    Conflict between rule 68 and token '+' resolved as reduce ('+' < '*').
    Conflict between rule 68 and token '-' resolved as reduce ('-' < '*').
    Conflict between rule 68 and token '*' resolved as reduce (%left '*').
    Conflict between rule 68 and token '/' resolved as reduce (%left '/').
    Conflict between rule 68 and token '^' resolved as shift ('*' < '^').
    Conflict between rule 68 and token '\'' resolved as shift ('*' < '\'').
    Conflict between rule 68 and token '[' resolved as shift ('*' < '[').
    Conflict between rule 68 and token '(' resolved as shift ('*' < '(').


State 202

   67 expr: expr • '+' expr
   68     | expr • '*' expr
   69     | expr • '-' expr
   70     | expr • '/' expr
   70     | expr '/' expr •  [$end, TK_LEQ, TK_GEQ, TK_EQU, TK_END, TK_CTRS, TK_IN, '<', '>', '+', '-', '*', '/', ';', ',', ']', ')', ':']
   79     | expr • '\''
  103     | expr • '^' expr
  104     | expr • '[' expr_index ']'
  105     | expr • '(' expr_index ')'
  106     | expr • '(' expr_index ',' expr_index ')'

    '^'   shift, and go to state 128
    '\''  shift, and go to state 129
    '['   shift, and go to state 130
    '('   shift, and go to state 131

    $default  reduce using rule 70 (expr)

    Conflict between rule 70 and token '+' resolved as reduce ('+' < '/').
    Conflict between rule 70 and token '-' resolved as reduce ('-' < '/').
    Conflict between rule 70 and token '*' resolved as reduce (%left '*').
    Conflict between rule 70 and token '/' resolved as reduce (%left '/').
    Conflict between rule 70 and token '^' resolved as shift ('/' < '^').
    Conflict between rule 70 and token '\'' resolved as shift ('/' < '\'').
    Conflict between rule 70 and token '[' resolved as shift ('/' < '[').
    Conflict between rule 70 and token '(' resolved as shift ('/' < '(').


State 203

   67 expr: expr • '+' expr
   68     | expr • '*' expr
   69     | expr • '-' expr
   70     | expr • '/' expr
   79     | expr • '\''
  103     | expr • '^' expr
  103     | expr '^' expr •  [$end, TK_LEQ, TK_GEQ, TK_EQU, TK_END, TK_CTRS, TK_IN, '<', '>', '+', '-', '*', '/', '^', '\'', ';', ',', ']', ')', ':']
  104     | expr • '[' expr_index ']'
  105     | expr • '(' expr_index ')'
  106     | expr • '(' expr_index ',' expr_index ')'

    '['  shift, and go to state 130
    '('  shift, and go to state 131

    $default  reduce using rule 103 (expr)

    Conflict between rule 103 and token '+' resolved as reduce ('+' < '^').
    Conflict between rule 103 and token '-' resolved as reduce ('-' < '^').
    Conflict between rule 103 and token '*' resolved as reduce ('*' < '^').
    Conflict between rule 103 and token '/' resolved as reduce ('/' < '^').
    Conflict between rule 103 and token '^' resolved as reduce (%left '^').
    Conflict between rule 103 and token '\'' resolved as reduce (%left '\'').
    Conflict between rule 103 and token '[' resolved as shift ('^' < '[').
    Conflict between rule 103 and token '(' resolved as shift ('^' < '(').


State 204

  130 expr_index: ':' •

    $default  reduce using rule 130 (expr_index)


State 205

   67 expr: expr • '+' expr
   68     | expr • '*' expr
   69     | expr • '-' expr
   70     | expr • '/' expr
   79     | expr • '\''
  103     | expr • '^' expr
  104     | expr • '[' expr_index ']'
  105     | expr • '(' expr_index ')'
  106     | expr • '(' expr_index ',' expr_index ')'
  131 expr_index: expr •  [',', ']', ')']
  132           | expr • ':' expr

    '+'   shift, and go to state 124
    '-'   shift, and go to state 125
    '*'   shift, and go to state 126
    '/'   shift, and go to state 127
    '^'   shift, and go to state 128
    '\''  shift, and go to state 129
    '['   shift, and go to state 130
    '('   shift, and go to state 131
    ':'   shift, and go to state 260

    $default  reduce using rule 131 (expr_index)


State 206

  104 expr: expr '[' expr_index • ']'

    ']'  shift, and go to state 261


State 207

  105 expr: expr '(' expr_index • ')'
  106     | expr '(' expr_index • ',' expr_index ')'

    ','  shift, and go to state 262
    ')'  shift, and go to state 263


State 208

   26 dimension: '[' expr • ']'
   27          | '[' expr • ']' '[' expr ']'
   67 expr: expr • '+' expr
   68     | expr • '*' expr
   69     | expr • '-' expr
   70     | expr • '/' expr
   79     | expr • '\''
  103     | expr • '^' expr
  104     | expr • '[' expr_index ']'
  105     | expr • '(' expr_index ')'
  106     | expr • '(' expr_index ',' expr_index ')'

    '+'   shift, and go to state 124
    '-'   shift, and go to state 125
    '*'   shift, and go to state 126
    '/'   shift, and go to state 127
    '^'   shift, and go to state 128
    '\''  shift, and go to state 129
    '['   shift, and go to state 130
    '('   shift, and go to state 131
    ']'   shift, and go to state 264


State 209

   17 equ_or_in: TK_EQU •

    $default  reduce using rule 17 (equ_or_in)


State 210

   18 equ_or_in: TK_IN •

    $default  reduce using rule 18 (equ_or_in)


State 211

   13 decl_cst: TK_NEW_SYMBOL dimension equ_or_in • expr
   28 interval: • '[' expr ',' expr ']'
   67 expr: • expr '+' expr
   68     | • expr '*' expr
   69     | • expr '-' expr
   70     | • expr '/' expr
   71     | • TK_MAX '(' expr_row ')'
   72     | • TK_MIN '(' expr_row ')'
   74     | • TK_SUM '(' TK_NEW_SYMBOL TK_EQU expr ':' expr ',' $@6 expr ')'
   75     | • TK_ATAN2 '(' expr ',' expr ')'
   76     | • '-' expr
   77     | • TK_ABS '(' expr ')'
   78     | • TK_SIGN '(' expr ')'
   79     | • expr '\''
   80     | • TK_SQRT '(' expr ')'
   81     | • TK_SQR '(' expr ')'
   82     | • TK_POW '(' expr ',' expr ')'
   83     | • TK_EXPO '(' expr ')'
   84     | • TK_LOG '(' expr ')'
   85     | • TK_COS '(' expr ')'
   86     | • TK_SIN '(' expr ')'
   87     | • TK_TAN '(' expr ')'
   88     | • TK_ACOS '(' expr ')'
   89     | • TK_ASIN '(' expr ')'
   90     | • TK_ATAN '(' expr ')'
   91     | • TK_COSH '(' expr ')'
   92     | • TK_SINH '(' expr ')'
   93     | • TK_TANH '(' expr ')'
   94     | • TK_ACOSH '(' expr ')'
   95     | • TK_ASINH '(' expr ')'
   96     | • TK_ATANH '(' expr ')'
   97     | • TK_FLOOR '(' expr ')'
   98     | • TK_CEIL '(' expr ')'
   99     | • TK_CHI '(' expr ',' expr ',' expr ')'
  100     | • '+' expr
  101     | • '(' expr ')'
  102     | • '<' expr ',' expr '>'
  103     | • expr '^' expr
  104     | • expr '[' expr_index ']'
  105     | • expr '(' expr_index ')'
  106     | • expr '(' expr_index ',' expr_index ')'
  107     | • '(' expr_row ')'
  108     | • '(' expr_col ')'
  109     | • TK_ENTITY
  110     | • TK_ITERATOR
  111     | • TK_EXPR_TMP_SYMBOL
  112     | • TK_CONSTANT
  113     | • TK_FUNC_SYMBOL '(' expr ')'
  114     | • TK_FUNC_SYMBOL '(' expr_row ')'
  115     | • TK_FLOAT
  116     | • TK_PI
  117     | • TK_INFINITY
  118     | • TK_INT_CST
  119     | • interval
  120     | • TK_INF '(' expr ')'
  121     | • TK_MID '(' expr ')'
  122     | • TK_SUP '(' expr ')'
  123     | • TK_DIFF '(' expr_row ')'
  124     | • TK_UNARY_OP '(' expr ')'
  125     | • TK_BINARY_OP '(' expr ',' expr ')'

    TK_CONSTANT         shift, and go to state 7
    TK_FUNC_SYMBOL      shift, and go to state 9
    TK_EXPR_TMP_SYMBOL  shift, and go to state 10
    TK_ENTITY           shift, and go to state 11
    TK_ITERATOR         shift, and go to state 12
    TK_UNARY_OP         shift, and go to state 13
    TK_BINARY_OP        shift, and go to state 14
    TK_INT_CST          shift, and go to state 15
    TK_FLOAT            shift, and go to state 16
    TK_PI               shift, and go to state 17
    TK_INFINITY         shift, and go to state 18
    TK_DIFF             shift, and go to state 19
    TK_MIN              shift, and go to state 20
    TK_MAX              shift, and go to state 21
    TK_INF              shift, and go to state 22
    TK_MID              shift, and go to state 23
    TK_SUP              shift, and go to state 24
    TK_SIGN             shift, and go to state 25
    TK_ABS              shift, and go to state 26
    TK_SUM              shift, and go to state 27
    TK_SQRT             shift, and go to state 28
    TK_SQR              shift, and go to state 29
    TK_POW              shift, and go to state 30
    TK_EXPO             shift, and go to state 31
    TK_LOG              shift, and go to state 32
    TK_COS              shift, and go to state 33
    TK_SIN              shift, and go to state 34
    TK_TAN              shift, and go to state 35
    TK_ACOS             shift, and go to state 36
    TK_ASIN             shift, and go to state 37
    TK_ATAN             shift, and go to state 38
    TK_ATAN2            shift, and go to state 39
    TK_COSH             shift, and go to state 40
    TK_SINH             shift, and go to state 41
    TK_TANH             shift, and go to state 42
    TK_ACOSH            shift, and go to state 43
    TK_ASINH            shift, and go to state 44
    TK_ATANH            shift, and go to state 45
    TK_FLOOR            shift, and go to state 46
    TK_CEIL             shift, and go to state 47
    TK_CHI              shift, and go to state 49
    '<'                 shift, and go to state 51
    '+'                 shift, and go to state 52
    '-'                 shift, and go to state 53
    '['                 shift, and go to state 54
    '('                 shift, and go to state 105

    interval  go to state 57
    expr      go to state 265


State 212

   14 decl_cst: '*' TK_NEW_SYMBOL dimension • equ_or_in expr
   17 equ_or_in: • TK_EQU
   18          | • TK_IN

    TK_EQU  shift, and go to state 209
    TK_IN   shift, and go to state 210

    equ_or_in  go to state 266


State 213

   12 decl_cst_list: decl_cst_list ';' decl_cst •

    $default  reduce using rule 12 (decl_cst_list)


State 214

   22 decl_var: TK_NEW_SYMBOL • dimension
   23         | TK_NEW_SYMBOL • dimension TK_IN expr
   24         | TK_NEW_SYMBOL • dimension decl_var_integer TK_IN expr
   25 dimension: ε •  [TK_INTEGER, TK_IN, TK_INT, ';', ',']
   26          | • '[' expr ']'
   27          | • '[' expr ']' '[' expr ']'

    '['  shift, and go to state 132

    $default  reduce using rule 25 (dimension)

    dimension  go to state 267


State 215

    5 system_or_func: TK_VARS decl_var_list • ';' decl_opt_fncs decl_opt_goal decl_opt_ctrs
   20 decl_var_list: decl_var_list • ';' decl_var
   21              | decl_var_list • ',' decl_var

    ';'  shift, and go to state 268
    ','  shift, and go to state 269


State 216

   19 decl_var_list: decl_var •

    $default  reduce using rule 19 (decl_var_list)


State 217

   32 function: TK_FUNCTION $@3 • TK_NEW_SYMBOL '(' fnc_inpt_list ')' fnc_code TK_RETURN expr semicolon_opt TK_END

    TK_NEW_SYMBOL  shift, and go to state 270


State 218

  113 expr: TK_FUNC_SYMBOL '(' expr ')' •

    $default  reduce using rule 113 (expr)


State 219

  114 expr: TK_FUNC_SYMBOL '(' expr_row ')' •

    $default  reduce using rule 114 (expr)


State 220

  124 expr: TK_UNARY_OP '(' expr ')' •

    $default  reduce using rule 124 (expr)


State 221

   28 interval: • '[' expr ',' expr ']'
   67 expr: • expr '+' expr
   68     | • expr '*' expr
   69     | • expr '-' expr
   70     | • expr '/' expr
   71     | • TK_MAX '(' expr_row ')'
   72     | • TK_MIN '(' expr_row ')'
   74     | • TK_SUM '(' TK_NEW_SYMBOL TK_EQU expr ':' expr ',' $@6 expr ')'
   75     | • TK_ATAN2 '(' expr ',' expr ')'
   76     | • '-' expr
   77     | • TK_ABS '(' expr ')'
   78     | • TK_SIGN '(' expr ')'
   79     | • expr '\''
   80     | • TK_SQRT '(' expr ')'
   81     | • TK_SQR '(' expr ')'
   82     | • TK_POW '(' expr ',' expr ')'
   83     | • TK_EXPO '(' expr ')'
   84     | • TK_LOG '(' expr ')'
   85     | • TK_COS '(' expr ')'
   86     | • TK_SIN '(' expr ')'
   87     | • TK_TAN '(' expr ')'
   88     | • TK_ACOS '(' expr ')'
   89     | • TK_ASIN '(' expr ')'
   90     | • TK_ATAN '(' expr ')'
   91     | • TK_COSH '(' expr ')'
   92     | • TK_SINH '(' expr ')'
   93     | • TK_TANH '(' expr ')'
   94     | • TK_ACOSH '(' expr ')'
   95     | • TK_ASINH '(' expr ')'
   96     | • TK_ATANH '(' expr ')'
   97     | • TK_FLOOR '(' expr ')'
   98     | • TK_CEIL '(' expr ')'
   99     | • TK_CHI '(' expr ',' expr ',' expr ')'
  100     | • '+' expr
  101     | • '(' expr ')'
  102     | • '<' expr ',' expr '>'
  103     | • expr '^' expr
  104     | • expr '[' expr_index ']'
  105     | • expr '(' expr_index ')'
  106     | • expr '(' expr_index ',' expr_index ')'
  107     | • '(' expr_row ')'
  108     | • '(' expr_col ')'
  109     | • TK_ENTITY
  110     | • TK_ITERATOR
  111     | • TK_EXPR_TMP_SYMBOL
  112     | • TK_CONSTANT
  113     | • TK_FUNC_SYMBOL '(' expr ')'
  114     | • TK_FUNC_SYMBOL '(' expr_row ')'
  115     | • TK_FLOAT
  116     | • TK_PI
  117     | • TK_INFINITY
  118     | • TK_INT_CST
  119     | • interval
  120     | • TK_INF '(' expr ')'
  121     | • TK_MID '(' expr ')'
  122     | • TK_SUP '(' expr ')'
  123     | • TK_DIFF '(' expr_row ')'
  124     | • TK_UNARY_OP '(' expr ')'
  125     | • TK_BINARY_OP '(' expr ',' expr ')'
  125     | TK_BINARY_OP '(' expr ',' • expr ')'

    TK_CONSTANT         shift, and go to state 7
    TK_FUNC_SYMBOL      shift, and go to state 9
    TK_EXPR_TMP_SYMBOL  shift, and go to state 10
    TK_ENTITY           shift, and go to state 11
    TK_ITERATOR         shift, and go to state 12
    TK_UNARY_OP         shift, and go to state 13
    TK_BINARY_OP        shift, and go to state 14
    TK_INT_CST          shift, and go to state 15
    TK_FLOAT            shift, and go to state 16
    TK_PI               shift, and go to state 17
    TK_INFINITY         shift, and go to state 18
    TK_DIFF             shift, and go to state 19
    TK_MIN              shift, and go to state 20
    TK_MAX              shift, and go to state 21
    TK_INF              shift, and go to state 22
    TK_MID              shift, and go to state 23
    TK_SUP              shift, and go to state 24
    TK_SIGN             shift, and go to state 25
    TK_ABS              shift, and go to state 26
    TK_SUM              shift, and go to state 27
    TK_SQRT             shift, and go to state 28
    TK_SQR              shift, and go to state 29
    TK_POW              shift, and go to state 30
    TK_EXPO             shift, and go to state 31
    TK_LOG              shift, and go to state 32
    TK_COS              shift, and go to state 33
    TK_SIN              shift, and go to state 34
    TK_TAN              shift, and go to state 35
    TK_ACOS             shift, and go to state 36
    TK_ASIN             shift, and go to state 37
    TK_ATAN             shift, and go to state 38
    TK_ATAN2            shift, and go to state 39
    TK_COSH             shift, and go to state 40
    TK_SINH             shift, and go to state 41
    TK_TANH             shift, and go to state 42
    TK_ACOSH            shift, and go to state 43
    TK_ASINH            shift, and go to state 44
    TK_ATANH            shift, and go to state 45
    TK_FLOOR            shift, and go to state 46
    TK_CEIL             shift, and go to state 47
    TK_CHI              shift, and go to state 49
    '<'                 shift, and go to state 51
    '+'                 shift, and go to state 52
    '-'                 shift, and go to state 53
    '['                 shift, and go to state 54
    '('                 shift, and go to state 105

    interval  go to state 57
    expr      go to state 271


State 222

  123 expr: TK_DIFF '(' expr_row ')' •

    $default  reduce using rule 123 (expr)


State 223

   72 expr: TK_MIN '(' expr_row ')' •

    $default  reduce using rule 72 (expr)


State 224

   71 expr: TK_MAX '(' expr_row ')' •

    $default  reduce using rule 71 (expr)


State 225

  120 expr: TK_INF '(' expr ')' •

    $default  reduce using rule 120 (expr)


State 226

  121 expr: TK_MID '(' expr ')' •

    $default  reduce using rule 121 (expr)


State 227

  122 expr: TK_SUP '(' expr ')' •

    $default  reduce using rule 122 (expr)


State 228

   78 expr: TK_SIGN '(' expr ')' •

    $default  reduce using rule 78 (expr)


State 229

   77 expr: TK_ABS '(' expr ')' •

    $default  reduce using rule 77 (expr)


State 230

   28 interval: • '[' expr ',' expr ']'
   67 expr: • expr '+' expr
   68     | • expr '*' expr
   69     | • expr '-' expr
   70     | • expr '/' expr
   71     | • TK_MAX '(' expr_row ')'
   72     | • TK_MIN '(' expr_row ')'
   74     | • TK_SUM '(' TK_NEW_SYMBOL TK_EQU expr ':' expr ',' $@6 expr ')'
   74     | TK_SUM '(' TK_NEW_SYMBOL TK_EQU • expr ':' expr ',' $@6 expr ')'
   75     | • TK_ATAN2 '(' expr ',' expr ')'
   76     | • '-' expr
   77     | • TK_ABS '(' expr ')'
   78     | • TK_SIGN '(' expr ')'
   79     | • expr '\''
   80     | • TK_SQRT '(' expr ')'
   81     | • TK_SQR '(' expr ')'
   82     | • TK_POW '(' expr ',' expr ')'
   83     | • TK_EXPO '(' expr ')'
   84     | • TK_LOG '(' expr ')'
   85     | • TK_COS '(' expr ')'
   86     | • TK_SIN '(' expr ')'
   87     | • TK_TAN '(' expr ')'
   88     | • TK_ACOS '(' expr ')'
   89     | • TK_ASIN '(' expr ')'
   90     | • TK_ATAN '(' expr ')'
   91     | • TK_COSH '(' expr ')'
   92     | • TK_SINH '(' expr ')'
   93     | • TK_TANH '(' expr ')'
   94     | • TK_ACOSH '(' expr ')'
   95     | • TK_ASINH '(' expr ')'
   96     | • TK_ATANH '(' expr ')'
   97     | • TK_FLOOR '(' expr ')'
   98     | • TK_CEIL '(' expr ')'
   99     | • TK_CHI '(' expr ',' expr ',' expr ')'
  100     | • '+' expr
  101     | • '(' expr ')'
  102     | • '<' expr ',' expr '>'
  103     | • expr '^' expr
  104     | • expr '[' expr_index ']'
  105     | • expr '(' expr_index ')'
  106     | • expr '(' expr_index ',' expr_index ')'
  107     | • '(' expr_row ')'
  108     | • '(' expr_col ')'
  109     | • TK_ENTITY
  110     | • TK_ITERATOR
  111     | • TK_EXPR_TMP_SYMBOL
  112     | • TK_CONSTANT
  113     | • TK_FUNC_SYMBOL '(' expr ')'
  114     | • TK_FUNC_SYMBOL '(' expr_row ')'
  115     | • TK_FLOAT
  116     | • TK_PI
  117     | • TK_INFINITY
  118     | • TK_INT_CST
  119     | • interval
  120     | • TK_INF '(' expr ')'
  121     | • TK_MID '(' expr ')'
  122     | • TK_SUP '(' expr ')'
  123     | • TK_DIFF '(' expr_row ')'
  124     | • TK_UNARY_OP '(' expr ')'
  125     | • TK_BINARY_OP '(' expr ',' expr ')'

    TK_CONSTANT         shift, and go to state 7
    TK_FUNC_SYMBOL      shift, and go to state 9
    TK_EXPR_TMP_SYMBOL  shift, and go to state 10
    TK_ENTITY           shift, and go to state 11
    TK_ITERATOR         shift, and go to state 12
    TK_UNARY_OP         shift, and go to state 13
    TK_BINARY_OP        shift, and go to state 14
    TK_INT_CST          shift, and go to state 15
    TK_FLOAT            shift, and go to state 16
    TK_PI               shift, and go to state 17
    TK_INFINITY         shift, and go to state 18
    TK_DIFF             shift, and go to state 19
    TK_MIN              shift, and go to state 20
    TK_MAX              shift, and go to state 21
    TK_INF              shift, and go to state 22
    TK_MID              shift, and go to state 23
    TK_SUP              shift, and go to state 24
    TK_SIGN             shift, and go to state 25
    TK_ABS              shift, and go to state 26
    TK_SUM              shift, and go to state 27
    TK_SQRT             shift, and go to state 28
    TK_SQR              shift, and go to state 29
    TK_POW              shift, and go to state 30
    TK_EXPO             shift, and go to state 31
    TK_LOG              shift, and go to state 32
    TK_COS              shift, and go to state 33
    TK_SIN              shift, and go to state 34
    TK_TAN              shift, and go to state 35
    TK_ACOS             shift, and go to state 36
    TK_ASIN             shift, and go to state 37
    TK_ATAN             shift, and go to state 38
    TK_ATAN2            shift, and go to state 39
    TK_COSH             shift, and go to state 40
    TK_SINH             shift, and go to state 41
    TK_TANH             shift, and go to state 42
    TK_ACOSH            shift, and go to state 43
    TK_ASINH            shift, and go to state 44
    TK_ATANH            shift, and go to state 45
    TK_FLOOR            shift, and go to state 46
    TK_CEIL             shift, and go to state 47
    TK_CHI              shift, and go to state 49
    '<'                 shift, and go to state 51
    '+'                 shift, and go to state 52
    '-'                 shift, and go to state 53
    '['                 shift, and go to state 54
    '('                 shift, and go to state 105

    interval  go to state 57
    expr      go to state 272


State 231

   80 expr: TK_SQRT '(' expr ')' •

    $default  reduce using rule 80 (expr)


State 232

   81 expr: TK_SQR '(' expr ')' •

    $default  reduce using rule 81 (expr)


State 233

   28 interval: • '[' expr ',' expr ']'
   67 expr: • expr '+' expr
   68     | • expr '*' expr
   69     | • expr '-' expr
   70     | • expr '/' expr
   71     | • TK_MAX '(' expr_row ')'
   72     | • TK_MIN '(' expr_row ')'
   74     | • TK_SUM '(' TK_NEW_SYMBOL TK_EQU expr ':' expr ',' $@6 expr ')'
   75     | • TK_ATAN2 '(' expr ',' expr ')'
   76     | • '-' expr
   77     | • TK_ABS '(' expr ')'
   78     | • TK_SIGN '(' expr ')'
   79     | • expr '\''
   80     | • TK_SQRT '(' expr ')'
   81     | • TK_SQR '(' expr ')'
   82     | • TK_POW '(' expr ',' expr ')'
   82     | TK_POW '(' expr ',' • expr ')'
   83     | • TK_EXPO '(' expr ')'
   84     | • TK_LOG '(' expr ')'
   85     | • TK_COS '(' expr ')'
   86     | • TK_SIN '(' expr ')'
   87     | • TK_TAN '(' expr ')'
   88     | • TK_ACOS '(' expr ')'
   89     | • TK_ASIN '(' expr ')'
   90     | • TK_ATAN '(' expr ')'
   91     | • TK_COSH '(' expr ')'
   92     | • TK_SINH '(' expr ')'
   93     | • TK_TANH '(' expr ')'
   94     | • TK_ACOSH '(' expr ')'
   95     | • TK_ASINH '(' expr ')'
   96     | • TK_ATANH '(' expr ')'
   97     | • TK_FLOOR '(' expr ')'
   98     | • TK_CEIL '(' expr ')'
   99     | • TK_CHI '(' expr ',' expr ',' expr ')'
  100     | • '+' expr
  101     | • '(' expr ')'
  102     | • '<' expr ',' expr '>'
  103     | • expr '^' expr
  104     | • expr '[' expr_index ']'
  105     | • expr '(' expr_index ')'
  106     | • expr '(' expr_index ',' expr_index ')'
  107     | • '(' expr_row ')'
  108     | • '(' expr_col ')'
  109     | • TK_ENTITY
  110     | • TK_ITERATOR
  111     | • TK_EXPR_TMP_SYMBOL
  112     | • TK_CONSTANT
  113     | • TK_FUNC_SYMBOL '(' expr ')'
  114     | • TK_FUNC_SYMBOL '(' expr_row ')'
  115     | • TK_FLOAT
  116     | • TK_PI
  117     | • TK_INFINITY
  118     | • TK_INT_CST
  119     | • interval
  120     | • TK_INF '(' expr ')'
  121     | • TK_MID '(' expr ')'
  122     | • TK_SUP '(' expr ')'
  123     | • TK_DIFF '(' expr_row ')'
  124     | • TK_UNARY_OP '(' expr ')'
  125     | • TK_BINARY_OP '(' expr ',' expr ')'

    TK_CONSTANT         shift, and go to state 7
    TK_FUNC_SYMBOL      shift, and go to state 9
    TK_EXPR_TMP_SYMBOL  shift, and go to state 10
    TK_ENTITY           shift, and go to state 11
    TK_ITERATOR         shift, and go to state 12
    TK_UNARY_OP         shift, and go to state 13
    TK_BINARY_OP        shift, and go to state 14
    TK_INT_CST          shift, and go to state 15
    TK_FLOAT            shift, and go to state 16
    TK_PI               shift, and go to state 17
    TK_INFINITY         shift, and go to state 18
    TK_DIFF             shift, and go to state 19
    TK_MIN              shift, and go to state 20
    TK_MAX              shift, and go to state 21
    TK_INF              shift, and go to state 22
    TK_MID              shift, and go to state 23
    TK_SUP              shift, and go to state 24
    TK_SIGN             shift, and go to state 25
    TK_ABS              shift, and go to state 26
    TK_SUM              shift, and go to state 27
    TK_SQRT             shift, and go to state 28
    TK_SQR              shift, and go to state 29
    TK_POW              shift, and go to state 30
    TK_EXPO             shift, and go to state 31
    TK_LOG              shift, and go to state 32
    TK_COS              shift, and go to state 33
    TK_SIN              shift, and go to state 34
    TK_TAN              shift, and go to state 35
    TK_ACOS             shift, and go to state 36
    TK_ASIN             shift, and go to state 37
    TK_ATAN             shift, and go to state 38
    TK_ATAN2            shift, and go to state 39
    TK_COSH             shift, and go to state 40
    TK_SINH             shift, and go to state 41
    TK_TANH             shift, and go to state 42
    TK_ACOSH            shift, and go to state 43
    TK_ASINH            shift, and go to state 44
    TK_ATANH            shift, and go to state 45
    TK_FLOOR            shift, and go to state 46
    TK_CEIL             shift, and go to state 47
    TK_CHI              shift, and go to state 49
    '<'                 shift, and go to state 51
    '+'                 shift, and go to state 52
    '-'                 shift, and go to state 53
    '['                 shift, and go to state 54
    '('                 shift, and go to state 105

    interval  go to state 57
    expr      go to state 273


State 234

   83 expr: TK_EXPO '(' expr ')' •

    $default  reduce using rule 83 (expr)


State 235

   84 expr: TK_LOG '(' expr ')' •

    $default  reduce using rule 84 (expr)


State 236

   85 expr: TK_COS '(' expr ')' •

    $default  reduce using rule 85 (expr)


State 237

   86 expr: TK_SIN '(' expr ')' •

    $default  reduce using rule 86 (expr)


State 238

   87 expr: TK_TAN '(' expr ')' •

    $default  reduce using rule 87 (expr)


State 239

   88 expr: TK_ACOS '(' expr ')' •

    $default  reduce using rule 88 (expr)


State 240

   89 expr: TK_ASIN '(' expr ')' •

    $default  reduce using rule 89 (expr)


State 241

   90 expr: TK_ATAN '(' expr ')' •

    $default  reduce using rule 90 (expr)


State 242

   28 interval: • '[' expr ',' expr ']'
   67 expr: • expr '+' expr
   68     | • expr '*' expr
   69     | • expr '-' expr
   70     | • expr '/' expr
   71     | • TK_MAX '(' expr_row ')'
   72     | • TK_MIN '(' expr_row ')'
   74     | • TK_SUM '(' TK_NEW_SYMBOL TK_EQU expr ':' expr ',' $@6 expr ')'
   75     | • TK_ATAN2 '(' expr ',' expr ')'
   75     | TK_ATAN2 '(' expr ',' • expr ')'
   76     | • '-' expr
   77     | • TK_ABS '(' expr ')'
   78     | • TK_SIGN '(' expr ')'
   79     | • expr '\''
   80     | • TK_SQRT '(' expr ')'
   81     | • TK_SQR '(' expr ')'
   82     | • TK_POW '(' expr ',' expr ')'
   83     | • TK_EXPO '(' expr ')'
   84     | • TK_LOG '(' expr ')'
   85     | • TK_COS '(' expr ')'
   86     | • TK_SIN '(' expr ')'
   87     | • TK_TAN '(' expr ')'
   88     | • TK_ACOS '(' expr ')'
   89     | • TK_ASIN '(' expr ')'
   90     | • TK_ATAN '(' expr ')'
   91     | • TK_COSH '(' expr ')'
   92     | • TK_SINH '(' expr ')'
   93     | • TK_TANH '(' expr ')'
   94     | • TK_ACOSH '(' expr ')'
   95     | • TK_ASINH '(' expr ')'
   96     | • TK_ATANH '(' expr ')'
   97     | • TK_FLOOR '(' expr ')'
   98     | • TK_CEIL '(' expr ')'
   99     | • TK_CHI '(' expr ',' expr ',' expr ')'
  100     | • '+' expr
  101     | • '(' expr ')'
  102     | • '<' expr ',' expr '>'
  103     | • expr '^' expr
  104     | • expr '[' expr_index ']'
  105     | • expr '(' expr_index ')'
  106     | • expr '(' expr_index ',' expr_index ')'
  107     | • '(' expr_row ')'
  108     | • '(' expr_col ')'
  109     | • TK_ENTITY
  110     | • TK_ITERATOR
  111     | • TK_EXPR_TMP_SYMBOL
  112     | • TK_CONSTANT
  113     | • TK_FUNC_SYMBOL '(' expr ')'
  114     | • TK_FUNC_SYMBOL '(' expr_row ')'
  115     | • TK_FLOAT
  116     | • TK_PI
  117     | • TK_INFINITY
  118     | • TK_INT_CST
  119     | • interval
  120     | • TK_INF '(' expr ')'
  121     | • TK_MID '(' expr ')'
  122     | • TK_SUP '(' expr ')'
  123     | • TK_DIFF '(' expr_row ')'
  124     | • TK_UNARY_OP '(' expr ')'
  125     | • TK_BINARY_OP '(' expr ',' expr ')'

    TK_CONSTANT         shift, and go to state 7
    TK_FUNC_SYMBOL      shift, and go to state 9
    TK_EXPR_TMP_SYMBOL  shift, and go to state 10
    TK_ENTITY           shift, and go to state 11
    TK_ITERATOR         shift, and go to state 12
    TK_UNARY_OP         shift, and go to state 13
    TK_BINARY_OP        shift, and go to state 14
    TK_INT_CST          shift, and go to state 15
    TK_FLOAT            shift, and go to state 16
    TK_PI               shift, and go to state 17
    TK_INFINITY         shift, and go to state 18
    TK_DIFF             shift, and go to state 19
    TK_MIN              shift, and go to state 20
    TK_MAX              shift, and go to state 21
    TK_INF              shift, and go to state 22
    TK_MID              shift, and go to state 23
    TK_SUP              shift, and go to state 24
    TK_SIGN             shift, and go to state 25
    TK_ABS              shift, and go to state 26
    TK_SUM              shift, and go to state 27
    TK_SQRT             shift, and go to state 28
    TK_SQR              shift, and go to state 29
    TK_POW              shift, and go to state 30
    TK_EXPO             shift, and go to state 31
    TK_LOG              shift, and go to state 32
    TK_COS              shift, and go to state 33
    TK_SIN              shift, and go to state 34
    TK_TAN              shift, and go to state 35
    TK_ACOS             shift, and go to state 36
    TK_ASIN             shift, and go to state 37
    TK_ATAN             shift, and go to state 38
    TK_ATAN2            shift, and go to state 39
    TK_COSH             shift, and go to state 40
    TK_SINH             shift, and go to state 41
    TK_TANH             shift, and go to state 42
    TK_ACOSH            shift, and go to state 43
    TK_ASINH            shift, and go to state 44
    TK_ATANH            shift, and go to state 45
    TK_FLOOR            shift, and go to state 46
    TK_CEIL             shift, and go to state 47
    TK_CHI              shift, and go to state 49
    '<'                 shift, and go to state 51
    '+'                 shift, and go to state 52
    '-'                 shift, and go to state 53
    '['                 shift, and go to state 54
    '('                 shift, and go to state 105

    interval  go to state 57
    expr      go to state 274


State 243

   91 expr: TK_COSH '(' expr ')' •

    $default  reduce using rule 91 (expr)


State 244

   92 expr: TK_SINH '(' expr ')' •

    $default  reduce using rule 92 (expr)


State 245

   93 expr: TK_TANH '(' expr ')' •

    $default  reduce using rule 93 (expr)


State 246

   94 expr: TK_ACOSH '(' expr ')' •

    $default  reduce using rule 94 (expr)


State 247

   95 expr: TK_ASINH '(' expr ')' •

    $default  reduce using rule 95 (expr)


State 248

   96 expr: TK_ATANH '(' expr ')' •

    $default  reduce using rule 96 (expr)


State 249

   97 expr: TK_FLOOR '(' expr ')' •

    $default  reduce using rule 97 (expr)


State 250

   98 expr: TK_CEIL '(' expr ')' •

    $default  reduce using rule 98 (expr)


State 251

   64 ctr: TK_INTEGER '(' expr ')' •

    $default  reduce using rule 64 (ctr)


State 252

   28 interval: • '[' expr ',' expr ']'
   67 expr: • expr '+' expr
   68     | • expr '*' expr
   69     | • expr '-' expr
   70     | • expr '/' expr
   71     | • TK_MAX '(' expr_row ')'
   72     | • TK_MIN '(' expr_row ')'
   74     | • TK_SUM '(' TK_NEW_SYMBOL TK_EQU expr ':' expr ',' $@6 expr ')'
   75     | • TK_ATAN2 '(' expr ',' expr ')'
   76     | • '-' expr
   77     | • TK_ABS '(' expr ')'
   78     | • TK_SIGN '(' expr ')'
   79     | • expr '\''
   80     | • TK_SQRT '(' expr ')'
   81     | • TK_SQR '(' expr ')'
   82     | • TK_POW '(' expr ',' expr ')'
   83     | • TK_EXPO '(' expr ')'
   84     | • TK_LOG '(' expr ')'
   85     | • TK_COS '(' expr ')'
   86     | • TK_SIN '(' expr ')'
   87     | • TK_TAN '(' expr ')'
   88     | • TK_ACOS '(' expr ')'
   89     | • TK_ASIN '(' expr ')'
   90     | • TK_ATAN '(' expr ')'
   91     | • TK_COSH '(' expr ')'
   92     | • TK_SINH '(' expr ')'
   93     | • TK_TANH '(' expr ')'
   94     | • TK_ACOSH '(' expr ')'
   95     | • TK_ASINH '(' expr ')'
   96     | • TK_ATANH '(' expr ')'
   97     | • TK_FLOOR '(' expr ')'
   98     | • TK_CEIL '(' expr ')'
   99     | • TK_CHI '(' expr ',' expr ',' expr ')'
   99     | TK_CHI '(' expr ',' • expr ',' expr ')'
  100     | • '+' expr
  101     | • '(' expr ')'
  102     | • '<' expr ',' expr '>'
  103     | • expr '^' expr
  104     | • expr '[' expr_index ']'
  105     | • expr '(' expr_index ')'
  106     | • expr '(' expr_index ',' expr_index ')'
  107     | • '(' expr_row ')'
  108     | • '(' expr_col ')'
  109     | • TK_ENTITY
  110     | • TK_ITERATOR
  111     | • TK_EXPR_TMP_SYMBOL
  112     | • TK_CONSTANT
  113     | • TK_FUNC_SYMBOL '(' expr ')'
  114     | • TK_FUNC_SYMBOL '(' expr_row ')'
  115     | • TK_FLOAT
  116     | • TK_PI
  117     | • TK_INFINITY
  118     | • TK_INT_CST
  119     | • interval
  120     | • TK_INF '(' expr ')'
  121     | • TK_MID '(' expr ')'
  122     | • TK_SUP '(' expr ')'
  123     | • TK_DIFF '(' expr_row ')'
  124     | • TK_UNARY_OP '(' expr ')'
  125     | • TK_BINARY_OP '(' expr ',' expr ')'

    TK_CONSTANT         shift, and go to state 7
    TK_FUNC_SYMBOL      shift, and go to state 9
    TK_EXPR_TMP_SYMBOL  shift, and go to state 10
    TK_ENTITY           shift, and go to state 11
    TK_ITERATOR         shift, and go to state 12
    TK_UNARY_OP         shift, and go to state 13
    TK_BINARY_OP        shift, and go to state 14
    TK_INT_CST          shift, and go to state 15
    TK_FLOAT            shift, and go to state 16
    TK_PI               shift, and go to state 17
    TK_INFINITY         shift, and go to state 18
    TK_DIFF             shift, and go to state 19
    TK_MIN              shift, and go to state 20
    TK_MAX              shift, and go to state 21
    TK_INF              shift, and go to state 22
    TK_MID              shift, and go to state 23
    TK_SUP              shift, and go to state 24
    TK_SIGN             shift, and go to state 25
    TK_ABS              shift, and go to state 26
    TK_SUM              shift, and go to state 27
    TK_SQRT             shift, and go to state 28
    TK_SQR              shift, and go to state 29
    TK_POW              shift, and go to state 30
    TK_EXPO             shift, and go to state 31
    TK_LOG              shift, and go to state 32
    TK_COS              shift, and go to state 33
    TK_SIN              shift, and go to state 34
    TK_TAN              shift, and go to state 35
    TK_ACOS             shift, and go to state 36
    TK_ASIN             shift, and go to state 37
    TK_ATAN             shift, and go to state 38
    TK_ATAN2            shift, and go to state 39
    TK_COSH             shift, and go to state 40
    TK_SINH             shift, and go to state 41
    TK_TANH             shift, and go to state 42
    TK_ACOSH            shift, and go to state 43
    TK_ASINH            shift, and go to state 44
    TK_ATANH            shift, and go to state 45
    TK_FLOOR            shift, and go to state 46
    TK_CEIL             shift, and go to state 47
    TK_CHI              shift, and go to state 49
    '<'                 shift, and go to state 51
    '+'                 shift, and go to state 52
    '-'                 shift, and go to state 53
    '['                 shift, and go to state 54
    '('                 shift, and go to state 105

    interval  go to state 57
    expr      go to state 275


State 253

   57 ctr_loop: TK_FOR TK_NEW_SYMBOL TK_EQU expr • ':' expr ';' $@5 ctr_blk_list TK_END
   67 expr: expr • '+' expr
   68     | expr • '*' expr
   69     | expr • '-' expr
   70     | expr • '/' expr
   79     | expr • '\''
  103     | expr • '^' expr
  104     | expr • '[' expr_index ']'
  105     | expr • '(' expr_index ')'
  106     | expr • '(' expr_index ',' expr_index ')'

    '+'   shift, and go to state 124
    '-'   shift, and go to state 125
    '*'   shift, and go to state 126
    '/'   shift, and go to state 127
    '^'   shift, and go to state 128
    '\''  shift, and go to state 129
    '['   shift, and go to state 130
    '('   shift, and go to state 131
    ':'   shift, and go to state 276


State 254

   67 expr: expr • '+' expr
   68     | expr • '*' expr
   69     | expr • '-' expr
   70     | expr • '/' expr
   79     | expr • '\''
  102     | '<' expr ',' expr • '>'
  103     | expr • '^' expr
  104     | expr • '[' expr_index ']'
  105     | expr • '(' expr_index ')'
  106     | expr • '(' expr_index ',' expr_index ')'

    '>'   shift, and go to state 277
    '+'   shift, and go to state 124
    '-'   shift, and go to state 125
    '*'   shift, and go to state 126
    '/'   shift, and go to state 127
    '^'   shift, and go to state 128
    '\''  shift, and go to state 129
    '['   shift, and go to state 130
    '('   shift, and go to state 131


State 255

   28 interval: '[' expr ',' expr • ']'
   67 expr: expr • '+' expr
   68     | expr • '*' expr
   69     | expr • '-' expr
   70     | expr • '/' expr
   79     | expr • '\''
  103     | expr • '^' expr
  104     | expr • '[' expr_index ']'
  105     | expr • '(' expr_index ')'
  106     | expr • '(' expr_index ',' expr_index ')'

    '+'   shift, and go to state 124
    '-'   shift, and go to state 125
    '*'   shift, and go to state 126
    '/'   shift, and go to state 127
    '^'   shift, and go to state 128
    '\''  shift, and go to state 129
    '['   shift, and go to state 130
    '('   shift, and go to state 131
    ']'   shift, and go to state 278


State 256

   67 expr: expr • '+' expr
   68     | expr • '*' expr
   69     | expr • '-' expr
   70     | expr • '/' expr
   79     | expr • '\''
  103     | expr • '^' expr
  104     | expr • '[' expr_index ']'
  105     | expr • '(' expr_index ')'
  106     | expr • '(' expr_index ',' expr_index ')'
  129 expr_col: expr ';' expr •  [';', ')']

    '+'   shift, and go to state 124
    '-'   shift, and go to state 125
    '*'   shift, and go to state 126
    '/'   shift, and go to state 127
    '^'   shift, and go to state 128
    '\''  shift, and go to state 129
    '['   shift, and go to state 130
    '('   shift, and go to state 131

    $default  reduce using rule 129 (expr_col)


State 257

   67 expr: expr • '+' expr
   68     | expr • '*' expr
   69     | expr • '-' expr
   70     | expr • '/' expr
   79     | expr • '\''
  103     | expr • '^' expr
  104     | expr • '[' expr_index ']'
  105     | expr • '(' expr_index ')'
  106     | expr • '(' expr_index ',' expr_index ')'
  127 expr_row: expr ',' expr •  [',', ')']

    '+'   shift, and go to state 124
    '-'   shift, and go to state 125
    '*'   shift, and go to state 126
    '/'   shift, and go to state 127
    '^'   shift, and go to state 128
    '\''  shift, and go to state 129
    '['   shift, and go to state 130
    '('   shift, and go to state 131

    $default  reduce using rule 127 (expr_row)


State 258

   67 expr: expr • '+' expr
   68     | expr • '*' expr
   69     | expr • '-' expr
   70     | expr • '/' expr
   79     | expr • '\''
  103     | expr • '^' expr
  104     | expr • '[' expr_index ']'
  105     | expr • '(' expr_index ')'
  106     | expr • '(' expr_index ',' expr_index ')'
  126 expr_row: expr_row ',' expr •  [',', ')']

    '+'   shift, and go to state 124
    '-'   shift, and go to state 125
    '*'   shift, and go to state 126
    '/'   shift, and go to state 127
    '^'   shift, and go to state 128
    '\''  shift, and go to state 129
    '['   shift, and go to state 130
    '('   shift, and go to state 131

    $default  reduce using rule 126 (expr_row)


State 259

   67 expr: expr • '+' expr
   68     | expr • '*' expr
   69     | expr • '-' expr
   70     | expr • '/' expr
   79     | expr • '\''
  103     | expr • '^' expr
  104     | expr • '[' expr_index ']'
  105     | expr • '(' expr_index ')'
  106     | expr • '(' expr_index ',' expr_index ')'
  128 expr_col: expr_col ';' expr •  [';', ')']

    '+'   shift, and go to state 124
    '-'   shift, and go to state 125
    '*'   shift, and go to state 126
    '/'   shift, and go to state 127
    '^'   shift, and go to state 128
    '\''  shift, and go to state 129
    '['   shift, and go to state 130
    '('   shift, and go to state 131

    $default  reduce using rule 128 (expr_col)


State 260

   28 interval: • '[' expr ',' expr ']'
   67 expr: • expr '+' expr
   68     | • expr '*' expr
   69     | • expr '-' expr
   70     | • expr '/' expr
   71     | • TK_MAX '(' expr_row ')'
   72     | • TK_MIN '(' expr_row ')'
   74     | • TK_SUM '(' TK_NEW_SYMBOL TK_EQU expr ':' expr ',' $@6 expr ')'
   75     | • TK_ATAN2 '(' expr ',' expr ')'
   76     | • '-' expr
   77     | • TK_ABS '(' expr ')'
   78     | • TK_SIGN '(' expr ')'
   79     | • expr '\''
   80     | • TK_SQRT '(' expr ')'
   81     | • TK_SQR '(' expr ')'
   82     | • TK_POW '(' expr ',' expr ')'
   83     | • TK_EXPO '(' expr ')'
   84     | • TK_LOG '(' expr ')'
   85     | • TK_COS '(' expr ')'
   86     | • TK_SIN '(' expr ')'
   87     | • TK_TAN '(' expr ')'
   88     | • TK_ACOS '(' expr ')'
   89     | • TK_ASIN '(' expr ')'
   90     | • TK_ATAN '(' expr ')'
   91     | • TK_COSH '(' expr ')'
   92     | • TK_SINH '(' expr ')'
   93     | • TK_TANH '(' expr ')'
   94     | • TK_ACOSH '(' expr ')'
   95     | • TK_ASINH '(' expr ')'
   96     | • TK_ATANH '(' expr ')'
   97     | • TK_FLOOR '(' expr ')'
   98     | • TK_CEIL '(' expr ')'
   99     | • TK_CHI '(' expr ',' expr ',' expr ')'
  100     | • '+' expr
  101     | • '(' expr ')'
  102     | • '<' expr ',' expr '>'
  103     | • expr '^' expr
  104     | • expr '[' expr_index ']'
  105     | • expr '(' expr_index ')'
  106     | • expr '(' expr_index ',' expr_index ')'
  107     | • '(' expr_row ')'
  108     | • '(' expr_col ')'
  109     | • TK_ENTITY
  110     | • TK_ITERATOR
  111     | • TK_EXPR_TMP_SYMBOL
  112     | • TK_CONSTANT
  113     | • TK_FUNC_SYMBOL '(' expr ')'
  114     | • TK_FUNC_SYMBOL '(' expr_row ')'
  115     | • TK_FLOAT
  116     | • TK_PI
  117     | • TK_INFINITY
  118     | • TK_INT_CST
  119     | • interval
  120     | • TK_INF '(' expr ')'
  121     | • TK_MID '(' expr ')'
  122     | • TK_SUP '(' expr ')'
  123     | • TK_DIFF '(' expr_row ')'
  124     | • TK_UNARY_OP '(' expr ')'
  125     | • TK_BINARY_OP '(' expr ',' expr ')'
  132 expr_index: expr ':' • expr

    TK_CONSTANT         shift, and go to state 7
    TK_FUNC_SYMBOL      shift, and go to state 9
    TK_EXPR_TMP_SYMBOL  shift, and go to state 10
    TK_ENTITY           shift, and go to state 11
    TK_ITERATOR         shift, and go to state 12
    TK_UNARY_OP         shift, and go to state 13
    TK_BINARY_OP        shift, and go to state 14
    TK_INT_CST          shift, and go to state 15
    TK_FLOAT            shift, and go to state 16
    TK_PI               shift, and go to state 17
    TK_INFINITY         shift, and go to state 18
    TK_DIFF             shift, and go to state 19
    TK_MIN              shift, and go to state 20
    TK_MAX              shift, and go to state 21
    TK_INF              shift, and go to state 22
    TK_MID              shift, and go to state 23
    TK_SUP              shift, and go to state 24
    TK_SIGN             shift, and go to state 25
    TK_ABS              shift, and go to state 26
    TK_SUM              shift, and go to state 27
    TK_SQRT             shift, and go to state 28
    TK_SQR              shift, and go to state 29
    TK_POW              shift, and go to state 30
    TK_EXPO             shift, and go to state 31
    TK_LOG              shift, and go to state 32
    TK_COS              shift, and go to state 33
    TK_SIN              shift, and go to state 34
    TK_TAN              shift, and go to state 35
    TK_ACOS             shift, and go to state 36
    TK_ASIN             shift, and go to state 37
    TK_ATAN             shift, and go to state 38
    TK_ATAN2            shift, and go to state 39
    TK_COSH             shift, and go to state 40
    TK_SINH             shift, and go to state 41
    TK_TANH             shift, and go to state 42
    TK_ACOSH            shift, and go to state 43
    TK_ASINH            shift, and go to state 44
    TK_ATANH            shift, and go to state 45
    TK_FLOOR            shift, and go to state 46
    TK_CEIL             shift, and go to state 47
    TK_CHI              shift, and go to state 49
    '<'                 shift, and go to state 51
    '+'                 shift, and go to state 52
    '-'                 shift, and go to state 53
    '['                 shift, and go to state 54
    '('                 shift, and go to state 105

    interval  go to state 57
    expr      go to state 279


State 261

  104 expr: expr '[' expr_index ']' •

    $default  reduce using rule 104 (expr)


State 262

   28 interval: • '[' expr ',' expr ']'
   67 expr: • expr '+' expr
   68     | • expr '*' expr
   69     | • expr '-' expr
   70     | • expr '/' expr
   71     | • TK_MAX '(' expr_row ')'
   72     | • TK_MIN '(' expr_row ')'
   74     | • TK_SUM '(' TK_NEW_SYMBOL TK_EQU expr ':' expr ',' $@6 expr ')'
   75     | • TK_ATAN2 '(' expr ',' expr ')'
   76     | • '-' expr
   77     | • TK_ABS '(' expr ')'
   78     | • TK_SIGN '(' expr ')'
   79     | • expr '\''
   80     | • TK_SQRT '(' expr ')'
   81     | • TK_SQR '(' expr ')'
   82     | • TK_POW '(' expr ',' expr ')'
   83     | • TK_EXPO '(' expr ')'
   84     | • TK_LOG '(' expr ')'
   85     | • TK_COS '(' expr ')'
   86     | • TK_SIN '(' expr ')'
   87     | • TK_TAN '(' expr ')'
   88     | • TK_ACOS '(' expr ')'
   89     | • TK_ASIN '(' expr ')'
   90     | • TK_ATAN '(' expr ')'
   91     | • TK_COSH '(' expr ')'
   92     | • TK_SINH '(' expr ')'
   93     | • TK_TANH '(' expr ')'
   94     | • TK_ACOSH '(' expr ')'
   95     | • TK_ASINH '(' expr ')'
   96     | • TK_ATANH '(' expr ')'
   97     | • TK_FLOOR '(' expr ')'
   98     | • TK_CEIL '(' expr ')'
   99     | • TK_CHI '(' expr ',' expr ',' expr ')'
  100     | • '+' expr
  101     | • '(' expr ')'
  102     | • '<' expr ',' expr '>'
  103     | • expr '^' expr
  104     | • expr '[' expr_index ']'
  105     | • expr '(' expr_index ')'
  106     | • expr '(' expr_index ',' expr_index ')'
  106     | expr '(' expr_index ',' • expr_index ')'
  107     | • '(' expr_row ')'
  108     | • '(' expr_col ')'
  109     | • TK_ENTITY
  110     | • TK_ITERATOR
  111     | • TK_EXPR_TMP_SYMBOL
  112     | • TK_CONSTANT
  113     | • TK_FUNC_SYMBOL '(' expr ')'
  114     | • TK_FUNC_SYMBOL '(' expr_row ')'
  115     | • TK_FLOAT
  116     | • TK_PI
  117     | • TK_INFINITY
  118     | • TK_INT_CST
  119     | • interval
  120     | • TK_INF '(' expr ')'
  121     | • TK_MID '(' expr ')'
  122     | • TK_SUP '(' expr ')'
  123     | • TK_DIFF '(' expr_row ')'
  124     | • TK_UNARY_OP '(' expr ')'
  125     | • TK_BINARY_OP '(' expr ',' expr ')'
  130 expr_index: • ':'
  131           | • expr
  132           | • expr ':' expr

    TK_CONSTANT         shift, and go to state 7
    TK_FUNC_SYMBOL      shift, and go to state 9
    TK_EXPR_TMP_SYMBOL  shift, and go to state 10
    TK_ENTITY           shift, and go to state 11
    TK_ITERATOR         shift, and go to state 12
    TK_UNARY_OP         shift, and go to state 13
    TK_BINARY_OP        shift, and go to state 14
    TK_INT_CST          shift, and go to state 15
    TK_FLOAT            shift, and go to state 16
    TK_PI               shift, and go to state 17
    TK_INFINITY         shift, and go to state 18
    TK_DIFF             shift, and go to state 19
    TK_MIN              shift, and go to state 20
    TK_MAX              shift, and go to state 21
    TK_INF              shift, and go to state 22
    TK_MID              shift, and go to state 23
    TK_SUP              shift, and go to state 24
    TK_SIGN             shift, and go to state 25
    TK_ABS              shift, and go to state 26
    TK_SUM              shift, and go to state 27
    TK_SQRT             shift, and go to state 28
    TK_SQR              shift, and go to state 29
    TK_POW              shift, and go to state 30
    TK_EXPO             shift, and go to state 31
    TK_LOG              shift, and go to state 32
    TK_COS              shift, and go to state 33
    TK_SIN              shift, and go to state 34
    TK_TAN              shift, and go to state 35
    TK_ACOS             shift, and go to state 36
    TK_ASIN             shift, and go to state 37
    TK_ATAN             shift, and go to state 38
    TK_ATAN2            shift, and go to state 39
    TK_COSH             shift, and go to state 40
    TK_SINH             shift, and go to state 41
    TK_TANH             shift, and go to state 42
    TK_ACOSH            shift, and go to state 43
    TK_ASINH            shift, and go to state 44
    TK_ATANH            shift, and go to state 45
    TK_FLOOR            shift, and go to state 46
    TK_CEIL             shift, and go to state 47
    TK_CHI              shift, and go to state 49
    '<'                 shift, and go to state 51
    '+'                 shift, and go to state 52
    '-'                 shift, and go to state 53
    '['                 shift, and go to state 54
    '('                 shift, and go to state 105
    ':'                 shift, and go to state 204

    interval    go to state 57
    expr        go to state 205
    expr_index  go to state 280


State 263

  105 expr: expr '(' expr_index ')' •

    $default  reduce using rule 105 (expr)


State 264

   26 dimension: '[' expr ']' •  [TK_INTEGER, TK_EQU, TK_IN, TK_INT, ';', ',', ')']
   27          | '[' expr ']' • '[' expr ']'

    '['  shift, and go to state 281

    $default  reduce using rule 26 (dimension)


State 265

   13 decl_cst: TK_NEW_SYMBOL dimension equ_or_in expr •  [';']
   67 expr: expr • '+' expr
   68     | expr • '*' expr
   69     | expr • '-' expr
   70     | expr • '/' expr
   79     | expr • '\''
  103     | expr • '^' expr
  104     | expr • '[' expr_index ']'
  105     | expr • '(' expr_index ')'
  106     | expr • '(' expr_index ',' expr_index ')'

    '+'   shift, and go to state 124
    '-'   shift, and go to state 125
    '*'   shift, and go to state 126
    '/'   shift, and go to state 127
    '^'   shift, and go to state 128
    '\''  shift, and go to state 129
    '['   shift, and go to state 130
    '('   shift, and go to state 131

    $default  reduce using rule 13 (decl_cst)


State 266

   14 decl_cst: '*' TK_NEW_SYMBOL dimension equ_or_in • expr
   28 interval: • '[' expr ',' expr ']'
   67 expr: • expr '+' expr
   68     | • expr '*' expr
   69     | • expr '-' expr
   70     | • expr '/' expr
   71     | • TK_MAX '(' expr_row ')'
   72     | • TK_MIN '(' expr_row ')'
   74     | • TK_SUM '(' TK_NEW_SYMBOL TK_EQU expr ':' expr ',' $@6 expr ')'
   75     | • TK_ATAN2 '(' expr ',' expr ')'
   76     | • '-' expr
   77     | • TK_ABS '(' expr ')'
   78     | • TK_SIGN '(' expr ')'
   79     | • expr '\''
   80     | • TK_SQRT '(' expr ')'
   81     | • TK_SQR '(' expr ')'
   82     | • TK_POW '(' expr ',' expr ')'
   83     | • TK_EXPO '(' expr ')'
   84     | • TK_LOG '(' expr ')'
   85     | • TK_COS '(' expr ')'
   86     | • TK_SIN '(' expr ')'
   87     | • TK_TAN '(' expr ')'
   88     | • TK_ACOS '(' expr ')'
   89     | • TK_ASIN '(' expr ')'
   90     | • TK_ATAN '(' expr ')'
   91     | • TK_COSH '(' expr ')'
   92     | • TK_SINH '(' expr ')'
   93     | • TK_TANH '(' expr ')'
   94     | • TK_ACOSH '(' expr ')'
   95     | • TK_ASINH '(' expr ')'
   96     | • TK_ATANH '(' expr ')'
   97     | • TK_FLOOR '(' expr ')'
   98     | • TK_CEIL '(' expr ')'
   99     | • TK_CHI '(' expr ',' expr ',' expr ')'
  100     | • '+' expr
  101     | • '(' expr ')'
  102     | • '<' expr ',' expr '>'
  103     | • expr '^' expr
  104     | • expr '[' expr_index ']'
  105     | • expr '(' expr_index ')'
  106     | • expr '(' expr_index ',' expr_index ')'
  107     | • '(' expr_row ')'
  108     | • '(' expr_col ')'
  109     | • TK_ENTITY
  110     | • TK_ITERATOR
  111     | • TK_EXPR_TMP_SYMBOL
  112     | • TK_CONSTANT
  113     | • TK_FUNC_SYMBOL '(' expr ')'
  114     | • TK_FUNC_SYMBOL '(' expr_row ')'
  115     | • TK_FLOAT
  116     | • TK_PI
  117     | • TK_INFINITY
  118     | • TK_INT_CST
  119     | • interval
  120     | • TK_INF '(' expr ')'
  121     | • TK_MID '(' expr ')'
  122     | • TK_SUP '(' expr ')'
  123     | • TK_DIFF '(' expr_row ')'
  124     | • TK_UNARY_OP '(' expr ')'
  125     | • TK_BINARY_OP '(' expr ',' expr ')'

    TK_CONSTANT         shift, and go to state 7
    TK_FUNC_SYMBOL      shift, and go to state 9
    TK_EXPR_TMP_SYMBOL  shift, and go to state 10
    TK_ENTITY           shift, and go to state 11
    TK_ITERATOR         shift, and go to state 12
    TK_UNARY_OP         shift, and go to state 13
    TK_BINARY_OP        shift, and go to state 14
    TK_INT_CST          shift, and go to state 15
    TK_FLOAT            shift, and go to state 16
    TK_PI               shift, and go to state 17
    TK_INFINITY         shift, and go to state 18
    TK_DIFF             shift, and go to state 19
    TK_MIN              shift, and go to state 20
    TK_MAX              shift, and go to state 21
    TK_INF              shift, and go to state 22
    TK_MID              shift, and go to state 23
    TK_SUP              shift, and go to state 24
    TK_SIGN             shift, and go to state 25
    TK_ABS              shift, and go to state 26
    TK_SUM              shift, and go to state 27
    TK_SQRT             shift, and go to state 28
    TK_SQR              shift, and go to state 29
    TK_POW              shift, and go to state 30
    TK_EXPO             shift, and go to state 31
    TK_LOG              shift, and go to state 32
    TK_COS              shift, and go to state 33
    TK_SIN              shift, and go to state 34
    TK_TAN              shift, and go to state 35
    TK_ACOS             shift, and go to state 36
    TK_ASIN             shift, and go to state 37
    TK_ATAN             shift, and go to state 38
    TK_ATAN2            shift, and go to state 39
    TK_COSH             shift, and go to state 40
    TK_SINH             shift, and go to state 41
    TK_TANH             shift, and go to state 42
    TK_ACOSH            shift, and go to state 43
    TK_ASINH            shift, and go to state 44
    TK_ATANH            shift, and go to state 45
    TK_FLOOR            shift, and go to state 46
    TK_CEIL             shift, and go to state 47
    TK_CHI              shift, and go to state 49
    '<'                 shift, and go to state 51
    '+'                 shift, and go to state 52
    '-'                 shift, and go to state 53
    '['                 shift, and go to state 54
    '('                 shift, and go to state 105

    interval  go to state 57
    expr      go to state 282


State 267

   15 decl_var_integer: • TK_INT
   16                 | • TK_INTEGER
   22 decl_var: TK_NEW_SYMBOL dimension •  [';', ',']
   23         | TK_NEW_SYMBOL dimension • TK_IN expr
   24         | TK_NEW_SYMBOL dimension • decl_var_integer TK_IN expr

    TK_INTEGER  shift, and go to state 283
    TK_IN       shift, and go to state 284
    TK_INT      shift, and go to state 285

    $default  reduce using rule 22 (decl_var)

    decl_var_integer  go to state 286


State 268

    5 system_or_func: TK_VARS decl_var_list ';' • decl_opt_fncs decl_opt_goal decl_opt_ctrs
   20 decl_var_list: decl_var_list ';' • decl_var
   22 decl_var: • TK_NEW_SYMBOL dimension
   23         | • TK_NEW_SYMBOL dimension TK_IN expr
   24         | • TK_NEW_SYMBOL dimension decl_var_integer TK_IN expr
   29 decl_opt_fncs: • decl_opt_fncs function
   30              | ε •  [$end, TK_FUNCTION, TK_CTRS, TK_MINIMIZE]

    TK_NEW_SYMBOL  shift, and go to state 214

    $default  reduce using rule 30 (decl_opt_fncs)

    decl_var       go to state 287
    decl_opt_fncs  go to state 288


State 269

   21 decl_var_list: decl_var_list ',' • decl_var
   22 decl_var: • TK_NEW_SYMBOL dimension
   23         | • TK_NEW_SYMBOL dimension TK_IN expr
   24         | • TK_NEW_SYMBOL dimension decl_var_integer TK_IN expr

    TK_NEW_SYMBOL  shift, and go to state 214

    decl_var  go to state 289


State 270

   32 function: TK_FUNCTION $@3 TK_NEW_SYMBOL • '(' fnc_inpt_list ')' fnc_code TK_RETURN expr semicolon_opt TK_END

    '('  shift, and go to state 290


State 271

   67 expr: expr • '+' expr
   68     | expr • '*' expr
   69     | expr • '-' expr
   70     | expr • '/' expr
   79     | expr • '\''
  103     | expr • '^' expr
  104     | expr • '[' expr_index ']'
  105     | expr • '(' expr_index ')'
  106     | expr • '(' expr_index ',' expr_index ')'
  125     | TK_BINARY_OP '(' expr ',' expr • ')'

    '+'   shift, and go to state 124
    '-'   shift, and go to state 125
    '*'   shift, and go to state 126
    '/'   shift, and go to state 127
    '^'   shift, and go to state 128
    '\''  shift, and go to state 129
    '['   shift, and go to state 130
    '('   shift, and go to state 131
    ')'   shift, and go to state 291


State 272

   67 expr: expr • '+' expr
   68     | expr • '*' expr
   69     | expr • '-' expr
   70     | expr • '/' expr
   74     | TK_SUM '(' TK_NEW_SYMBOL TK_EQU expr • ':' expr ',' $@6 expr ')'
   79     | expr • '\''
  103     | expr • '^' expr
  104     | expr • '[' expr_index ']'
  105     | expr • '(' expr_index ')'
  106     | expr • '(' expr_index ',' expr_index ')'

    '+'   shift, and go to state 124
    '-'   shift, and go to state 125
    '*'   shift, and go to state 126
    '/'   shift, and go to state 127
    '^'   shift, and go to state 128
    '\''  shift, and go to state 129
    '['   shift, and go to state 130
    '('   shift, and go to state 131
    ':'   shift, and go to state 292


State 273

   67 expr: expr • '+' expr
   68     | expr • '*' expr
   69     | expr • '-' expr
   70     | expr • '/' expr
   79     | expr • '\''
   82     | TK_POW '(' expr ',' expr • ')'
  103     | expr • '^' expr
  104     | expr • '[' expr_index ']'
  105     | expr • '(' expr_index ')'
  106     | expr • '(' expr_index ',' expr_index ')'

    '+'   shift, and go to state 124
    '-'   shift, and go to state 125
    '*'   shift, and go to state 126
    '/'   shift, and go to state 127
    '^'   shift, and go to state 128
    '\''  shift, and go to state 129
    '['   shift, and go to state 130
    '('   shift, and go to state 131
    ')'   shift, and go to state 293


State 274

   67 expr: expr • '+' expr
   68     | expr • '*' expr
   69     | expr • '-' expr
   70     | expr • '/' expr
   75     | TK_ATAN2 '(' expr ',' expr • ')'
   79     | expr • '\''
  103     | expr • '^' expr
  104     | expr • '[' expr_index ']'
  105     | expr • '(' expr_index ')'
  106     | expr • '(' expr_index ',' expr_index ')'

    '+'   shift, and go to state 124
    '-'   shift, and go to state 125
    '*'   shift, and go to state 126
    '/'   shift, and go to state 127
    '^'   shift, and go to state 128
    '\''  shift, and go to state 129
    '['   shift, and go to state 130
    '('   shift, and go to state 131
    ')'   shift, and go to state 294


State 275

   67 expr: expr • '+' expr
   68     | expr • '*' expr
   69     | expr • '-' expr
   70     | expr • '/' expr
   79     | expr • '\''
   99     | TK_CHI '(' expr ',' expr • ',' expr ')'
  103     | expr • '^' expr
  104     | expr • '[' expr_index ']'
  105     | expr • '(' expr_index ')'
  106     | expr • '(' expr_index ',' expr_index ')'

    '+'   shift, and go to state 124
    '-'   shift, and go to state 125
    '*'   shift, and go to state 126
    '/'   shift, and go to state 127
    '^'   shift, and go to state 128
    '\''  shift, and go to state 129
    '['   shift, and go to state 130
    '('   shift, and go to state 131
    ','   shift, and go to state 295


State 276

   28 interval: • '[' expr ',' expr ']'
   57 ctr_loop: TK_FOR TK_NEW_SYMBOL TK_EQU expr ':' • expr ';' $@5 ctr_blk_list TK_END
   67 expr: • expr '+' expr
   68     | • expr '*' expr
   69     | • expr '-' expr
   70     | • expr '/' expr
   71     | • TK_MAX '(' expr_row ')'
   72     | • TK_MIN '(' expr_row ')'
   74     | • TK_SUM '(' TK_NEW_SYMBOL TK_EQU expr ':' expr ',' $@6 expr ')'
   75     | • TK_ATAN2 '(' expr ',' expr ')'
   76     | • '-' expr
   77     | • TK_ABS '(' expr ')'
   78     | • TK_SIGN '(' expr ')'
   79     | • expr '\''
   80     | • TK_SQRT '(' expr ')'
   81     | • TK_SQR '(' expr ')'
   82     | • TK_POW '(' expr ',' expr ')'
   83     | • TK_EXPO '(' expr ')'
   84     | • TK_LOG '(' expr ')'
   85     | • TK_COS '(' expr ')'
   86     | • TK_SIN '(' expr ')'
   87     | • TK_TAN '(' expr ')'
   88     | • TK_ACOS '(' expr ')'
   89     | • TK_ASIN '(' expr ')'
   90     | • TK_ATAN '(' expr ')'
   91     | • TK_COSH '(' expr ')'
   92     | • TK_SINH '(' expr ')'
   93     | • TK_TANH '(' expr ')'
   94     | • TK_ACOSH '(' expr ')'
   95     | • TK_ASINH '(' expr ')'
   96     | • TK_ATANH '(' expr ')'
   97     | • TK_FLOOR '(' expr ')'
   98     | • TK_CEIL '(' expr ')'
   99     | • TK_CHI '(' expr ',' expr ',' expr ')'
  100     | • '+' expr
  101     | • '(' expr ')'
  102     | • '<' expr ',' expr '>'
  103     | • expr '^' expr
  104     | • expr '[' expr_index ']'
  105     | • expr '(' expr_index ')'
  106     | • expr '(' expr_index ',' expr_index ')'
  107     | • '(' expr_row ')'
  108     | • '(' expr_col ')'
  109     | • TK_ENTITY
  110     | • TK_ITERATOR
  111     | • TK_EXPR_TMP_SYMBOL
  112     | • TK_CONSTANT
  113     | • TK_FUNC_SYMBOL '(' expr ')'
  114     | • TK_FUNC_SYMBOL '(' expr_row ')'
  115     | • TK_FLOAT
  116     | • TK_PI
  117     | • TK_INFINITY
  118     | • TK_INT_CST
  119     | • interval
  120     | • TK_INF '(' expr ')'
  121     | • TK_MID '(' expr ')'
  122     | • TK_SUP '(' expr ')'
  123     | • TK_DIFF '(' expr_row ')'
  124     | • TK_UNARY_OP '(' expr ')'
  125     | • TK_BINARY_OP '(' expr ',' expr ')'

    TK_CONSTANT         shift, and go to state 7
    TK_FUNC_SYMBOL      shift, and go to state 9
    TK_EXPR_TMP_SYMBOL  shift, and go to state 10
    TK_ENTITY           shift, and go to state 11
    TK_ITERATOR         shift, and go to state 12
    TK_UNARY_OP         shift, and go to state 13
    TK_BINARY_OP        shift, and go to state 14
    TK_INT_CST          shift, and go to state 15
    TK_FLOAT            shift, and go to state 16
    TK_PI               shift, and go to state 17
    TK_INFINITY         shift, and go to state 18
    TK_DIFF             shift, and go to state 19
    TK_MIN              shift, and go to state 20
    TK_MAX              shift, and go to state 21
    TK_INF              shift, and go to state 22
    TK_MID              shift, and go to state 23
    TK_SUP              shift, and go to state 24
    TK_SIGN             shift, and go to state 25
    TK_ABS              shift, and go to state 26
    TK_SUM              shift, and go to state 27
    TK_SQRT             shift, and go to state 28
    TK_SQR              shift, and go to state 29
    TK_POW              shift, and go to state 30
    TK_EXPO             shift, and go to state 31
    TK_LOG              shift, and go to state 32
    TK_COS              shift, and go to state 33
    TK_SIN              shift, and go to state 34
    TK_TAN              shift, and go to state 35
    TK_ACOS             shift, and go to state 36
    TK_ASIN             shift, and go to state 37
    TK_ATAN             shift, and go to state 38
    TK_ATAN2            shift, and go to state 39
    TK_COSH             shift, and go to state 40
    TK_SINH             shift, and go to state 41
    TK_TANH             shift, and go to state 42
    TK_ACOSH            shift, and go to state 43
    TK_ASINH            shift, and go to state 44
    TK_ATANH            shift, and go to state 45
    TK_FLOOR            shift, and go to state 46
    TK_CEIL             shift, and go to state 47
    TK_CHI              shift, and go to state 49
    '<'                 shift, and go to state 51
    '+'                 shift, and go to state 52
    '-'                 shift, and go to state 53
    '['                 shift, and go to state 54
    '('                 shift, and go to state 105

    interval  go to state 57
    expr      go to state 296


State 277

  102 expr: '<' expr ',' expr '>' •

    $default  reduce using rule 102 (expr)


State 278

   28 interval: '[' expr ',' expr ']' •

    $default  reduce using rule 28 (interval)


State 279

   67 expr: expr • '+' expr
   68     | expr • '*' expr
   69     | expr • '-' expr
   70     | expr • '/' expr
   79     | expr • '\''
  103     | expr • '^' expr
  104     | expr • '[' expr_index ']'
  105     | expr • '(' expr_index ')'
  106     | expr • '(' expr_index ',' expr_index ')'
  132 expr_index: expr ':' expr •  [',', ']', ')']

    '+'   shift, and go to state 124
    '-'   shift, and go to state 125
    '*'   shift, and go to state 126
    '/'   shift, and go to state 127
    '^'   shift, and go to state 128
    '\''  shift, and go to state 129
    '['   shift, and go to state 130
    '('   shift, and go to state 131

    $default  reduce using rule 132 (expr_index)


State 280

  106 expr: expr '(' expr_index ',' expr_index • ')'

    ')'  shift, and go to state 297


State 281

   27 dimension: '[' expr ']' '[' • expr ']'
   28 interval: • '[' expr ',' expr ']'
   67 expr: • expr '+' expr
   68     | • expr '*' expr
   69     | • expr '-' expr
   70     | • expr '/' expr
   71     | • TK_MAX '(' expr_row ')'
   72     | • TK_MIN '(' expr_row ')'
   74     | • TK_SUM '(' TK_NEW_SYMBOL TK_EQU expr ':' expr ',' $@6 expr ')'
   75     | • TK_ATAN2 '(' expr ',' expr ')'
   76     | • '-' expr
   77     | • TK_ABS '(' expr ')'
   78     | • TK_SIGN '(' expr ')'
   79     | • expr '\''
   80     | • TK_SQRT '(' expr ')'
   81     | • TK_SQR '(' expr ')'
   82     | • TK_POW '(' expr ',' expr ')'
   83     | • TK_EXPO '(' expr ')'
   84     | • TK_LOG '(' expr ')'
   85     | • TK_COS '(' expr ')'
   86     | • TK_SIN '(' expr ')'
   87     | • TK_TAN '(' expr ')'
   88     | • TK_ACOS '(' expr ')'
   89     | • TK_ASIN '(' expr ')'
   90     | • TK_ATAN '(' expr ')'
   91     | • TK_COSH '(' expr ')'
   92     | • TK_SINH '(' expr ')'
   93     | • TK_TANH '(' expr ')'
   94     | • TK_ACOSH '(' expr ')'
   95     | • TK_ASINH '(' expr ')'
   96     | • TK_ATANH '(' expr ')'
   97     | • TK_FLOOR '(' expr ')'
   98     | • TK_CEIL '(' expr ')'
   99     | • TK_CHI '(' expr ',' expr ',' expr ')'
  100     | • '+' expr
  101     | • '(' expr ')'
  102     | • '<' expr ',' expr '>'
  103     | • expr '^' expr
  104     | • expr '[' expr_index ']'
  105     | • expr '(' expr_index ')'
  106     | • expr '(' expr_index ',' expr_index ')'
  107     | • '(' expr_row ')'
  108     | • '(' expr_col ')'
  109     | • TK_ENTITY
  110     | • TK_ITERATOR
  111     | • TK_EXPR_TMP_SYMBOL
  112     | • TK_CONSTANT
  113     | • TK_FUNC_SYMBOL '(' expr ')'
  114     | • TK_FUNC_SYMBOL '(' expr_row ')'
  115     | • TK_FLOAT
  116     | • TK_PI
  117     | • TK_INFINITY
  118     | • TK_INT_CST
  119     | • interval
  120     | • TK_INF '(' expr ')'
  121     | • TK_MID '(' expr ')'
  122     | • TK_SUP '(' expr ')'
  123     | • TK_DIFF '(' expr_row ')'
  124     | • TK_UNARY_OP '(' expr ')'
  125     | • TK_BINARY_OP '(' expr ',' expr ')'

    TK_CONSTANT         shift, and go to state 7
    TK_FUNC_SYMBOL      shift, and go to state 9
    TK_EXPR_TMP_SYMBOL  shift, and go to state 10
    TK_ENTITY           shift, and go to state 11
    TK_ITERATOR         shift, and go to state 12
    TK_UNARY_OP         shift, and go to state 13
    TK_BINARY_OP        shift, and go to state 14
    TK_INT_CST          shift, and go to state 15
    TK_FLOAT            shift, and go to state 16
    TK_PI               shift, and go to state 17
    TK_INFINITY         shift, and go to state 18
    TK_DIFF             shift, and go to state 19
    TK_MIN              shift, and go to state 20
    TK_MAX              shift, and go to state 21
    TK_INF              shift, and go to state 22
    TK_MID              shift, and go to state 23
    TK_SUP              shift, and go to state 24
    TK_SIGN             shift, and go to state 25
    TK_ABS              shift, and go to state 26
    TK_SUM              shift, and go to state 27
    TK_SQRT             shift, and go to state 28
    TK_SQR              shift, and go to state 29
    TK_POW              shift, and go to state 30
    TK_EXPO             shift, and go to state 31
    TK_LOG              shift, and go to state 32
    TK_COS              shift, and go to state 33
    TK_SIN              shift, and go to state 34
    TK_TAN              shift, and go to state 35
    TK_ACOS             shift, and go to state 36
    TK_ASIN             shift, and go to state 37
    TK_ATAN             shift, and go to state 38
    TK_ATAN2            shift, and go to state 39
    TK_COSH             shift, and go to state 40
    TK_SINH             shift, and go to state 41
    TK_TANH             shift, and go to state 42
    TK_ACOSH            shift, and go to state 43
    TK_ASINH            shift, and go to state 44
    TK_ATANH            shift, and go to state 45
    TK_FLOOR            shift, and go to state 46
    TK_CEIL             shift, and go to state 47
    TK_CHI              shift, and go to state 49
    '<'                 shift, and go to state 51
    '+'                 shift, and go to state 52
    '-'                 shift, and go to state 53
    '['                 shift, and go to state 54
    '('                 shift, and go to state 105

    interval  go to state 57
    expr      go to state 298


State 282

   14 decl_cst: '*' TK_NEW_SYMBOL dimension equ_or_in expr •  [';']
   67 expr: expr • '+' expr
   68     | expr • '*' expr
   69     | expr • '-' expr
   70     | expr • '/' expr
   79     | expr • '\''
  103     | expr • '^' expr
  104     | expr • '[' expr_index ']'
  105     | expr • '(' expr_index ')'
  106     | expr • '(' expr_index ',' expr_index ')'

    '+'   shift, and go to state 124
    '-'   shift, and go to state 125
    '*'   shift, and go to state 126
    '/'   shift, and go to state 127
    '^'   shift, and go to state 128
    '\''  shift, and go to state 129
    '['   shift, and go to state 130
    '('   shift, and go to state 131

    $default  reduce using rule 14 (decl_cst)


State 283

   16 decl_var_integer: TK_INTEGER •

    $default  reduce using rule 16 (decl_var_integer)


State 284

   23 decl_var: TK_NEW_SYMBOL dimension TK_IN • expr
   28 interval: • '[' expr ',' expr ']'
   67 expr: • expr '+' expr
   68     | • expr '*' expr
   69     | • expr '-' expr
   70     | • expr '/' expr
   71     | • TK_MAX '(' expr_row ')'
   72     | • TK_MIN '(' expr_row ')'
   74     | • TK_SUM '(' TK_NEW_SYMBOL TK_EQU expr ':' expr ',' $@6 expr ')'
   75     | • TK_ATAN2 '(' expr ',' expr ')'
   76     | • '-' expr
   77     | • TK_ABS '(' expr ')'
   78     | • TK_SIGN '(' expr ')'
   79     | • expr '\''
   80     | • TK_SQRT '(' expr ')'
   81     | • TK_SQR '(' expr ')'
   82     | • TK_POW '(' expr ',' expr ')'
   83     | • TK_EXPO '(' expr ')'
   84     | • TK_LOG '(' expr ')'
   85     | • TK_COS '(' expr ')'
   86     | • TK_SIN '(' expr ')'
   87     | • TK_TAN '(' expr ')'
   88     | • TK_ACOS '(' expr ')'
   89     | • TK_ASIN '(' expr ')'
   90     | • TK_ATAN '(' expr ')'
   91     | • TK_COSH '(' expr ')'
   92     | • TK_SINH '(' expr ')'
   93     | • TK_TANH '(' expr ')'
   94     | • TK_ACOSH '(' expr ')'
   95     | • TK_ASINH '(' expr ')'
   96     | • TK_ATANH '(' expr ')'
   97     | • TK_FLOOR '(' expr ')'
   98     | • TK_CEIL '(' expr ')'
   99     | • TK_CHI '(' expr ',' expr ',' expr ')'
  100     | • '+' expr
  101     | • '(' expr ')'
  102     | • '<' expr ',' expr '>'
  103     | • expr '^' expr
  104     | • expr '[' expr_index ']'
  105     | • expr '(' expr_index ')'
  106     | • expr '(' expr_index ',' expr_index ')'
  107     | • '(' expr_row ')'
  108     | • '(' expr_col ')'
  109     | • TK_ENTITY
  110     | • TK_ITERATOR
  111     | • TK_EXPR_TMP_SYMBOL
  112     | • TK_CONSTANT
  113     | • TK_FUNC_SYMBOL '(' expr ')'
  114     | • TK_FUNC_SYMBOL '(' expr_row ')'
  115     | • TK_FLOAT
  116     | • TK_PI
  117     | • TK_INFINITY
  118     | • TK_INT_CST
  119     | • interval
  120     | • TK_INF '(' expr ')'
  121     | • TK_MID '(' expr ')'
  122     | • TK_SUP '(' expr ')'
  123     | • TK_DIFF '(' expr_row ')'
  124     | • TK_UNARY_OP '(' expr ')'
  125     | • TK_BINARY_OP '(' expr ',' expr ')'

    TK_CONSTANT         shift, and go to state 7
    TK_FUNC_SYMBOL      shift, and go to state 9
    TK_EXPR_TMP_SYMBOL  shift, and go to state 10
    TK_ENTITY           shift, and go to state 11
    TK_ITERATOR         shift, and go to state 12
    TK_UNARY_OP         shift, and go to state 13
    TK_BINARY_OP        shift, and go to state 14
    TK_INT_CST          shift, and go to state 15
    TK_FLOAT            shift, and go to state 16
    TK_PI               shift, and go to state 17
    TK_INFINITY         shift, and go to state 18
    TK_DIFF             shift, and go to state 19
    TK_MIN              shift, and go to state 20
    TK_MAX              shift, and go to state 21
    TK_INF              shift, and go to state 22
    TK_MID              shift, and go to state 23
    TK_SUP              shift, and go to state 24
    TK_SIGN             shift, and go to state 25
    TK_ABS              shift, and go to state 26
    TK_SUM              shift, and go to state 27
    TK_SQRT             shift, and go to state 28
    TK_SQR              shift, and go to state 29
    TK_POW              shift, and go to state 30
    TK_EXPO             shift, and go to state 31
    TK_LOG              shift, and go to state 32
    TK_COS              shift, and go to state 33
    TK_SIN              shift, and go to state 34
    TK_TAN              shift, and go to state 35
    TK_ACOS             shift, and go to state 36
    TK_ASIN             shift, and go to state 37
    TK_ATAN             shift, and go to state 38
    TK_ATAN2            shift, and go to state 39
    TK_COSH             shift, and go to state 40
    TK_SINH             shift, and go to state 41
    TK_TANH             shift, and go to state 42
    TK_ACOSH            shift, and go to state 43
    TK_ASINH            shift, and go to state 44
    TK_ATANH            shift, and go to state 45
    TK_FLOOR            shift, and go to state 46
    TK_CEIL             shift, and go to state 47
    TK_CHI              shift, and go to state 49
    '<'                 shift, and go to state 51
    '+'                 shift, and go to state 52
    '-'                 shift, and go to state 53
    '['                 shift, and go to state 54
    '('                 shift, and go to state 105

    interval  go to state 57
    expr      go to state 299


State 285

   15 decl_var_integer: TK_INT •

    $default  reduce using rule 15 (decl_var_integer)


State 286

   24 decl_var: TK_NEW_SYMBOL dimension decl_var_integer • TK_IN expr

    TK_IN  shift, and go to state 300


State 287

   20 decl_var_list: decl_var_list ';' decl_var •

    $default  reduce using rule 20 (decl_var_list)


State 288

    5 system_or_func: TK_VARS decl_var_list ';' decl_opt_fncs • decl_opt_goal decl_opt_ctrs
   29 decl_opt_fncs: decl_opt_fncs • function
   32 function: • TK_FUNCTION $@3 TK_NEW_SYMBOL '(' fnc_inpt_list ')' fnc_code TK_RETURN expr semicolon_opt TK_END
   42 decl_opt_goal: ε •  [$end, TK_CTRS]
   43              | • TK_MINIMIZE expr semicolon_opt

    TK_FUNCTION  shift, and go to state 137
    TK_MINIMIZE  shift, and go to state 301

    $default  reduce using rule 42 (decl_opt_goal)

    function       go to state 139
    decl_opt_goal  go to state 302


State 289

   21 decl_var_list: decl_var_list ',' decl_var •

    $default  reduce using rule 21 (decl_var_list)


State 290

   32 function: TK_FUNCTION $@3 TK_NEW_SYMBOL '(' • fnc_inpt_list ')' fnc_code TK_RETURN expr semicolon_opt TK_END
   35 fnc_inpt_list: • fnc_inpt_list ',' fnc_input
   36              | • fnc_input
   37 fnc_input: • TK_NEW_SYMBOL dimension

    TK_NEW_SYMBOL  shift, and go to state 303

    fnc_inpt_list  go to state 304
    fnc_input      go to state 305


State 291

  125 expr: TK_BINARY_OP '(' expr ',' expr ')' •

    $default  reduce using rule 125 (expr)


State 292

   28 interval: • '[' expr ',' expr ']'
   67 expr: • expr '+' expr
   68     | • expr '*' expr
   69     | • expr '-' expr
   70     | • expr '/' expr
   71     | • TK_MAX '(' expr_row ')'
   72     | • TK_MIN '(' expr_row ')'
   74     | • TK_SUM '(' TK_NEW_SYMBOL TK_EQU expr ':' expr ',' $@6 expr ')'
   74     | TK_SUM '(' TK_NEW_SYMBOL TK_EQU expr ':' • expr ',' $@6 expr ')'
   75     | • TK_ATAN2 '(' expr ',' expr ')'
   76     | • '-' expr
   77     | • TK_ABS '(' expr ')'
   78     | • TK_SIGN '(' expr ')'
   79     | • expr '\''
   80     | • TK_SQRT '(' expr ')'
   81     | • TK_SQR '(' expr ')'
   82     | • TK_POW '(' expr ',' expr ')'
   83     | • TK_EXPO '(' expr ')'
   84     | • TK_LOG '(' expr ')'
   85     | • TK_COS '(' expr ')'
   86     | • TK_SIN '(' expr ')'
   87     | • TK_TAN '(' expr ')'
   88     | • TK_ACOS '(' expr ')'
   89     | • TK_ASIN '(' expr ')'
   90     | • TK_ATAN '(' expr ')'
   91     | • TK_COSH '(' expr ')'
   92     | • TK_SINH '(' expr ')'
   93     | • TK_TANH '(' expr ')'
   94     | • TK_ACOSH '(' expr ')'
   95     | • TK_ASINH '(' expr ')'
   96     | • TK_ATANH '(' expr ')'
   97     | • TK_FLOOR '(' expr ')'
   98     | • TK_CEIL '(' expr ')'
   99     | • TK_CHI '(' expr ',' expr ',' expr ')'
  100     | • '+' expr
  101     | • '(' expr ')'
  102     | • '<' expr ',' expr '>'
  103     | • expr '^' expr
  104     | • expr '[' expr_index ']'
  105     | • expr '(' expr_index ')'
  106     | • expr '(' expr_index ',' expr_index ')'
  107     | • '(' expr_row ')'
  108     | • '(' expr_col ')'
  109     | • TK_ENTITY
  110     | • TK_ITERATOR
  111     | • TK_EXPR_TMP_SYMBOL
  112     | • TK_CONSTANT
  113     | • TK_FUNC_SYMBOL '(' expr ')'
  114     | • TK_FUNC_SYMBOL '(' expr_row ')'
  115     | • TK_FLOAT
  116     | • TK_PI
  117     | • TK_INFINITY
  118     | • TK_INT_CST
  119     | • interval
  120     | • TK_INF '(' expr ')'
  121     | • TK_MID '(' expr ')'
  122     | • TK_SUP '(' expr ')'
  123     | • TK_DIFF '(' expr_row ')'
  124     | • TK_UNARY_OP '(' expr ')'
  125     | • TK_BINARY_OP '(' expr ',' expr ')'

    TK_CONSTANT         shift, and go to state 7
    TK_FUNC_SYMBOL      shift, and go to state 9
    TK_EXPR_TMP_SYMBOL  shift, and go to state 10
    TK_ENTITY           shift, and go to state 11
    TK_ITERATOR         shift, and go to state 12
    TK_UNARY_OP         shift, and go to state 13
    TK_BINARY_OP        shift, and go to state 14
    TK_INT_CST          shift, and go to state 15
    TK_FLOAT            shift, and go to state 16
    TK_PI               shift, and go to state 17
    TK_INFINITY         shift, and go to state 18
    TK_DIFF             shift, and go to state 19
    TK_MIN              shift, and go to state 20
    TK_MAX              shift, and go to state 21
    TK_INF              shift, and go to state 22
    TK_MID              shift, and go to state 23
    TK_SUP              shift, and go to state 24
    TK_SIGN             shift, and go to state 25
    TK_ABS              shift, and go to state 26
    TK_SUM              shift, and go to state 27
    TK_SQRT             shift, and go to state 28
    TK_SQR              shift, and go to state 29
    TK_POW              shift, and go to state 30
    TK_EXPO             shift, and go to state 31
    TK_LOG              shift, and go to state 32
    TK_COS              shift, and go to state 33
    TK_SIN              shift, and go to state 34
    TK_TAN              shift, and go to state 35
    TK_ACOS             shift, and go to state 36
    TK_ASIN             shift, and go to state 37
    TK_ATAN             shift, and go to state 38
    TK_ATAN2            shift, and go to state 39
    TK_COSH             shift, and go to state 40
    TK_SINH             shift, and go to state 41
    TK_TANH             shift, and go to state 42
    TK_ACOSH            shift, and go to state 43
    TK_ASINH            shift, and go to state 44
    TK_ATANH            shift, and go to state 45
    TK_FLOOR            shift, and go to state 46
    TK_CEIL             shift, and go to state 47
    TK_CHI              shift, and go to state 49
    '<'                 shift, and go to state 51
    '+'                 shift, and go to state 52
    '-'                 shift, and go to state 53
    '['                 shift, and go to state 54
    '('                 shift, and go to state 105

    interval  go to state 57
    expr      go to state 306


State 293

   82 expr: TK_POW '(' expr ',' expr ')' •

    $default  reduce using rule 82 (expr)


State 294

   75 expr: TK_ATAN2 '(' expr ',' expr ')' •

    $default  reduce using rule 75 (expr)


State 295

   28 interval: • '[' expr ',' expr ']'
   67 expr: • expr '+' expr
   68     | • expr '*' expr
   69     | • expr '-' expr
   70     | • expr '/' expr
   71     | • TK_MAX '(' expr_row ')'
   72     | • TK_MIN '(' expr_row ')'
   74     | • TK_SUM '(' TK_NEW_SYMBOL TK_EQU expr ':' expr ',' $@6 expr ')'
   75     | • TK_ATAN2 '(' expr ',' expr ')'
   76     | • '-' expr
   77     | • TK_ABS '(' expr ')'
   78     | • TK_SIGN '(' expr ')'
   79     | • expr '\''
   80     | • TK_SQRT '(' expr ')'
   81     | • TK_SQR '(' expr ')'
   82     | • TK_POW '(' expr ',' expr ')'
   83     | • TK_EXPO '(' expr ')'
   84     | • TK_LOG '(' expr ')'
   85     | • TK_COS '(' expr ')'
   86     | • TK_SIN '(' expr ')'
   87     | • TK_TAN '(' expr ')'
   88     | • TK_ACOS '(' expr ')'
   89     | • TK_ASIN '(' expr ')'
   90     | • TK_ATAN '(' expr ')'
   91     | • TK_COSH '(' expr ')'
   92     | • TK_SINH '(' expr ')'
   93     | • TK_TANH '(' expr ')'
   94     | • TK_ACOSH '(' expr ')'
   95     | • TK_ASINH '(' expr ')'
   96     | • TK_ATANH '(' expr ')'
   97     | • TK_FLOOR '(' expr ')'
   98     | • TK_CEIL '(' expr ')'
   99     | • TK_CHI '(' expr ',' expr ',' expr ')'
   99     | TK_CHI '(' expr ',' expr ',' • expr ')'
  100     | • '+' expr
  101     | • '(' expr ')'
  102     | • '<' expr ',' expr '>'
  103     | • expr '^' expr
  104     | • expr '[' expr_index ']'
  105     | • expr '(' expr_index ')'
  106     | • expr '(' expr_index ',' expr_index ')'
  107     | • '(' expr_row ')'
  108     | • '(' expr_col ')'
  109     | • TK_ENTITY
  110     | • TK_ITERATOR
  111     | • TK_EXPR_TMP_SYMBOL
  112     | • TK_CONSTANT
  113     | • TK_FUNC_SYMBOL '(' expr ')'
  114     | • TK_FUNC_SYMBOL '(' expr_row ')'
  115     | • TK_FLOAT
  116     | • TK_PI
  117     | • TK_INFINITY
  118     | • TK_INT_CST
  119     | • interval
  120     | • TK_INF '(' expr ')'
  121     | • TK_MID '(' expr ')'
  122     | • TK_SUP '(' expr ')'
  123     | • TK_DIFF '(' expr_row ')'
  124     | • TK_UNARY_OP '(' expr ')'
  125     | • TK_BINARY_OP '(' expr ',' expr ')'

    TK_CONSTANT         shift, and go to state 7
    TK_FUNC_SYMBOL      shift, and go to state 9
    TK_EXPR_TMP_SYMBOL  shift, and go to state 10
    TK_ENTITY           shift, and go to state 11
    TK_ITERATOR         shift, and go to state 12
    TK_UNARY_OP         shift, and go to state 13
    TK_BINARY_OP        shift, and go to state 14
    TK_INT_CST          shift, and go to state 15
    TK_FLOAT            shift, and go to state 16
    TK_PI               shift, and go to state 17
    TK_INFINITY         shift, and go to state 18
    TK_DIFF             shift, and go to state 19
    TK_MIN              shift, and go to state 20
    TK_MAX              shift, and go to state 21
    TK_INF              shift, and go to state 22
    TK_MID              shift, and go to state 23
    TK_SUP              shift, and go to state 24
    TK_SIGN             shift, and go to state 25
    TK_ABS              shift, and go to state 26
    TK_SUM              shift, and go to state 27
    TK_SQRT             shift, and go to state 28
    TK_SQR              shift, and go to state 29
    TK_POW              shift, and go to state 30
    TK_EXPO             shift, and go to state 31
    TK_LOG              shift, and go to state 32
    TK_COS              shift, and go to state 33
    TK_SIN              shift, and go to state 34
    TK_TAN              shift, and go to state 35
    TK_ACOS             shift, and go to state 36
    TK_ASIN             shift, and go to state 37
    TK_ATAN             shift, and go to state 38
    TK_ATAN2            shift, and go to state 39
    TK_COSH             shift, and go to state 40
    TK_SINH             shift, and go to state 41
    TK_TANH             shift, and go to state 42
    TK_ACOSH            shift, and go to state 43
    TK_ASINH            shift, and go to state 44
    TK_ATANH            shift, and go to state 45
    TK_FLOOR            shift, and go to state 46
    TK_CEIL             shift, and go to state 47
    TK_CHI              shift, and go to state 49
    '<'                 shift, and go to state 51
    '+'                 shift, and go to state 52
    '-'                 shift, and go to state 53
    '['                 shift, and go to state 54
    '('                 shift, and go to state 105

    interval  go to state 57
    expr      go to state 307


State 296

   57 ctr_loop: TK_FOR TK_NEW_SYMBOL TK_EQU expr ':' expr • ';' $@5 ctr_blk_list TK_END
   67 expr: expr • '+' expr
   68     | expr • '*' expr
   69     | expr • '-' expr
   70     | expr • '/' expr
   79     | expr • '\''
  103     | expr • '^' expr
  104     | expr • '[' expr_index ']'
  105     | expr • '(' expr_index ')'
  106     | expr • '(' expr_index ',' expr_index ')'

    '+'   shift, and go to state 124
    '-'   shift, and go to state 125
    '*'   shift, and go to state 126
    '/'   shift, and go to state 127
    '^'   shift, and go to state 128
    '\''  shift, and go to state 129
    '['   shift, and go to state 130
    '('   shift, and go to state 131
    ';'   shift, and go to state 308


State 297

  106 expr: expr '(' expr_index ',' expr_index ')' •

    $default  reduce using rule 106 (expr)


State 298

   27 dimension: '[' expr ']' '[' expr • ']'
   67 expr: expr • '+' expr
   68     | expr • '*' expr
   69     | expr • '-' expr
   70     | expr • '/' expr
   79     | expr • '\''
  103     | expr • '^' expr
  104     | expr • '[' expr_index ']'
  105     | expr • '(' expr_index ')'
  106     | expr • '(' expr_index ',' expr_index ')'

    '+'   shift, and go to state 124
    '-'   shift, and go to state 125
    '*'   shift, and go to state 126
    '/'   shift, and go to state 127
    '^'   shift, and go to state 128
    '\''  shift, and go to state 129
    '['   shift, and go to state 130
    '('   shift, and go to state 131
    ']'   shift, and go to state 309


State 299

   23 decl_var: TK_NEW_SYMBOL dimension TK_IN expr •  [';', ',']
   67 expr: expr • '+' expr
   68     | expr • '*' expr
   69     | expr • '-' expr
   70     | expr • '/' expr
   79     | expr • '\''
  103     | expr • '^' expr
  104     | expr • '[' expr_index ']'
  105     | expr • '(' expr_index ')'
  106     | expr • '(' expr_index ',' expr_index ')'

    '+'   shift, and go to state 124
    '-'   shift, and go to state 125
    '*'   shift, and go to state 126
    '/'   shift, and go to state 127
    '^'   shift, and go to state 128
    '\''  shift, and go to state 129
    '['   shift, and go to state 130
    '('   shift, and go to state 131

    $default  reduce using rule 23 (decl_var)


State 300

   24 decl_var: TK_NEW_SYMBOL dimension decl_var_integer TK_IN • expr
   28 interval: • '[' expr ',' expr ']'
   67 expr: • expr '+' expr
   68     | • expr '*' expr
   69     | • expr '-' expr
   70     | • expr '/' expr
   71     | • TK_MAX '(' expr_row ')'
   72     | • TK_MIN '(' expr_row ')'
   74     | • TK_SUM '(' TK_NEW_SYMBOL TK_EQU expr ':' expr ',' $@6 expr ')'
   75     | • TK_ATAN2 '(' expr ',' expr ')'
   76     | • '-' expr
   77     | • TK_ABS '(' expr ')'
   78     | • TK_SIGN '(' expr ')'
   79     | • expr '\''
   80     | • TK_SQRT '(' expr ')'
   81     | • TK_SQR '(' expr ')'
   82     | • TK_POW '(' expr ',' expr ')'
   83     | • TK_EXPO '(' expr ')'
   84     | • TK_LOG '(' expr ')'
   85     | • TK_COS '(' expr ')'
   86     | • TK_SIN '(' expr ')'
   87     | • TK_TAN '(' expr ')'
   88     | • TK_ACOS '(' expr ')'
   89     | • TK_ASIN '(' expr ')'
   90     | • TK_ATAN '(' expr ')'
   91     | • TK_COSH '(' expr ')'
   92     | • TK_SINH '(' expr ')'
   93     | • TK_TANH '(' expr ')'
   94     | • TK_ACOSH '(' expr ')'
   95     | • TK_ASINH '(' expr ')'
   96     | • TK_ATANH '(' expr ')'
   97     | • TK_FLOOR '(' expr ')'
   98     | • TK_CEIL '(' expr ')'
   99     | • TK_CHI '(' expr ',' expr ',' expr ')'
  100     | • '+' expr
  101     | • '(' expr ')'
  102     | • '<' expr ',' expr '>'
  103     | • expr '^' expr
  104     | • expr '[' expr_index ']'
  105     | • expr '(' expr_index ')'
  106     | • expr '(' expr_index ',' expr_index ')'
  107     | • '(' expr_row ')'
  108     | • '(' expr_col ')'
  109     | • TK_ENTITY
  110     | • TK_ITERATOR
  111     | • TK_EXPR_TMP_SYMBOL
  112     | • TK_CONSTANT
  113     | • TK_FUNC_SYMBOL '(' expr ')'
  114     | • TK_FUNC_SYMBOL '(' expr_row ')'
  115     | • TK_FLOAT
  116     | • TK_PI
  117     | • TK_INFINITY
  118     | • TK_INT_CST
  119     | • interval
  120     | • TK_INF '(' expr ')'
  121     | • TK_MID '(' expr ')'
  122     | • TK_SUP '(' expr ')'
  123     | • TK_DIFF '(' expr_row ')'
  124     | • TK_UNARY_OP '(' expr ')'
  125     | • TK_BINARY_OP '(' expr ',' expr ')'

    TK_CONSTANT         shift, and go to state 7
    TK_FUNC_SYMBOL      shift, and go to state 9
    TK_EXPR_TMP_SYMBOL  shift, and go to state 10
    TK_ENTITY           shift, and go to state 11
    TK_ITERATOR         shift, and go to state 12
    TK_UNARY_OP         shift, and go to state 13
    TK_BINARY_OP        shift, and go to state 14
    TK_INT_CST          shift, and go to state 15
    TK_FLOAT            shift, and go to state 16
    TK_PI               shift, and go to state 17
    TK_INFINITY         shift, and go to state 18
    TK_DIFF             shift, and go to state 19
    TK_MIN              shift, and go to state 20
    TK_MAX              shift, and go to state 21
    TK_INF              shift, and go to state 22
    TK_MID              shift, and go to state 23
    TK_SUP              shift, and go to state 24
    TK_SIGN             shift, and go to state 25
    TK_ABS              shift, and go to state 26
    TK_SUM              shift, and go to state 27
    TK_SQRT             shift, and go to state 28
    TK_SQR              shift, and go to state 29
    TK_POW              shift, and go to state 30
    TK_EXPO             shift, and go to state 31
    TK_LOG              shift, and go to state 32
    TK_COS              shift, and go to state 33
    TK_SIN              shift, and go to state 34
    TK_TAN              shift, and go to state 35
    TK_ACOS             shift, and go to state 36
    TK_ASIN             shift, and go to state 37
    TK_ATAN             shift, and go to state 38
    TK_ATAN2            shift, and go to state 39
    TK_COSH             shift, and go to state 40
    TK_SINH             shift, and go to state 41
    TK_TANH             shift, and go to state 42
    TK_ACOSH            shift, and go to state 43
    TK_ASINH            shift, and go to state 44
    TK_ATANH            shift, and go to state 45
    TK_FLOOR            shift, and go to state 46
    TK_CEIL             shift, and go to state 47
    TK_CHI              shift, and go to state 49
    '<'                 shift, and go to state 51
    '+'                 shift, and go to state 52
    '-'                 shift, and go to state 53
    '['                 shift, and go to state 54
    '('                 shift, and go to state 105

    interval  go to state 57
    expr      go to state 310


State 301

   28 interval: • '[' expr ',' expr ']'
   43 decl_opt_goal: TK_MINIMIZE • expr semicolon_opt
   67 expr: • expr '+' expr
   68     | • expr '*' expr
   69     | • expr '-' expr
   70     | • expr '/' expr
   71     | • TK_MAX '(' expr_row ')'
   72     | • TK_MIN '(' expr_row ')'
   74     | • TK_SUM '(' TK_NEW_SYMBOL TK_EQU expr ':' expr ',' $@6 expr ')'
   75     | • TK_ATAN2 '(' expr ',' expr ')'
   76     | • '-' expr
   77     | • TK_ABS '(' expr ')'
   78     | • TK_SIGN '(' expr ')'
   79     | • expr '\''
   80     | • TK_SQRT '(' expr ')'
   81     | • TK_SQR '(' expr ')'
   82     | • TK_POW '(' expr ',' expr ')'
   83     | • TK_EXPO '(' expr ')'
   84     | • TK_LOG '(' expr ')'
   85     | • TK_COS '(' expr ')'
   86     | • TK_SIN '(' expr ')'
   87     | • TK_TAN '(' expr ')'
   88     | • TK_ACOS '(' expr ')'
   89     | • TK_ASIN '(' expr ')'
   90     | • TK_ATAN '(' expr ')'
   91     | • TK_COSH '(' expr ')'
   92     | • TK_SINH '(' expr ')'
   93     | • TK_TANH '(' expr ')'
   94     | • TK_ACOSH '(' expr ')'
   95     | • TK_ASINH '(' expr ')'
   96     | • TK_ATANH '(' expr ')'
   97     | • TK_FLOOR '(' expr ')'
   98     | • TK_CEIL '(' expr ')'
   99     | • TK_CHI '(' expr ',' expr ',' expr ')'
  100     | • '+' expr
  101     | • '(' expr ')'
  102     | • '<' expr ',' expr '>'
  103     | • expr '^' expr
  104     | • expr '[' expr_index ']'
  105     | • expr '(' expr_index ')'
  106     | • expr '(' expr_index ',' expr_index ')'
  107     | • '(' expr_row ')'
  108     | • '(' expr_col ')'
  109     | • TK_ENTITY
  110     | • TK_ITERATOR
  111     | • TK_EXPR_TMP_SYMBOL
  112     | • TK_CONSTANT
  113     | • TK_FUNC_SYMBOL '(' expr ')'
  114     | • TK_FUNC_SYMBOL '(' expr_row ')'
  115     | • TK_FLOAT
  116     | • TK_PI
  117     | • TK_INFINITY
  118     | • TK_INT_CST
  119     | • interval
  120     | • TK_INF '(' expr ')'
  121     | • TK_MID '(' expr ')'
  122     | • TK_SUP '(' expr ')'
  123     | • TK_DIFF '(' expr_row ')'
  124     | • TK_UNARY_OP '(' expr ')'
  125     | • TK_BINARY_OP '(' expr ',' expr ')'

    TK_CONSTANT         shift, and go to state 7
    TK_FUNC_SYMBOL      shift, and go to state 9
    TK_EXPR_TMP_SYMBOL  shift, and go to state 10
    TK_ENTITY           shift, and go to state 11
    TK_ITERATOR         shift, and go to state 12
    TK_UNARY_OP         shift, and go to state 13
    TK_BINARY_OP        shift, and go to state 14
    TK_INT_CST          shift, and go to state 15
    TK_FLOAT            shift, and go to state 16
    TK_PI               shift, and go to state 17
    TK_INFINITY         shift, and go to state 18
    TK_DIFF             shift, and go to state 19
    TK_MIN              shift, and go to state 20
    TK_MAX              shift, and go to state 21
    TK_INF              shift, and go to state 22
    TK_MID              shift, and go to state 23
    TK_SUP              shift, and go to state 24
    TK_SIGN             shift, and go to state 25
    TK_ABS              shift, and go to state 26
    TK_SUM              shift, and go to state 27
    TK_SQRT             shift, and go to state 28
    TK_SQR              shift, and go to state 29
    TK_POW              shift, and go to state 30
    TK_EXPO             shift, and go to state 31
    TK_LOG              shift, and go to state 32
    TK_COS              shift, and go to state 33
    TK_SIN              shift, and go to state 34
    TK_TAN              shift, and go to state 35
    TK_ACOS             shift, and go to state 36
    TK_ASIN             shift, and go to state 37
    TK_ATAN             shift, and go to state 38
    TK_ATAN2            shift, and go to state 39
    TK_COSH             shift, and go to state 40
    TK_SINH             shift, and go to state 41
    TK_TANH             shift, and go to state 42
    TK_ACOSH            shift, and go to state 43
    TK_ASINH            shift, and go to state 44
    TK_ATANH            shift, and go to state 45
    TK_FLOOR            shift, and go to state 46
    TK_CEIL             shift, and go to state 47
    TK_CHI              shift, and go to state 49
    '<'                 shift, and go to state 51
    '+'                 shift, and go to state 52
    '-'                 shift, and go to state 53
    '['                 shift, and go to state 54
    '('                 shift, and go to state 105

    interval  go to state 57
    expr      go to state 311


State 302

    5 system_or_func: TK_VARS decl_var_list ';' decl_opt_fncs decl_opt_goal • decl_opt_ctrs
   44 decl_opt_ctrs: ε •  [$end]
   46              | • TK_CTRS $@4 ctr_blk_list TK_END
   47              | • TK_CTRS semicolon_opt TK_END

    TK_CTRS  shift, and go to state 312

    $default  reduce using rule 44 (decl_opt_ctrs)

    decl_opt_ctrs  go to state 313


State 303

   25 dimension: ε •  [',', ')']
   26          | • '[' expr ']'
   27          | • '[' expr ']' '[' expr ']'
   37 fnc_input: TK_NEW_SYMBOL • dimension

    '['  shift, and go to state 132

    $default  reduce using rule 25 (dimension)

    dimension  go to state 314


State 304

   32 function: TK_FUNCTION $@3 TK_NEW_SYMBOL '(' fnc_inpt_list • ')' fnc_code TK_RETURN expr semicolon_opt TK_END
   35 fnc_inpt_list: fnc_inpt_list • ',' fnc_input

    ','  shift, and go to state 315
    ')'  shift, and go to state 316


State 305

   36 fnc_inpt_list: fnc_input •

    $default  reduce using rule 36 (fnc_inpt_list)


State 306

   67 expr: expr • '+' expr
   68     | expr • '*' expr
   69     | expr • '-' expr
   70     | expr • '/' expr
   74     | TK_SUM '(' TK_NEW_SYMBOL TK_EQU expr ':' expr • ',' $@6 expr ')'
   79     | expr • '\''
  103     | expr • '^' expr
  104     | expr • '[' expr_index ']'
  105     | expr • '(' expr_index ')'
  106     | expr • '(' expr_index ',' expr_index ')'

    '+'   shift, and go to state 124
    '-'   shift, and go to state 125
    '*'   shift, and go to state 126
    '/'   shift, and go to state 127
    '^'   shift, and go to state 128
    '\''  shift, and go to state 129
    '['   shift, and go to state 130
    '('   shift, and go to state 131
    ','   shift, and go to state 317


State 307

   67 expr: expr • '+' expr
   68     | expr • '*' expr
   69     | expr • '-' expr
   70     | expr • '/' expr
   79     | expr • '\''
   99     | TK_CHI '(' expr ',' expr ',' expr • ')'
  103     | expr • '^' expr
  104     | expr • '[' expr_index ']'
  105     | expr • '(' expr_index ')'
  106     | expr • '(' expr_index ',' expr_index ')'

    '+'   shift, and go to state 124
    '-'   shift, and go to state 125
    '*'   shift, and go to state 126
    '/'   shift, and go to state 127
    '^'   shift, and go to state 128
    '\''  shift, and go to state 129
    '['   shift, and go to state 130
    '('   shift, and go to state 131
    ')'   shift, and go to state 318


State 308

   56 $@5: ε •
   57 ctr_loop: TK_FOR TK_NEW_SYMBOL TK_EQU expr ':' expr ';' • $@5 ctr_blk_list TK_END

    $default  reduce using rule 56 ($@5)

    $@5  go to state 319


State 309

   27 dimension: '[' expr ']' '[' expr ']' •

    $default  reduce using rule 27 (dimension)


State 310

   24 decl_var: TK_NEW_SYMBOL dimension decl_var_integer TK_IN expr •  [';', ',']
   67 expr: expr • '+' expr
   68     | expr • '*' expr
   69     | expr • '-' expr
   70     | expr • '/' expr
   79     | expr • '\''
  103     | expr • '^' expr
  104     | expr • '[' expr_index ']'
  105     | expr • '(' expr_index ')'
  106     | expr • '(' expr_index ',' expr_index ')'

    '+'   shift, and go to state 124
    '-'   shift, and go to state 125
    '*'   shift, and go to state 126
    '/'   shift, and go to state 127
    '^'   shift, and go to state 128
    '\''  shift, and go to state 129
    '['   shift, and go to state 130
    '('   shift, and go to state 131

    $default  reduce using rule 24 (decl_var)


State 311

   33 semicolon_opt: • ';'
   34              | ε •  [$end, TK_CTRS]
   43 decl_opt_goal: TK_MINIMIZE expr • semicolon_opt
   67 expr: expr • '+' expr
   68     | expr • '*' expr
   69     | expr • '-' expr
   70     | expr • '/' expr
   79     | expr • '\''
  103     | expr • '^' expr
  104     | expr • '[' expr_index ']'
  105     | expr • '(' expr_index ')'
  106     | expr • '(' expr_index ',' expr_index ')'

    '+'   shift, and go to state 124
    '-'   shift, and go to state 125
    '*'   shift, and go to state 126
    '/'   shift, and go to state 127
    '^'   shift, and go to state 128
    '\''  shift, and go to state 129
    '['   shift, and go to state 130
    '('   shift, and go to state 131
    ';'   shift, and go to state 116

    $default  reduce using rule 34 (semicolon_opt)

    semicolon_opt  go to state 320


State 312

   33 semicolon_opt: • ';'
   34              | ε •  [TK_END]
   45 $@4: ε •  [TK_CONSTANT, TK_NEW_SYMBOL, TK_FUNC_SYMBOL, TK_EXPR_TMP_SYMBOL, TK_ENTITY, TK_ITERATOR, TK_UNARY_OP, TK_BINARY_OP, TK_INT_CST, TK_FLOAT, TK_PI, TK_INFINITY, TK_DIFF, TK_MIN, TK_MAX, TK_INF, TK_MID, TK_SUP, TK_SIGN, TK_ABS, TK_SUM, TK_SQRT, TK_SQR, TK_POW, TK_EXPO, TK_LOG, TK_COS, TK_SIN, TK_TAN, TK_ACOS, TK_ASIN, TK_ATAN, TK_ATAN2, TK_COSH, TK_SINH, TK_TANH, TK_ACOSH, TK_ASINH, TK_ATANH, TK_FLOOR, TK_CEIL, TK_INTEGER, TK_CHI, TK_FOR, '<', '+', '-', '[', '(']
   46 decl_opt_ctrs: TK_CTRS • $@4 ctr_blk_list TK_END
   47              | TK_CTRS • semicolon_opt TK_END

    ';'  shift, and go to state 116

    TK_END    reduce using rule 34 (semicolon_opt)
    $default  reduce using rule 45 ($@4)

    semicolon_opt  go to state 321
    $@4            go to state 322


State 313

    5 system_or_func: TK_VARS decl_var_list ';' decl_opt_fncs decl_opt_goal decl_opt_ctrs •

    $default  reduce using rule 5 (system_or_func)


State 314

   37 fnc_input: TK_NEW_SYMBOL dimension •

    $default  reduce using rule 37 (fnc_input)


State 315

   35 fnc_inpt_list: fnc_inpt_list ',' • fnc_input
   37 fnc_input: • TK_NEW_SYMBOL dimension

    TK_NEW_SYMBOL  shift, and go to state 303

    fnc_input  go to state 323


State 316

   32 function: TK_FUNCTION $@3 TK_NEW_SYMBOL '(' fnc_inpt_list ')' • fnc_code TK_RETURN expr semicolon_opt TK_END
   38 fnc_code: • fnc_code fnc_assign ';'
   39         | ε •

    $default  reduce using rule 39 (fnc_code)

    fnc_code  go to state 324


State 317

   73 $@6: ε •
   74 expr: TK_SUM '(' TK_NEW_SYMBOL TK_EQU expr ':' expr ',' • $@6 expr ')'

    $default  reduce using rule 73 ($@6)

    $@6  go to state 325


State 318

   99 expr: TK_CHI '(' expr ',' expr ',' expr ')' •

    $default  reduce using rule 99 (expr)


State 319

   28 interval: • '[' expr ',' expr ']'
   48 ctr_blk_list: • ctr_blk_list1 semicolon_opt
   49             | • ctr_blk_list2 semicolon_opt
   50 ctr_blk_list1: • ctr_blk_list1 ';' ctr
   51              | • ctr_blk_list2 semicolon_opt ctr
   52              | • ctr
   53 ctr_blk_list2: • ctr_blk_list1 ';' ctr_loop
   54              | • ctr_blk_list2 semicolon_opt ctr_loop
   55              | • ctr_loop
   57 ctr_loop: • TK_FOR TK_NEW_SYMBOL TK_EQU expr ':' expr ';' $@5 ctr_blk_list TK_END
   57         | TK_FOR TK_NEW_SYMBOL TK_EQU expr ':' expr ';' $@5 • ctr_blk_list TK_END
   58 ctr: • expr TK_EQU expr
   59    | • expr TK_LEQ expr
   60    | • expr TK_GEQ expr
   61    | • expr '<' expr
   62    | • expr '>' expr
   63    | • expr TK_IN expr
   64    | • TK_INTEGER '(' expr ')'
   65    | • '(' ctr ')'
   66    | • TK_NEW_SYMBOL TK_EQU expr
   67 expr: • expr '+' expr
   68     | • expr '*' expr
   69     | • expr '-' expr
   70     | • expr '/' expr
   71     | • TK_MAX '(' expr_row ')'
   72     | • TK_MIN '(' expr_row ')'
   74     | • TK_SUM '(' TK_NEW_SYMBOL TK_EQU expr ':' expr ',' $@6 expr ')'
   75     | • TK_ATAN2 '(' expr ',' expr ')'
   76     | • '-' expr
   77     | • TK_ABS '(' expr ')'
   78     | • TK_SIGN '(' expr ')'
   79     | • expr '\''
   80     | • TK_SQRT '(' expr ')'
   81     | • TK_SQR '(' expr ')'
   82     | • TK_POW '(' expr ',' expr ')'
   83     | • TK_EXPO '(' expr ')'
   84     | • TK_LOG '(' expr ')'
   85     | • TK_COS '(' expr ')'
   86     | • TK_SIN '(' expr ')'
   87     | • TK_TAN '(' expr ')'
   88     | • TK_ACOS '(' expr ')'
   89     | • TK_ASIN '(' expr ')'
   90     | • TK_ATAN '(' expr ')'
   91     | • TK_COSH '(' expr ')'
   92     | • TK_SINH '(' expr ')'
   93     | • TK_TANH '(' expr ')'
   94     | • TK_ACOSH '(' expr ')'
   95     | • TK_ASINH '(' expr ')'
   96     | • TK_ATANH '(' expr ')'
   97     | • TK_FLOOR '(' expr ')'
   98     | • TK_CEIL '(' expr ')'
   99     | • TK_CHI '(' expr ',' expr ',' expr ')'
  100     | • '+' expr
  101     | • '(' expr ')'
  102     | • '<' expr ',' expr '>'
  103     | • expr '^' expr
  104     | • expr '[' expr_index ']'
  105     | • expr '(' expr_index ')'
  106     | • expr '(' expr_index ',' expr_index ')'
  107     | • '(' expr_row ')'
  108     | • '(' expr_col ')'
  109     | • TK_ENTITY
  110     | • TK_ITERATOR
  111     | • TK_EXPR_TMP_SYMBOL
  112     | • TK_CONSTANT
  113     | • TK_FUNC_SYMBOL '(' expr ')'
  114     | • TK_FUNC_SYMBOL '(' expr_row ')'
  115     | • TK_FLOAT
  116     | • TK_PI
  117     | • TK_INFINITY
  118     | • TK_INT_CST
  119     | • interval
  120     | • TK_INF '(' expr ')'
  121     | • TK_MID '(' expr ')'
  122     | • TK_SUP '(' expr ')'
  123     | • TK_DIFF '(' expr_row ')'
  124     | • TK_UNARY_OP '(' expr ')'
  125     | • TK_BINARY_OP '(' expr ',' expr ')'

    TK_CONSTANT         shift, and go to state 7
    TK_NEW_SYMBOL       shift, and go to state 8
    TK_FUNC_SYMBOL      shift, and go to state 9
    TK_EXPR_TMP_SYMBOL  shift, and go to state 10
    TK_ENTITY           shift, and go to state 11
    TK_ITERATOR         shift, and go to state 12
    TK_UNARY_OP         shift, and go to state 13
    TK_BINARY_OP        shift, and go to state 14
    TK_INT_CST          shift, and go to state 15
    TK_FLOAT            shift, and go to state 16
    TK_PI               shift, and go to state 17
    TK_INFINITY         shift, and go to state 18
    TK_DIFF             shift, and go to state 19
    TK_MIN              shift, and go to state 20
    TK_MAX              shift, and go to state 21
    TK_INF              shift, and go to state 22
    TK_MID              shift, and go to state 23
    TK_SUP              shift, and go to state 24
    TK_SIGN             shift, and go to state 25
    TK_ABS              shift, and go to state 26
    TK_SUM              shift, and go to state 27
    TK_SQRT             shift, and go to state 28
    TK_SQR              shift, and go to state 29
    TK_POW              shift, and go to state 30
    TK_EXPO             shift, and go to state 31
    TK_LOG              shift, and go to state 32
    TK_COS              shift, and go to state 33
    TK_SIN              shift, and go to state 34
    TK_TAN              shift, and go to state 35
    TK_ACOS             shift, and go to state 36
    TK_ASIN             shift, and go to state 37
    TK_ATAN             shift, and go to state 38
    TK_ATAN2            shift, and go to state 39
    TK_COSH             shift, and go to state 40
    TK_SINH             shift, and go to state 41
    TK_TANH             shift, and go to state 42
    TK_ACOSH            shift, and go to state 43
    TK_ASINH            shift, and go to state 44
    TK_ATANH            shift, and go to state 45
    TK_FLOOR            shift, and go to state 46
    TK_CEIL             shift, and go to state 47
    TK_INTEGER          shift, and go to state 48
    TK_CHI              shift, and go to state 49
    TK_FOR              shift, and go to state 50
    '<'                 shift, and go to state 51
    '+'                 shift, and go to state 52
    '-'                 shift, and go to state 53
    '['                 shift, and go to state 54
    '('                 shift, and go to state 55

    interval       go to state 57
    ctr_blk_list   go to state 326
    ctr_blk_list1  go to state 59
    ctr_blk_list2  go to state 60
    ctr_loop       go to state 61
    ctr            go to state 62
    expr           go to state 63


State 320

   43 decl_opt_goal: TK_MINIMIZE expr semicolon_opt •

    $default  reduce using rule 43 (decl_opt_goal)


State 321

   47 decl_opt_ctrs: TK_CTRS semicolon_opt • TK_END

    TK_END  shift, and go to state 327


State 322

   28 interval: • '[' expr ',' expr ']'
   46 decl_opt_ctrs: TK_CTRS $@4 • ctr_blk_list TK_END
   48 ctr_blk_list: • ctr_blk_list1 semicolon_opt
   49             | • ctr_blk_list2 semicolon_opt
   50 ctr_blk_list1: • ctr_blk_list1 ';' ctr
   51              | • ctr_blk_list2 semicolon_opt ctr
   52              | • ctr
   53 ctr_blk_list2: • ctr_blk_list1 ';' ctr_loop
   54              | • ctr_blk_list2 semicolon_opt ctr_loop
   55              | • ctr_loop
   57 ctr_loop: • TK_FOR TK_NEW_SYMBOL TK_EQU expr ':' expr ';' $@5 ctr_blk_list TK_END
   58 ctr: • expr TK_EQU expr
   59    | • expr TK_LEQ expr
   60    | • expr TK_GEQ expr
   61    | • expr '<' expr
   62    | • expr '>' expr
   63    | • expr TK_IN expr
   64    | • TK_INTEGER '(' expr ')'
   65    | • '(' ctr ')'
   66    | • TK_NEW_SYMBOL TK_EQU expr
   67 expr: • expr '+' expr
   68     | • expr '*' expr
   69     | • expr '-' expr
   70     | • expr '/' expr
   71     | • TK_MAX '(' expr_row ')'
   72     | • TK_MIN '(' expr_row ')'
   74     | • TK_SUM '(' TK_NEW_SYMBOL TK_EQU expr ':' expr ',' $@6 expr ')'
   75     | • TK_ATAN2 '(' expr ',' expr ')'
   76     | • '-' expr
   77     | • TK_ABS '(' expr ')'
   78     | • TK_SIGN '(' expr ')'
   79     | • expr '\''
   80     | • TK_SQRT '(' expr ')'
   81     | • TK_SQR '(' expr ')'
   82     | • TK_POW '(' expr ',' expr ')'
   83     | • TK_EXPO '(' expr ')'
   84     | • TK_LOG '(' expr ')'
   85     | • TK_COS '(' expr ')'
   86     | • TK_SIN '(' expr ')'
   87     | • TK_TAN '(' expr ')'
   88     | • TK_ACOS '(' expr ')'
   89     | • TK_ASIN '(' expr ')'
   90     | • TK_ATAN '(' expr ')'
   91     | • TK_COSH '(' expr ')'
   92     | • TK_SINH '(' expr ')'
   93     | • TK_TANH '(' expr ')'
   94     | • TK_ACOSH '(' expr ')'
   95     | • TK_ASINH '(' expr ')'
   96     | • TK_ATANH '(' expr ')'
   97     | • TK_FLOOR '(' expr ')'
   98     | • TK_CEIL '(' expr ')'
   99     | • TK_CHI '(' expr ',' expr ',' expr ')'
  100     | • '+' expr
  101     | • '(' expr ')'
  102     | • '<' expr ',' expr '>'
  103     | • expr '^' expr
  104     | • expr '[' expr_index ']'
  105     | • expr '(' expr_index ')'
  106     | • expr '(' expr_index ',' expr_index ')'
  107     | • '(' expr_row ')'
  108     | • '(' expr_col ')'
  109     | • TK_ENTITY
  110     | • TK_ITERATOR
  111     | • TK_EXPR_TMP_SYMBOL
  112     | • TK_CONSTANT
  113     | • TK_FUNC_SYMBOL '(' expr ')'
  114     | • TK_FUNC_SYMBOL '(' expr_row ')'
  115     | • TK_FLOAT
  116     | • TK_PI
  117     | • TK_INFINITY
  118     | • TK_INT_CST
  119     | • interval
  120     | • TK_INF '(' expr ')'
  121     | • TK_MID '(' expr ')'
  122     | • TK_SUP '(' expr ')'
  123     | • TK_DIFF '(' expr_row ')'
  124     | • TK_UNARY_OP '(' expr ')'
  125     | • TK_BINARY_OP '(' expr ',' expr ')'

    TK_CONSTANT         shift, and go to state 7
    TK_NEW_SYMBOL       shift, and go to state 8
    TK_FUNC_SYMBOL      shift, and go to state 9
    TK_EXPR_TMP_SYMBOL  shift, and go to state 10
    TK_ENTITY           shift, and go to state 11
    TK_ITERATOR         shift, and go to state 12
    TK_UNARY_OP         shift, and go to state 13
    TK_BINARY_OP        shift, and go to state 14
    TK_INT_CST          shift, and go to state 15
    TK_FLOAT            shift, and go to state 16
    TK_PI               shift, and go to state 17
    TK_INFINITY         shift, and go to state 18
    TK_DIFF             shift, and go to state 19
    TK_MIN              shift, and go to state 20
    TK_MAX              shift, and go to state 21
    TK_INF              shift, and go to state 22
    TK_MID              shift, and go to state 23
    TK_SUP              shift, and go to state 24
    TK_SIGN             shift, and go to state 25
    TK_ABS              shift, and go to state 26
    TK_SUM              shift, and go to state 27
    TK_SQRT             shift, and go to state 28
    TK_SQR              shift, and go to state 29
    TK_POW              shift, and go to state 30
    TK_EXPO             shift, and go to state 31
    TK_LOG              shift, and go to state 32
    TK_COS              shift, and go to state 33
    TK_SIN              shift, and go to state 34
    TK_TAN              shift, and go to state 35
    TK_ACOS             shift, and go to state 36
    TK_ASIN             shift, and go to state 37
    TK_ATAN             shift, and go to state 38
    TK_ATAN2            shift, and go to state 39
    TK_COSH             shift, and go to state 40
    TK_SINH             shift, and go to state 41
    TK_TANH             shift, and go to state 42
    TK_ACOSH            shift, and go to state 43
    TK_ASINH            shift, and go to state 44
    TK_ATANH            shift, and go to state 45
    TK_FLOOR            shift, and go to state 46
    TK_CEIL             shift, and go to state 47
    TK_INTEGER          shift, and go to state 48
    TK_CHI              shift, and go to state 49
    TK_FOR              shift, and go to state 50
    '<'                 shift, and go to state 51
    '+'                 shift, and go to state 52
    '-'                 shift, and go to state 53
    '['                 shift, and go to state 54
    '('                 shift, and go to state 55

    interval       go to state 57
    ctr_blk_list   go to state 328
    ctr_blk_list1  go to state 59
    ctr_blk_list2  go to state 60
    ctr_loop       go to state 61
    ctr            go to state 62
    expr           go to state 63


State 323

   35 fnc_inpt_list: fnc_inpt_list ',' fnc_input •

    $default  reduce using rule 35 (fnc_inpt_list)


State 324

   32 function: TK_FUNCTION $@3 TK_NEW_SYMBOL '(' fnc_inpt_list ')' fnc_code • TK_RETURN expr semicolon_opt TK_END
   38 fnc_code: fnc_code • fnc_assign ';'
   40 fnc_assign: • TK_NEW_SYMBOL TK_EQU expr
   41           | • TK_CONSTANT TK_EQU expr

    TK_CONSTANT    shift, and go to state 329
    TK_NEW_SYMBOL  shift, and go to state 330
    TK_RETURN      shift, and go to state 331

    fnc_assign  go to state 332


State 325

   28 interval: • '[' expr ',' expr ']'
   67 expr: • expr '+' expr
   68     | • expr '*' expr
   69     | • expr '-' expr
   70     | • expr '/' expr
   71     | • TK_MAX '(' expr_row ')'
   72     | • TK_MIN '(' expr_row ')'
   74     | • TK_SUM '(' TK_NEW_SYMBOL TK_EQU expr ':' expr ',' $@6 expr ')'
   74     | TK_SUM '(' TK_NEW_SYMBOL TK_EQU expr ':' expr ',' $@6 • expr ')'
   75     | • TK_ATAN2 '(' expr ',' expr ')'
   76     | • '-' expr
   77     | • TK_ABS '(' expr ')'
   78     | • TK_SIGN '(' expr ')'
   79     | • expr '\''
   80     | • TK_SQRT '(' expr ')'
   81     | • TK_SQR '(' expr ')'
   82     | • TK_POW '(' expr ',' expr ')'
   83     | • TK_EXPO '(' expr ')'
   84     | • TK_LOG '(' expr ')'
   85     | • TK_COS '(' expr ')'
   86     | • TK_SIN '(' expr ')'
   87     | • TK_TAN '(' expr ')'
   88     | • TK_ACOS '(' expr ')'
   89     | • TK_ASIN '(' expr ')'
   90     | • TK_ATAN '(' expr ')'
   91     | • TK_COSH '(' expr ')'
   92     | • TK_SINH '(' expr ')'
   93     | • TK_TANH '(' expr ')'
   94     | • TK_ACOSH '(' expr ')'
   95     | • TK_ASINH '(' expr ')'
   96     | • TK_ATANH '(' expr ')'
   97     | • TK_FLOOR '(' expr ')'
   98     | • TK_CEIL '(' expr ')'
   99     | • TK_CHI '(' expr ',' expr ',' expr ')'
  100     | • '+' expr
  101     | • '(' expr ')'
  102     | • '<' expr ',' expr '>'
  103     | • expr '^' expr
  104     | • expr '[' expr_index ']'
  105     | • expr '(' expr_index ')'
  106     | • expr '(' expr_index ',' expr_index ')'
  107     | • '(' expr_row ')'
  108     | • '(' expr_col ')'
  109     | • TK_ENTITY
  110     | • TK_ITERATOR
  111     | • TK_EXPR_TMP_SYMBOL
  112     | • TK_CONSTANT
  113     | • TK_FUNC_SYMBOL '(' expr ')'
  114     | • TK_FUNC_SYMBOL '(' expr_row ')'
  115     | • TK_FLOAT
  116     | • TK_PI
  117     | • TK_INFINITY
  118     | • TK_INT_CST
  119     | • interval
  120     | • TK_INF '(' expr ')'
  121     | • TK_MID '(' expr ')'
  122     | • TK_SUP '(' expr ')'
  123     | • TK_DIFF '(' expr_row ')'
  124     | • TK_UNARY_OP '(' expr ')'
  125     | • TK_BINARY_OP '(' expr ',' expr ')'

    TK_CONSTANT         shift, and go to state 7
    TK_FUNC_SYMBOL      shift, and go to state 9
    TK_EXPR_TMP_SYMBOL  shift, and go to state 10
    TK_ENTITY           shift, and go to state 11
    TK_ITERATOR         shift, and go to state 12
    TK_UNARY_OP         shift, and go to state 13
    TK_BINARY_OP        shift, and go to state 14
    TK_INT_CST          shift, and go to state 15
    TK_FLOAT            shift, and go to state 16
    TK_PI               shift, and go to state 17
    TK_INFINITY         shift, and go to state 18
    TK_DIFF             shift, and go to state 19
    TK_MIN              shift, and go to state 20
    TK_MAX              shift, and go to state 21
    TK_INF              shift, and go to state 22
    TK_MID              shift, and go to state 23
    TK_SUP              shift, and go to state 24
    TK_SIGN             shift, and go to state 25
    TK_ABS              shift, and go to state 26
    TK_SUM              shift, and go to state 27
    TK_SQRT             shift, and go to state 28
    TK_SQR              shift, and go to state 29
    TK_POW              shift, and go to state 30
    TK_EXPO             shift, and go to state 31
    TK_LOG              shift, and go to state 32
    TK_COS              shift, and go to state 33
    TK_SIN              shift, and go to state 34
    TK_TAN              shift, and go to state 35
    TK_ACOS             shift, and go to state 36
    TK_ASIN             shift, and go to state 37
    TK_ATAN             shift, and go to state 38
    TK_ATAN2            shift, and go to state 39
    TK_COSH             shift, and go to state 40
    TK_SINH             shift, and go to state 41
    TK_TANH             shift, and go to state 42
    TK_ACOSH            shift, and go to state 43
    TK_ASINH            shift, and go to state 44
    TK_ATANH            shift, and go to state 45
    TK_FLOOR            shift, and go to state 46
    TK_CEIL             shift, and go to state 47
    TK_CHI              shift, and go to state 49
    '<'                 shift, and go to state 51
    '+'                 shift, and go to state 52
    '-'                 shift, and go to state 53
    '['                 shift, and go to state 54
    '('                 shift, and go to state 105

    interval  go to state 57
    expr      go to state 333


State 326

   57 ctr_loop: TK_FOR TK_NEW_SYMBOL TK_EQU expr ':' expr ';' $@5 ctr_blk_list • TK_END

    TK_END  shift, and go to state 334


State 327

   47 decl_opt_ctrs: TK_CTRS semicolon_opt TK_END •

    $default  reduce using rule 47 (decl_opt_ctrs)


State 328

   46 decl_opt_ctrs: TK_CTRS $@4 ctr_blk_list • TK_END

    TK_END  shift, and go to state 335


State 329

   41 fnc_assign: TK_CONSTANT • TK_EQU expr

    TK_EQU  shift, and go to state 336


State 330

   40 fnc_assign: TK_NEW_SYMBOL • TK_EQU expr

    TK_EQU  shift, and go to state 337


State 331

   28 interval: • '[' expr ',' expr ']'
   32 function: TK_FUNCTION $@3 TK_NEW_SYMBOL '(' fnc_inpt_list ')' fnc_code TK_RETURN • expr semicolon_opt TK_END
   67 expr: • expr '+' expr
   68     | • expr '*' expr
   69     | • expr '-' expr
   70     | • expr '/' expr
   71     | • TK_MAX '(' expr_row ')'
   72     | • TK_MIN '(' expr_row ')'
   74     | • TK_SUM '(' TK_NEW_SYMBOL TK_EQU expr ':' expr ',' $@6 expr ')'
   75     | • TK_ATAN2 '(' expr ',' expr ')'
   76     | • '-' expr
   77     | • TK_ABS '(' expr ')'
   78     | • TK_SIGN '(' expr ')'
   79     | • expr '\''
   80     | • TK_SQRT '(' expr ')'
   81     | • TK_SQR '(' expr ')'
   82     | • TK_POW '(' expr ',' expr ')'
   83     | • TK_EXPO '(' expr ')'
   84     | • TK_LOG '(' expr ')'
   85     | • TK_COS '(' expr ')'
   86     | • TK_SIN '(' expr ')'
   87     | • TK_TAN '(' expr ')'
   88     | • TK_ACOS '(' expr ')'
   89     | • TK_ASIN '(' expr ')'
   90     | • TK_ATAN '(' expr ')'
   91     | • TK_COSH '(' expr ')'
   92     | • TK_SINH '(' expr ')'
   93     | • TK_TANH '(' expr ')'
   94     | • TK_ACOSH '(' expr ')'
   95     | • TK_ASINH '(' expr ')'
   96     | • TK_ATANH '(' expr ')'
   97     | • TK_FLOOR '(' expr ')'
   98     | • TK_CEIL '(' expr ')'
   99     | • TK_CHI '(' expr ',' expr ',' expr ')'
  100     | • '+' expr
  101     | • '(' expr ')'
  102     | • '<' expr ',' expr '>'
  103     | • expr '^' expr
  104     | • expr '[' expr_index ']'
  105     | • expr '(' expr_index ')'
  106     | • expr '(' expr_index ',' expr_index ')'
  107     | • '(' expr_row ')'
  108     | • '(' expr_col ')'
  109     | • TK_ENTITY
  110     | • TK_ITERATOR
  111     | • TK_EXPR_TMP_SYMBOL
  112     | • TK_CONSTANT
  113     | • TK_FUNC_SYMBOL '(' expr ')'
  114     | • TK_FUNC_SYMBOL '(' expr_row ')'
  115     | • TK_FLOAT
  116     | • TK_PI
  117     | • TK_INFINITY
  118     | • TK_INT_CST
  119     | • interval
  120     | • TK_INF '(' expr ')'
  121     | • TK_MID '(' expr ')'
  122     | • TK_SUP '(' expr ')'
  123     | • TK_DIFF '(' expr_row ')'
  124     | • TK_UNARY_OP '(' expr ')'
  125     | • TK_BINARY_OP '(' expr ',' expr ')'

    TK_CONSTANT         shift, and go to state 7
    TK_FUNC_SYMBOL      shift, and go to state 9
    TK_EXPR_TMP_SYMBOL  shift, and go to state 10
    TK_ENTITY           shift, and go to state 11
    TK_ITERATOR         shift, and go to state 12
    TK_UNARY_OP         shift, and go to state 13
    TK_BINARY_OP        shift, and go to state 14
    TK_INT_CST          shift, and go to state 15
    TK_FLOAT            shift, and go to state 16
    TK_PI               shift, and go to state 17
    TK_INFINITY         shift, and go to state 18
    TK_DIFF             shift, and go to state 19
    TK_MIN              shift, and go to state 20
    TK_MAX              shift, and go to state 21
    TK_INF              shift, and go to state 22
    TK_MID              shift, and go to state 23
    TK_SUP              shift, and go to state 24
    TK_SIGN             shift, and go to state 25
    TK_ABS              shift, and go to state 26
    TK_SUM              shift, and go to state 27
    TK_SQRT             shift, and go to state 28
    TK_SQR              shift, and go to state 29
    TK_POW              shift, and go to state 30
    TK_EXPO             shift, and go to state 31
    TK_LOG              shift, and go to state 32
    TK_COS              shift, and go to state 33
    TK_SIN              shift, and go to state 34
    TK_TAN              shift, and go to state 35
    TK_ACOS             shift, and go to state 36
    TK_ASIN             shift, and go to state 37
    TK_ATAN             shift, and go to state 38
    TK_ATAN2            shift, and go to state 39
    TK_COSH             shift, and go to state 40
    TK_SINH             shift, and go to state 41
    TK_TANH             shift, and go to state 42
    TK_ACOSH            shift, and go to state 43
    TK_ASINH            shift, and go to state 44
    TK_ATANH            shift, and go to state 45
    TK_FLOOR            shift, and go to state 46
    TK_CEIL             shift, and go to state 47
    TK_CHI              shift, and go to state 49
    '<'                 shift, and go to state 51
    '+'                 shift, and go to state 52
    '-'                 shift, and go to state 53
    '['                 shift, and go to state 54
    '('                 shift, and go to state 105

    interval  go to state 57
    expr      go to state 338


State 332

   38 fnc_code: fnc_code fnc_assign • ';'

    ';'  shift, and go to state 339


State 333

   67 expr: expr • '+' expr
   68     | expr • '*' expr
   69     | expr • '-' expr
   70     | expr • '/' expr
   74     | TK_SUM '(' TK_NEW_SYMBOL TK_EQU expr ':' expr ',' $@6 expr • ')'
   79     | expr • '\''
  103     | expr • '^' expr
  104     | expr • '[' expr_index ']'
  105     | expr • '(' expr_index ')'
  106     | expr • '(' expr_index ',' expr_index ')'

    '+'   shift, and go to state 124
    '-'   shift, and go to state 125
    '*'   shift, and go to state 126
    '/'   shift, and go to state 127
    '^'   shift, and go to state 128
    '\''  shift, and go to state 129
    '['   shift, and go to state 130
    '('   shift, and go to state 131
    ')'   shift, and go to state 340


State 334

   57 ctr_loop: TK_FOR TK_NEW_SYMBOL TK_EQU expr ':' expr ';' $@5 ctr_blk_list TK_END •

    $default  reduce using rule 57 (ctr_loop)


State 335

   46 decl_opt_ctrs: TK_CTRS $@4 ctr_blk_list TK_END •

    $default  reduce using rule 46 (decl_opt_ctrs)


State 336

   28 interval: • '[' expr ',' expr ']'
   41 fnc_assign: TK_CONSTANT TK_EQU • expr
   67 expr: • expr '+' expr
   68     | • expr '*' expr
   69     | • expr '-' expr
   70     | • expr '/' expr
   71     | • TK_MAX '(' expr_row ')'
   72     | • TK_MIN '(' expr_row ')'
   74     | • TK_SUM '(' TK_NEW_SYMBOL TK_EQU expr ':' expr ',' $@6 expr ')'
   75     | • TK_ATAN2 '(' expr ',' expr ')'
   76     | • '-' expr
   77     | • TK_ABS '(' expr ')'
   78     | • TK_SIGN '(' expr ')'
   79     | • expr '\''
   80     | • TK_SQRT '(' expr ')'
   81     | • TK_SQR '(' expr ')'
   82     | • TK_POW '(' expr ',' expr ')'
   83     | • TK_EXPO '(' expr ')'
   84     | • TK_LOG '(' expr ')'
   85     | • TK_COS '(' expr ')'
   86     | • TK_SIN '(' expr ')'
   87     | • TK_TAN '(' expr ')'
   88     | • TK_ACOS '(' expr ')'
   89     | • TK_ASIN '(' expr ')'
   90     | • TK_ATAN '(' expr ')'
   91     | • TK_COSH '(' expr ')'
   92     | • TK_SINH '(' expr ')'
   93     | • TK_TANH '(' expr ')'
   94     | • TK_ACOSH '(' expr ')'
   95     | • TK_ASINH '(' expr ')'
   96     | • TK_ATANH '(' expr ')'
   97     | • TK_FLOOR '(' expr ')'
   98     | • TK_CEIL '(' expr ')'
   99     | • TK_CHI '(' expr ',' expr ',' expr ')'
  100     | • '+' expr
  101     | • '(' expr ')'
  102     | • '<' expr ',' expr '>'
  103     | • expr '^' expr
  104     | • expr '[' expr_index ']'
  105     | • expr '(' expr_index ')'
  106     | • expr '(' expr_index ',' expr_index ')'
  107     | • '(' expr_row ')'
  108     | • '(' expr_col ')'
  109     | • TK_ENTITY
  110     | • TK_ITERATOR
  111     | • TK_EXPR_TMP_SYMBOL
  112     | • TK_CONSTANT
  113     | • TK_FUNC_SYMBOL '(' expr ')'
  114     | • TK_FUNC_SYMBOL '(' expr_row ')'
  115     | • TK_FLOAT
  116     | • TK_PI
  117     | • TK_INFINITY
  118     | • TK_INT_CST
  119     | • interval
  120     | • TK_INF '(' expr ')'
  121     | • TK_MID '(' expr ')'
  122     | • TK_SUP '(' expr ')'
  123     | • TK_DIFF '(' expr_row ')'
  124     | • TK_UNARY_OP '(' expr ')'
  125     | • TK_BINARY_OP '(' expr ',' expr ')'

    TK_CONSTANT         shift, and go to state 7
    TK_FUNC_SYMBOL      shift, and go to state 9
    TK_EXPR_TMP_SYMBOL  shift, and go to state 10
    TK_ENTITY           shift, and go to state 11
    TK_ITERATOR         shift, and go to state 12
    TK_UNARY_OP         shift, and go to state 13
    TK_BINARY_OP        shift, and go to state 14
    TK_INT_CST          shift, and go to state 15
    TK_FLOAT            shift, and go to state 16
    TK_PI               shift, and go to state 17
    TK_INFINITY         shift, and go to state 18
    TK_DIFF             shift, and go to state 19
    TK_MIN              shift, and go to state 20
    TK_MAX              shift, and go to state 21
    TK_INF              shift, and go to state 22
    TK_MID              shift, and go to state 23
    TK_SUP              shift, and go to state 24
    TK_SIGN             shift, and go to state 25
    TK_ABS              shift, and go to state 26
    TK_SUM              shift, and go to state 27
    TK_SQRT             shift, and go to state 28
    TK_SQR              shift, and go to state 29
    TK_POW              shift, and go to state 30
    TK_EXPO             shift, and go to state 31
    TK_LOG              shift, and go to state 32
    TK_COS              shift, and go to state 33
    TK_SIN              shift, and go to state 34
    TK_TAN              shift, and go to state 35
    TK_ACOS             shift, and go to state 36
    TK_ASIN             shift, and go to state 37
    TK_ATAN             shift, and go to state 38
    TK_ATAN2            shift, and go to state 39
    TK_COSH             shift, and go to state 40
    TK_SINH             shift, and go to state 41
    TK_TANH             shift, and go to state 42
    TK_ACOSH            shift, and go to state 43
    TK_ASINH            shift, and go to state 44
    TK_ATANH            shift, and go to state 45
    TK_FLOOR            shift, and go to state 46
    TK_CEIL             shift, and go to state 47
    TK_CHI              shift, and go to state 49
    '<'                 shift, and go to state 51
    '+'                 shift, and go to state 52
    '-'                 shift, and go to state 53
    '['                 shift, and go to state 54
    '('                 shift, and go to state 105

    interval  go to state 57
    expr      go to state 341


State 337

   28 interval: • '[' expr ',' expr ']'
   40 fnc_assign: TK_NEW_SYMBOL TK_EQU • expr
   67 expr: • expr '+' expr
   68     | • expr '*' expr
   69     | • expr '-' expr
   70     | • expr '/' expr
   71     | • TK_MAX '(' expr_row ')'
   72     | • TK_MIN '(' expr_row ')'
   74     | • TK_SUM '(' TK_NEW_SYMBOL TK_EQU expr ':' expr ',' $@6 expr ')'
   75     | • TK_ATAN2 '(' expr ',' expr ')'
   76     | • '-' expr
   77     | • TK_ABS '(' expr ')'
   78     | • TK_SIGN '(' expr ')'
   79     | • expr '\''
   80     | • TK_SQRT '(' expr ')'
   81     | • TK_SQR '(' expr ')'
   82     | • TK_POW '(' expr ',' expr ')'
   83     | • TK_EXPO '(' expr ')'
   84     | • TK_LOG '(' expr ')'
   85     | • TK_COS '(' expr ')'
   86     | • TK_SIN '(' expr ')'
   87     | • TK_TAN '(' expr ')'
   88     | • TK_ACOS '(' expr ')'
   89     | • TK_ASIN '(' expr ')'
   90     | • TK_ATAN '(' expr ')'
   91     | • TK_COSH '(' expr ')'
   92     | • TK_SINH '(' expr ')'
   93     | • TK_TANH '(' expr ')'
   94     | • TK_ACOSH '(' expr ')'
   95     | • TK_ASINH '(' expr ')'
   96     | • TK_ATANH '(' expr ')'
   97     | • TK_FLOOR '(' expr ')'
   98     | • TK_CEIL '(' expr ')'
   99     | • TK_CHI '(' expr ',' expr ',' expr ')'
  100     | • '+' expr
  101     | • '(' expr ')'
  102     | • '<' expr ',' expr '>'
  103     | • expr '^' expr
  104     | • expr '[' expr_index ']'
  105     | • expr '(' expr_index ')'
  106     | • expr '(' expr_index ',' expr_index ')'
  107     | • '(' expr_row ')'
  108     | • '(' expr_col ')'
  109     | • TK_ENTITY
  110     | • TK_ITERATOR
  111     | • TK_EXPR_TMP_SYMBOL
  112     | • TK_CONSTANT
  113     | • TK_FUNC_SYMBOL '(' expr ')'
  114     | • TK_FUNC_SYMBOL '(' expr_row ')'
  115     | • TK_FLOAT
  116     | • TK_PI
  117     | • TK_INFINITY
  118     | • TK_INT_CST
  119     | • interval
  120     | • TK_INF '(' expr ')'
  121     | • TK_MID '(' expr ')'
  122     | • TK_SUP '(' expr ')'
  123     | • TK_DIFF '(' expr_row ')'
  124     | • TK_UNARY_OP '(' expr ')'
  125     | • TK_BINARY_OP '(' expr ',' expr ')'

    TK_CONSTANT         shift, and go to state 7
    TK_FUNC_SYMBOL      shift, and go to state 9
    TK_EXPR_TMP_SYMBOL  shift, and go to state 10
    TK_ENTITY           shift, and go to state 11
    TK_ITERATOR         shift, and go to state 12
    TK_UNARY_OP         shift, and go to state 13
    TK_BINARY_OP        shift, and go to state 14
    TK_INT_CST          shift, and go to state 15
    TK_FLOAT            shift, and go to state 16
    TK_PI               shift, and go to state 17
    TK_INFINITY         shift, and go to state 18
    TK_DIFF             shift, and go to state 19
    TK_MIN              shift, and go to state 20
    TK_MAX              shift, and go to state 21
    TK_INF              shift, and go to state 22
    TK_MID              shift, and go to state 23
    TK_SUP              shift, and go to state 24
    TK_SIGN             shift, and go to state 25
    TK_ABS              shift, and go to state 26
    TK_SUM              shift, and go to state 27
    TK_SQRT             shift, and go to state 28
    TK_SQR              shift, and go to state 29
    TK_POW              shift, and go to state 30
    TK_EXPO             shift, and go to state 31
    TK_LOG              shift, and go to state 32
    TK_COS              shift, and go to state 33
    TK_SIN              shift, and go to state 34
    TK_TAN              shift, and go to state 35
    TK_ACOS             shift, and go to state 36
    TK_ASIN             shift, and go to state 37
    TK_ATAN             shift, and go to state 38
    TK_ATAN2            shift, and go to state 39
    TK_COSH             shift, and go to state 40
    TK_SINH             shift, and go to state 41
    TK_TANH             shift, and go to state 42
    TK_ACOSH            shift, and go to state 43
    TK_ASINH            shift, and go to state 44
    TK_ATANH            shift, and go to state 45
    TK_FLOOR            shift, and go to state 46
    TK_CEIL             shift, and go to state 47
    TK_CHI              shift, and go to state 49
    '<'                 shift, and go to state 51
    '+'                 shift, and go to state 52
    '-'                 shift, and go to state 53
    '['                 shift, and go to state 54
    '('                 shift, and go to state 105

    interval  go to state 57
    expr      go to state 342


State 338

   32 function: TK_FUNCTION $@3 TK_NEW_SYMBOL '(' fnc_inpt_list ')' fnc_code TK_RETURN expr • semicolon_opt TK_END
   33 semicolon_opt: • ';'
   34              | ε •  [TK_END]
   67 expr: expr • '+' expr
   68     | expr • '*' expr
   69     | expr • '-' expr
   70     | expr • '/' expr
   79     | expr • '\''
  103     | expr • '^' expr
  104     | expr • '[' expr_index ']'
  105     | expr • '(' expr_index ')'
  106     | expr • '(' expr_index ',' expr_index ')'

    '+'   shift, and go to state 124
    '-'   shift, and go to state 125
    '*'   shift, and go to state 126
    '/'   shift, and go to state 127
    '^'   shift, and go to state 128
    '\''  shift, and go to state 129
    '['   shift, and go to state 130
    '('   shift, and go to state 131
    ';'   shift, and go to state 116

    $default  reduce using rule 34 (semicolon_opt)

    semicolon_opt  go to state 343


State 339

   38 fnc_code: fnc_code fnc_assign ';' •

    $default  reduce using rule 38 (fnc_code)


State 340

   74 expr: TK_SUM '(' TK_NEW_SYMBOL TK_EQU expr ':' expr ',' $@6 expr ')' •

    $default  reduce using rule 74 (expr)


State 341

   41 fnc_assign: TK_CONSTANT TK_EQU expr •  [';']
   67 expr: expr • '+' expr
   68     | expr • '*' expr
   69     | expr • '-' expr
   70     | expr • '/' expr
   79     | expr • '\''
  103     | expr • '^' expr
  104     | expr • '[' expr_index ']'
  105     | expr • '(' expr_index ')'
  106     | expr • '(' expr_index ',' expr_index ')'

    '+'   shift, and go to state 124
    '-'   shift, and go to state 125
    '*'   shift, and go to state 126
    '/'   shift, and go to state 127
    '^'   shift, and go to state 128
    '\''  shift, and go to state 129
    '['   shift, and go to state 130
    '('   shift, and go to state 131

    $default  reduce using rule 41 (fnc_assign)


State 342

   40 fnc_assign: TK_NEW_SYMBOL TK_EQU expr •  [';']
   67 expr: expr • '+' expr
   68     | expr • '*' expr
   69     | expr • '-' expr
   70     | expr • '/' expr
   79     | expr • '\''
  103     | expr • '^' expr
  104     | expr • '[' expr_index ']'
  105     | expr • '(' expr_index ')'
  106     | expr • '(' expr_index ',' expr_index ')'

    '+'   shift, and go to state 124
    '-'   shift, and go to state 125
    '*'   shift, and go to state 126
    '/'   shift, and go to state 127
    '^'   shift, and go to state 128
    '\''  shift, and go to state 129
    '['   shift, and go to state 130
    '('   shift, and go to state 131

    $default  reduce using rule 40 (fnc_assign)


State 343

   32 function: TK_FUNCTION $@3 TK_NEW_SYMBOL '(' fnc_inpt_list ')' fnc_code TK_RETURN expr semicolon_opt • TK_END

    TK_END  shift, and go to state 344


State 344

   32 function: TK_FUNCTION $@3 TK_NEW_SYMBOL '(' fnc_inpt_list ')' fnc_code TK_RETURN expr semicolon_opt TK_END •

    $default  reduce using rule 32 (function)
